Record_ID,Operator_Name,Installation_ID,Time,Solar_Irradiance,Panel_Temperature,Ambient_Temperature,Cloud_Cover,Humidity,Wind_Speed,Rainfall,Dust_Level,Panel_Efficiency,Inverter_Efficiency,Solar_Power_Output
100001,Priya,INST-1409,23:30,0,19.8,21.3,39.6,75.6,8.2,0,17.7,17.19,92.66,0
100002,Ravi,INST-4257,22:45,0,33.4,32.1,37.6,20.5,12.1,0,20.9,19.04,93.09,0.18
100003,Meena,INST-2674,2:45,0,38.8,38.3,27.7,80.5,10.9,0,16.1,22.84,94.65,0.02
100004,Meena,INST-4150,22:00,0,22.6,23.5,23.7,26,3.5,0,3,18.67,96.45,0
100005,Meena,INST-6820,6:30,7.3,20.3,19.7,63.2,60.1,3.7,11.6,8.1,22.55,96.82,0
100006,Meena,INST-1916,7:00,98.6,22.1,19.6,72.5,62.5,10.8,5.3,15,22.31,96.5,0.05
100007,Arun,INST-5040,23:30,0,28.6,28.3,79.8,47.1,15,3.5,14.8,21.53,98.03,0
100008,Arun,INST-7916,19:00,0,32.2,32.3,50.8,38.9,8.3,23.6,20.4,17.69,98.19,0.1
100009,Meena,INST-2827,9:45,603.4,41.2,35.3,14.2,92.9,11.4,0,15.2,17.64,96.38,1.08
100010,Kumar,INST-3504,11:15,586.3,33.6,30.7,48.5,44.3,0.3,23.2,26.4,21.99,94.15,0.88
100011,Priya,INST-2403,23:45,0,41.6,41.5,85.3,29.4,9.9,23.7,5,20.17,96.25,0.19
100012,Kumar,INST-6107,12:30,672.1,25.4,20.9,39.4,45.4,8.8,0,6.9,18.32,92.5,1.15
100013,Kumar,INST-2104,1:30,0,24.4,23.7,25.7,36.1,2,0,28.1,20.43,95.31,0.11
100014,Akash,INST-4119,3:00,0,26.1,26.5,72.7,84.8,0.8,16.3,19.4,17.36,97.1,0.12
100015,Priya,INST-5073,6:15,0,22.3,22.4,48.3,85.6,1.1,20.2,25.7,17.59,96.57,0.02
100016,Ravi,INST-2528,7:15,179.2,41.9,38.8,36.6,32.3,0,0,11.7,22.56,97.5,0.29
100017,Divya,INST-3536,6:30,0,33.9,35.7,19.6,43.5,0.8,0,14.3,22.52,95.72,0
100018,Priya,INST-4044,2:00,0,22.1,23.6,74,86.8,3.7,14.9,18.6,19.52,96.09,0.01
100019,John,INST-4346,21:30,0,28.2,27.5,39.1,42.5,4.7,0,22.6,17.44,95.21,0.2
100020,Priya,INST-2200,17:15,145.9,25.9,26.4,45.5,38.3,4.3,11,16.3,18.82,98.89,0.37
100021,Ravi,INST-5905,21:00,0,19.7,21.2,95.1,28,8.3,6.8,18.1,21.31,93.43,0.05
100022,John,INST-9280,15:30,240.8,21.9,20.2,81.5,40.8,0.1,19.3,19.1,18.57,97.19,0.41
100023,Akash,INST-1158,3:00,0,33.2,34.6,95.6,22.7,5.5,13.8,12.9,17.25,94.55,0.17
100024,Ravi,INST-6862,6:15,0,32.9,31.4,60,93,11.2,23.1,7.1,17.98,97.6,0
100025,Akash,INST-1406,5:30,0,28.6,27.9,82.6,75.1,3.7,4,21,19.3,92.27,0
100026,Kumar,INST-8541,11:30,386.3,27.2,23.4,73.8,49.9,4.2,1.7,23.2,19.11,95.57,0.7
100027,Meena,INST-1452,3:30,0,40.2,41.1,34.3,28.1,6.5,0,21.9,18.88,96.24,0
100028,Akash,INST-4114,8:00,214.3,42.2,40.2,63.8,74,11.1,16.8,10.9,17.42,96.65,0.27
100029,Meena,INST-3041,23:30,0,33.3,34,60.6,72.3,8.3,4.8,19.9,19.27,97.24,0
100030,John,INST-7653,17:00,188.2,38.9,36.9,27.3,44.2,6.6,0,20.3,20.07,97.56,0.52
100031,Arun,INST-2389,9:30,675.7,28.5,23.6,8.4,80.5,2.2,0,1.4,22.9,96.28,1.59
100032,Divya,INST-7790,20:15,0,26.8,27.2,77.5,31.1,10.3,22.3,25.8,22.31,97.45,0
100033,Divya,INST-1822,17:15,65.6,21.6,21.2,82.6,59.8,8.4,7.9,22.7,19.66,97.71,0.27
100034,Akash,INST-9976,14:15,382,26.4,24.2,66.9,67.8,11.5,13,18.8,18.65,92.54,0.51
100035,John,INST-6502,10:00,765.4,41.9,34.7,12.5,24.8,6.1,0,16.3,19.49,93.45,1.25
100036,Ravi,INST-7232,15:00,199.1,30.6,27.4,84.8,82.7,8.1,18.4,24,22.39,95.42,0.28
100037,Divya,INST-1475,12:30,510.3,41,35.4,60.2,89,14.7,13.4,27.2,20.55,96.64,0.71
100038,Akash,INST-3223,14:15,828.5,29.3,23.1,4.5,77.1,5.7,0,22.6,21.99,93.77,1.35
100039,Ravi,INST-9837,1:30,0,21.5,19.6,37.9,23,0.5,0,7.4,22.04,96.35,0
100040,Divya,INST-2874,18:15,0,27.3,26.9,41.9,92.3,10.8,19.4,4.9,18.87,96.05,0.17
100041,Akash,INST-7498,22:15,0,35.1,34.6,26.1,27.6,11.6,0,25.5,20.6,92.85,0.19
100042,Ravi,INST-6688,17:45,113.2,32.5,33.5,59.5,51.5,7.4,10.8,10.9,22.35,95.22,0.09
100043,Arun,INST-9548,20:30,0,41.2,40.1,69.3,54.9,12.4,14.8,9.7,18.47,98.54,0
100044,Divya,INST-4995,14:45,647.3,31.1,25.8,30.3,46.6,3.9,0,8.4,20.58,98.16,1.27
100045,Kumar,INST-2402,7:45,174.3,36.6,34.6,44,56.8,11.9,2.3,6.6,21.15,94.14,0.37
100046,Divya,INST-9698,11:45,245.9,28.3,26.4,89.7,43,3.5,18,9.5,21.46,98.66,0.57
100047,Kumar,INST-4545,23:45,0,33.2,32.2,42.1,64.8,14.7,20.8,8.9,19.17,94.12,0.08
100048,Arun,INST-5494,1:00,0,33.2,34.7,64.3,85.1,7.4,21.8,17.2,19.82,95.08,0
100049,Ravi,INST-5136,15:00,267.1,22.5,19.8,74,24,2.2,14.1,9.1,22.96,92.83,0.65
100050,Kumar,INST-9561,12:45,310.5,34.4,32.1,81.8,62.6,0.9,24,3,21.58,96.38,0.54
100051,Priya,INST-3573,7:15,137.9,29.7,27.8,49.7,55.2,0.5,7.2,8.5,22.16,92.5,0.16
100052,John,INST-4241,13:00,577.3,45.9,39.8,49,25.4,2.5,7.7,22.5,20.42,94.02,0.83
100053,John,INST-7594,8:45,339.8,43.1,39.3,39.4,65.3,0.4,0,6.9,21.05,98.02,0.71
100054,Ravi,INST-5415,18:00,0,30.2,30.5,68.7,40.9,15,10.9,24.4,22.81,95.29,0
100055,Meena,INST-2713,5:30,0,30.5,29.9,52.9,50,11.4,0.9,2.6,18.51,92.81,0.11
100056,Ravi,INST-9889,14:45,831.6,39.9,32.9,4.9,53.2,0.8,0,8,17.79,94.02,1.49
100057,Divya,INST-2989,0:15,0,23.5,25.5,76.8,50.6,3.4,21,3.4,22.68,96.53,0
100058,John,INST-9337,22:30,0,29.5,29.6,53.2,54.3,2.2,4.8,18,21.48,92.96,0
100059,Akash,INST-6568,16:30,183.6,27,25.2,73.8,94.9,7.3,3.7,16.2,19.07,95.86,0.33
100060,Divya,INST-6272,6:15,0,34.8,36.6,51.5,75.9,10.6,20.3,11.6,20.98,97.75,0.19
100061,Divya,INST-1606,4:30,0,38.7,39,89.6,59.4,6.9,18.1,12.3,20.93,93.08,0
100062,John,INST-6546,19:45,0,39.9,38.4,72,84.5,5.7,7.9,21.6,21.56,98.11,0
100063,Priya,INST-4846,20:30,0,35.7,35.9,99.8,27.4,9.5,21.8,13.3,21.16,98.32,0
100064,Ravi,INST-5806,11:30,643.7,34,27.9,38.8,33.5,2.6,0,18.3,19.3,96.78,1.09
100065,Arun,INST-4804,14:30,574.2,44.2,39.6,41.4,41.6,8.2,1.8,28.4,22.93,94.09,1.25
100066,John,INST-8484,9:15,191.2,21.7,20.6,89.9,46.9,4.4,17.5,0.7,21.98,94.77,0.2
100067,Ravi,INST-9138,9:15,379.3,36.9,33.3,54.6,70.8,10.8,16.5,25.2,20.77,98.32,0.74
100068,John,INST-8222,1:30,0,19.3,20.2,78.6,76.1,2.6,3.3,16.2,22.83,95.72,0.17
100069,Arun,INST-5210,15:30,304.7,25.2,20.8,67.2,30.6,14.5,21.5,21.7,22.88,98.77,0.74
100070,Meena,INST-2479,12:00,786.6,34.4,26.8,23.8,39.7,5.7,0,19.2,19.23,96.72,1.31
100071,Meena,INST-4626,20:00,0,29.9,29.1,70.8,68.7,1.8,1.1,1.1,22.98,92.81,0
100072,Arun,INST-7367,14:30,440.3,44,40.7,60.3,75.7,2.3,10.4,3,19.94,94.86,1
100073,Ravi,INST-7070,6:45,0,28.6,26.7,40,47.6,13.5,16.1,1.8,18.66,98.78,0.18
100074,Divya,INST-2501,21:15,0,30.4,32.3,71.3,79,3.7,3.1,16.9,17.41,97.36,0
100075,Kumar,INST-4817,10:15,357.6,29.6,24.7,71,94.1,8.1,20,3.3,22.2,92.92,0.67
100076,Kumar,INST-6304,0:15,0,20.7,21,41.2,28.5,1,11.2,10.9,20.56,95.16,0
100077,Ravi,INST-9543,9:45,347.2,46.2,42,57.9,52,1.6,17.8,13.3,22.4,94.25,0.54
100078,Arun,INST-5505,19:30,0,31.5,32.3,50.5,57.9,6.5,19.8,3.4,20.93,98.14,0.02
100079,Kumar,INST-8046,14:15,610.3,33.6,27.6,37.2,43.4,4.7,0,7.6,22.72,96.81,1.28
100080,Priya,INST-2398,2:45,0,37,35.7,27.7,61.7,8.8,0,16.8,18.98,92.86,0
100081,Akash,INST-1842,9:30,523.7,28.1,23.1,31.6,36.8,1.6,0,25.4,19.21,97.34,0.88
100082,Akash,INST-1430,19:30,0,25.6,24.6,22.3,89.1,5.3,0,5.4,17.86,96.6,0
100083,Ravi,INST-2503,23:15,0,27.5,28.9,50.1,43.4,4.9,23.5,17.9,22.3,93.09,0.1
100084,Ravi,INST-2336,8:45,251.2,29.8,28.6,59.6,76.6,1.7,10.7,8.5,21.07,95.41,0.55
100085,Ravi,INST-4612,12:00,986.3,29.8,23.1,0.7,39.2,4.9,0,0.2,21.48,93.23,1.93
100086,Kumar,INST-9196,17:30,259.3,19.3,19,6.5,89.1,12.9,0,17.3,20.44,96.97,0.44
100087,Priya,INST-7636,0:30,0,40.6,40.7,33.7,71.7,5.4,0,13.1,17.64,95.05,0
100088,Priya,INST-7484,9:30,600.8,25.4,19.8,19.9,59.8,2.9,0,23.3,19.11,98.71,1.06
100089,Arun,INST-4871,3:15,0,20.8,22.2,40.5,76.9,1.1,23.8,18.8,19.78,95.95,0.03
100090,Meena,INST-6179,4:45,0,27.8,28.6,25.5,40.6,0.8,0,15.2,18.86,95.16,0
100091,John,INST-2257,20:00,0,30,30.2,69.2,61.6,11.9,22.4,13.5,21.86,96.56,0
100092,Divya,INST-9214,4:00,0,38.8,37.5,56,93.7,1.3,16.2,1.2,21.25,98.94,0.01
100093,Arun,INST-6962,11:30,696.2,38.3,34.3,34.9,67.3,5,0,9.9,20.35,94.71,1.18
100094,Arun,INST-6461,2:15,0,26.1,25.4,93.3,69.7,1.9,17.7,2.5,20.35,96.5,0
100095,Arun,INST-9624,2:45,0,17.7,18.4,60.7,91.3,5.1,19.2,5.8,23,93.08,0
100096,Priya,INST-9317,17:00,145.4,34.4,32.8,59.6,31.6,2.7,17.3,18.7,22.42,97.05,0.1
100097,Meena,INST-4891,14:30,388.7,25.8,23.6,67.7,92.4,11.8,22.6,5.8,21.07,95.99,0.74
100098,John,INST-7256,16:45,150.3,37,37.2,87,38.8,9.6,21.9,16.6,17.62,97.92,0.38
100099,John,INST-2374,5:30,0,31.6,30.3,55.9,26.9,13.7,20.4,26.5,22.58,94.9,0
100100,Meena,INST-4862,12:00,699.9,47.5,40.3,33.7,68.7,11.9,0,4.1,18.72,97.81,1.32
100101,Arun,INST-8685,14:00,258.4,23.9,23.2,81.5,90.5,9.1,10.6,23.3,18.43,92.85,0.29
100102,Divya,INST-2029,3:45,0,18.5,18.4,67.7,38.1,2.2,10.7,18.4,18.44,94.92,0.07
100103,Priya,INST-9576,11:00,277,39.2,36.9,85.8,21.5,13.1,1.1,11.6,19.24,97.23,0.43
100104,Priya,INST-6649,7:00,118.5,25.1,26,69.4,61,12.2,4.4,23.4,19.79,96.87,0.25
100105,Arun,INST-2033,22:45,0,24,22.8,23,86.4,4.7,0,9.3,19.39,97.71,0
100106,Ravi,INST-4131,9:30,231.8,34.8,33.7,77.6,80,6.6,10,13.2,22.74,94.37,0.34
100107,Divya,INST-7018,16:30,208.7,22,19.9,72.1,81.7,8.2,8,2.4,20.97,94.15,0.45
100108,Akash,INST-3730,22:45,0,20.5,19,48.1,46.4,15,6.9,29.4,22.69,92.53,0.06
100109,Meena,INST-9406,23:15,0,21.9,21.4,96.2,78.6,0.5,1.7,23.4,19.2,94.68,0.03
100110,Arun,INST-8371,11:30,627.4,26,21.3,40,43.6,4.2,0,28.8,17.16,93.3,0.87
100111,Priya,INST-5288,8:45,424,40.2,34.7,19.3,35,2,0,2.2,18.04,96.99,0.93
100112,Meena,INST-6692,22:00,0,24.2,25,64,31.8,10.6,17.5,5.2,19.17,93.57,0.19
100113,Arun,INST-4878,15:00,518.6,35.5,29.2,32.5,29.7,13.3,0,2,19.39,97.02,0.96
100114,Akash,INST-7708,18:00,0,19.6,19.8,11.3,58.8,1.9,0,24.9,20.31,96.11,0.11
100115,Arun,INST-8088,16:00,189,25.5,25.3,74.8,90.1,3.4,23.7,15.6,18.7,92.55,0.18
100116,John,INST-3050,20:30,0,20.8,20.2,69.2,64.4,8.7,4.3,18.7,22.41,94.36,0.17
100117,Ravi,INST-1464,2:00,0,35.6,36.5,95.9,35.8,8.6,15.5,0.9,22.33,95.82,0.06
100118,John,INST-8912,7:45,184,20.7,19.4,26.8,56.3,3.1,0,18.2,18.88,97.03,0.4
100119,Meena,INST-7532,4:30,0,19.5,20.5,61.2,29.2,6.7,3.5,1.5,22.67,98.05,0
100120,Arun,INST-6364,18:30,0,41.8,41.9,17.1,85.9,7.5,0,2.7,19.36,95.2,0
100121,Meena,INST-1797,1:30,0,39.8,39.2,59.6,55.3,8.1,21.2,12.9,22.29,97.09,0.11
100122,Meena,INST-1741,12:00,560.1,34.2,31.3,51.3,57.8,11.5,7,29.7,21.08,92.83,1.12
100123,Akash,INST-7114,10:30,363.6,33.2,30.2,67.9,23.4,2.1,8.3,14.2,19.74,96.24,0.65
100124,Meena,INST-6218,5:45,0,34.9,35.7,99.2,45.2,12.4,13.3,21.3,18.8,97.71,0
100125,Priya,INST-7824,18:30,9,32.7,34.5,71.7,55.6,14.5,19.6,23.3,20.47,97.05,0.05
100126,Arun,INST-9589,20:45,0,32.5,34.3,31.8,91.1,1.6,0,0.6,18.88,93.06,0.08
100127,Akash,INST-9221,19:45,0,33.9,35.7,89.8,30.4,3.1,8.1,19.9,20.15,94.2,0
100128,Meena,INST-9950,11:30,511.6,28.4,23.9,54.9,36.9,14.6,7.4,8.7,18.24,96.93,0.79
100129,Meena,INST-5480,9:00,404.7,42.4,39.5,51.6,45.9,11.6,3.7,1.3,22.73,92.55,1.02
100130,John,INST-8849,6:15,0,30.6,31.5,74.5,28.2,11.1,6,1.5,22.43,93.58,0
100131,Priya,INST-7771,10:45,811.6,25.1,18.1,9,89.7,6.1,0,28.1,22.27,95.34,1.36
100132,John,INST-6262,9:00,209.2,33.7,31.8,81.7,74.2,14.1,22.8,5.3,22.29,93.23,0.59
100133,Akash,INST-9116,5:30,0,18.5,18.2,90.1,28,14.7,7.1,29.7,20.26,95.46,0.18
100134,Divya,INST-5470,6:00,9.2,34.5,33.6,29.8,21.1,5.1,0,8.9,21.05,93.35,0.06
100135,Akash,INST-8007,16:30,474.2,24.9,22.4,7.8,44.3,3.7,0,7.8,18.41,97.28,1
100136,John,INST-1187,8:30,222.7,21.9,20.8,62.3,50.4,7.5,22.4,21.1,18.87,92.82,0.52
100137,John,INST-7021,19:15,0,19.8,21.2,37.5,76.1,9.1,0,12.5,20.3,95.3,0.02
100138,Kumar,INST-5054,21:00,0,30.1,30.7,62,88.8,1.7,20.7,27.1,18.21,95.76,0
100139,Divya,INST-2904,21:15,0,31.3,29.7,77.4,53.4,0.8,3.3,12.5,20.38,95.91,0.07
100140,John,INST-1356,12:30,397.5,33.4,31.9,73.5,45.8,1,24.9,28,17.41,98.54,0.4
100141,Akash,INST-3948,4:45,0,39.2,39.4,50,88.8,5.7,2,28.9,22.25,92.93,0.14
100142,Priya,INST-3924,17:45,165.3,22.7,23.3,47.6,21.7,4.5,16.8,16.3,20.19,97.76,0.2
100143,Meena,INST-3541,8:15,157.5,23.3,20.7,84.4,51.4,11.5,22.1,0.5,18.24,92.71,0.08
100144,Ravi,INST-5009,23:00,0,22.5,23.6,52.2,84.8,0.8,12.6,8.7,21.89,97.12,0
100145,Meena,INST-4881,9:15,185.2,28.6,27.9,88.7,61.8,8.9,18.4,5.3,21.07,95.89,0.18
100146,Meena,INST-7244,16:30,235.2,25.9,25.2,62.7,60.3,3.6,5.6,25.7,17.87,95.24,0.17
100147,Akash,INST-7824,17:15,173.6,25.7,25.9,35,53.7,5.6,0,16.1,21.98,92.36,0.27
100148,Ravi,INST-2192,6:15,14.8,27.9,26,43.1,21.2,14.1,24.1,3.5,23,95.35,0
100149,Kumar,INST-7498,7:30,103.5,31.1,30.8,69.8,39.6,7.7,12.4,3,22.89,95.29,0.36
100150,Kumar,INST-7073,10:45,850.9,40.9,35.8,4.1,61.5,8.8,0,21.6,18.77,93.37,1.22
100151,Kumar,INST-9180,17:30,221.7,43.6,41.2,23.2,56.8,2.5,0,23.8,18.02,97.04,0.34
100152,Ravi,INST-9584,1:00,0,35.1,34,95.6,50.9,12.6,5.8,21.2,17.05,95.54,0
100153,Divya,INST-8993,0:00,0,25.9,27.9,62.6,74.2,8,7.2,15.1,21.19,95.01,0.18
100154,Arun,INST-2753,3:15,0,31.9,32.9,39.3,46.6,11.9,0,2.4,22.76,95.21,0
100155,Kumar,INST-5914,21:00,0,39.6,38.6,72.3,27,5.7,13.8,1.7,17.06,93.2,0
100156,Akash,INST-6427,18:00,16.8,25.3,23.5,80.5,71.9,8.5,6.8,27.7,21.11,93.96,0.05
100157,Ravi,INST-3938,10:00,245,38.9,36.1,86.5,49.9,1.2,4.1,7.2,22.01,94.72,0.65
100158,Meena,INST-7288,23:15,0,32.9,34.5,83.2,75.9,5.2,2.4,7,17.46,96.24,0.05
100159,Akash,INST-6347,0:30,0,27.7,28.8,82.7,61.5,5.6,4.6,17.6,19.28,97.41,0
100160,Kumar,INST-2204,2:30,0,35.6,35.1,32.3,75.5,4.8,0,3.2,17.03,94.16,0
100161,John,INST-2674,4:00,0,29,28.8,35,50.6,0.4,0,10.6,17.56,96.19,0
100162,Akash,INST-1202,9:45,484.8,45.3,39.6,34.9,93.4,8.6,0,5.1,19.28,92.97,0.77
100163,Divya,INST-3390,2:15,0,28,28.1,54.8,25.8,3.8,6.2,18.8,20.56,93.37,0
100164,John,INST-1110,12:30,364,41.5,38.7,75.7,52.3,12.4,16.3,17.8,18.8,96.22,0.68
100165,Divya,INST-6147,5:45,0,25.8,25,97.5,56.8,8.6,6.1,11.3,21.9,94.75,0
100166,Kumar,INST-9939,5:00,0,29.9,29.1,96.2,52.9,4.4,17.3,24.6,21.77,94.86,0
100167,John,INST-4965,8:15,243.3,23.8,19.8,64.4,55.9,6,12.7,27.6,21.15,95.81,0.54
100168,Meena,INST-9796,19:00,0,24.6,24,28.7,32.5,9.2,0,16.9,20.87,96.53,0.19
100169,Meena,INST-8052,3:00,0,24.3,23.3,27.9,61.8,10.3,0,6.6,19.24,95.24,0.07
100170,Arun,INST-6651,0:45,0,29.8,28,28.4,28.7,14.1,0,4.3,18.87,95.19,0
100171,Divya,INST-6706,15:00,482.6,28.9,25.7,39.4,80.8,1.7,0,25.5,20.89,96.74,0.72
100172,Kumar,INST-9454,5:15,0,28.1,28.2,46.5,79.8,9.4,4.7,19.7,19.37,97.16,0.15
100173,Divya,INST-8037,12:00,459.7,41.1,36.1,63.4,24.7,1.5,21.8,5.6,18.96,95.2,0.71
100174,Divya,INST-9646,20:30,0,33,32.7,67.8,46.1,12.7,15.4,24.4,21.24,94.08,0.05
100175,Priya,INST-3194,10:00,695.7,31.3,27,21.5,49.1,8.9,0,17.2,19.54,95.41,1.2
100176,Arun,INST-3733,15:30,625.3,32.2,28.8,12.6,46.9,0.1,0,4.1,21.89,98.75,1.33
100177,Divya,INST-7703,21:45,0,38.1,38.2,53.3,26.2,0.5,19,8.8,18.65,95.76,0
100178,Divya,INST-9115,17:00,138.4,34.2,31,51.5,60.7,11.4,19,13.2,18.31,94.98,0.32
100179,Kumar,INST-5877,1:45,0,37,38.7,41,84.9,1.8,20.3,6.3,21.43,96.82,0.14
100180,Akash,INST-3719,19:15,0,38.7,37.5,82.8,62.8,8,14.9,5.1,22.87,94.05,0.03
100181,Priya,INST-3221,13:00,261.6,24.7,21,89.3,38.7,10.7,20.7,22.8,21.06,95.43,0.5
100182,John,INST-7786,12:45,955.1,44,36.5,6.8,76.2,10.4,0,26.3,19.73,95.42,1.59
100183,Priya,INST-8511,20:30,0,36.7,37.1,88,92.6,12.4,12.4,9.7,18.7,95.83,0
100184,Divya,INST-6631,21:00,0,34.4,33,23.7,21.2,13.9,0,4.7,19.74,98.94,0
100185,Arun,INST-5945,5:30,0,25,26.7,27.5,69.8,9.7,0,1.6,20.75,97.08,0.1
100186,Akash,INST-2494,22:00,0,28,29.4,20.1,37,10.2,0,0.3,21.17,97.72,0.2
100187,Akash,INST-3165,15:00,569.3,40.5,37.3,20.6,47.6,4.5,0,11.5,21.88,98.12,1.21
100188,Arun,INST-2120,16:00,257.7,27.4,26.4,54.9,76.1,13.8,15.4,13.3,18.3,98.28,0.29
100189,Priya,INST-7291,11:45,723.7,29,24.6,28.3,61.5,9,0,18.2,21.67,96.83,1.52
100190,John,INST-4366,16:15,211.4,22.7,19.3,67.3,91.6,7.4,2.8,15,20.56,95.7,0.58
100191,Meena,INST-6185,4:45,0,31.1,31.6,88.9,71.2,11.4,23.9,23.1,17.1,92.47,0
100192,Ravi,INST-1990,12:30,528.6,33.2,28,56.6,26.2,8,15.4,8.3,18.86,95.58,0.79
100193,Arun,INST-9788,10:45,495.7,38.3,33.6,52.8,43.3,6.6,23.8,7.2,18.47,98.47,0.72
100194,Ravi,INST-6067,21:15,0,35.8,35,29.6,32.3,14.3,0,15.7,21.7,97.05,0
100195,Arun,INST-5403,23:00,0,19.9,18.7,81.7,40.4,1,17.8,17.3,17.46,95.19,0
100196,Divya,INST-3734,11:15,765.2,39,31.8,23,37.1,7.6,0,1.3,22.18,93.71,1.57
100197,Akash,INST-3458,5:00,0,40.9,39.9,64.2,51.5,4.8,10.4,21.6,18.63,92.55,0
100198,Ravi,INST-3938,7:00,56.4,28.8,29.2,85.9,83.4,4.9,13.8,0.2,18.2,95.95,0.02
100199,Kumar,INST-8600,11:45,254.1,37.9,35.6,89.8,79.7,2.3,23.3,0.7,20.25,96.45,0.57
100200,Ravi,INST-6488,0:45,0,33.9,35.5,87.9,59.7,3.6,12.3,1.8,22.98,96.98,0
100201,Kumar,INST-9515,13:30,643.7,37.3,31.9,41.3,67.8,5.9,14.8,1.9,20.97,92.91,1.16
100202,Meena,INST-7438,22:30,0,22.8,24.5,45.4,35.2,11.7,14.6,4.7,17.99,95.26,0
100203,Meena,INST-4401,14:30,579.2,26.2,20.2,41.7,42.8,10.6,15.1,6.5,22.14,93.04,1.24
100204,Meena,INST-7492,16:00,236.5,41.9,41.8,60.9,50.3,6.8,18.7,7.5,19.77,97.63,0.3
100205,Ravi,INST-2010,7:15,216.4,38,34.5,17.8,26.3,8.8,0,27.5,17.45,98.98,0.2
100206,Divya,INST-3110,2:30,0,38.8,40.6,29.8,89.3,6.5,0,21.7,19.98,94.68,0
100207,Meena,INST-4517,5:30,0,37.3,39.2,42.4,66.4,3.7,7.4,12.4,20.3,92.43,0
100208,Arun,INST-7868,6:15,12.1,39.1,37.1,56.8,78.6,5.4,13.6,14.5,22.48,95.52,0
100209,Arun,INST-1427,10:15,859.4,33.1,24.7,2.6,55.4,5.4,0,17.5,18.4,93.12,1.24
100210,Kumar,INST-5366,17:00,128.4,34.8,31.8,68.8,49.1,14,24.8,5.2,18.42,94.23,0.31
100211,Meena,INST-1462,22:30,0,31.8,31.5,95.8,34.1,14.8,22,14.8,18.85,95.43,0
100212,Kumar,INST-4584,0:45,0,38.8,40,20.1,29.8,10.8,0,27.6,22.07,94.27,0
100213,Arun,INST-2817,16:30,134.7,41.3,40.6,86.5,27.6,4.5,3.4,4.7,22.69,97.54,0.48
100214,Meena,INST-3854,22:30,0,30.8,32.1,37.9,43,10.3,0,3.8,21.37,98.64,0.18
100215,Akash,INST-1530,5:30,0,40.1,41.2,93.7,62.4,14.1,3.5,22.4,18.43,98.88,0
100216,Priya,INST-6500,14:00,683.7,24.4,19.6,23.9,28.1,0,0,11.6,21.4,98.78,1.52
100217,Divya,INST-7204,11:45,891.6,46.8,38.7,9.1,71.5,2.4,0,2.2,22.07,94.06,1.74
100218,Priya,INST-2215,10:15,275.7,23.9,19.8,79.9,93.4,5.1,24.6,26.8,21.23,95.02,0.54
100219,Akash,INST-3573,1:00,0,41,41.4,46.5,61.6,13.9,13.5,19.8,18.78,92.67,0
100220,Divya,INST-3516,1:30,0,21.4,20.1,20.3,66.9,7.2,0,2.9,18.24,96.47,0.19
100221,Divya,INST-2892,9:45,473.1,28.9,24.4,42.4,49.1,5.6,9.5,5.6,17.27,95.08,0.66
100222,John,INST-2009,4:00,0,26.4,26.3,26.9,92.8,8.8,0,16.6,22.04,97.73,0
100223,Divya,INST-4860,15:30,681.3,40.8,35.1,7.1,87.5,12,0,20.3,20.72,92.84,1.28
100224,Arun,INST-3738,6:15,0,41.5,41.7,11.4,94.8,9.4,0,25,18.55,98.38,0.17
100225,Priya,INST-2425,12:45,600.2,37.1,30.5,49.7,20.9,10.5,14.7,23.5,17.68,93.05,0.9
100226,Priya,INST-2730,18:00,14.7,40.8,39.1,70.7,39.8,9.8,14.3,14.2,18.03,94.82,0.07
100227,Akash,INST-1635,12:30,464.1,32.3,29.4,62.1,47.9,5.1,19.8,9.3,22.06,98.01,1.03
100228,Kumar,INST-3201,9:45,289.4,38.3,35.5,69.7,26.7,6.6,22.8,12.2,19.91,95.62,0.47
100229,Ravi,INST-9442,5:00,0,28.7,30.2,44.9,83.8,13.2,0.7,5.8,22,97.86,0
100230,Divya,INST-1828,11:15,780.4,37.2,30.1,24.7,29.3,0.5,0,11.2,20.56,93.24,1.56
100231,Meena,INST-6640,5:30,0,33.7,34.5,79.9,49,2.4,14.3,28.9,22.14,96.53,0.07
100232,John,INST-7709,16:00,194.4,35.9,34.4,77.8,29.9,2.6,20,6.7,20.65,98.6,0.47
100233,John,INST-7943,12:30,644.5,30.7,25.3,41.3,66.8,8.8,0.2,30,22.8,97.88,1.25
100234,John,INST-5890,21:00,0,25.2,26.1,58.5,44.4,4.2,16.4,28.6,20.91,93.32,0.01
100235,Kumar,INST-1930,19:45,0,35.2,34.3,72.8,69.2,15,6.5,12.6,19.33,92.25,0.08
100236,Kumar,INST-6622,23:15,0,33.2,33.3,74.9,90.6,5.4,7.5,5.1,20.95,95.91,0
100237,Divya,INST-3096,23:30,0,33.1,31.4,78,91,13.5,16.4,6.7,18.34,98.1,0
100238,Meena,INST-7089,8:30,310.8,22.4,19.3,41.7,63.5,9.3,11.8,5.8,17.72,96.76,0.53
100239,Akash,INST-1885,4:15,0,28.2,26.2,99.4,87,14.8,3.6,25.9,18.08,92.57,0
100240,Arun,INST-6134,20:00,0,25.6,24.6,20.4,32.6,11.5,0,14.7,21.58,92.62,0.05
100241,Akash,INST-7609,13:45,669.7,27.9,22.8,34.5,21.1,4.8,0,25,18.14,96.74,1.08
100242,Kumar,INST-4707,22:30,0,20.5,20.5,45,43,1,1.1,28.5,19.74,95.64,0.01
100243,Akash,INST-3192,10:45,620.2,47.6,40.8,32.3,50.3,3.4,0,21.8,17.79,97.14,0.98
100244,Arun,INST-3017,11:00,699.7,42.8,36.5,33.8,64.5,0.7,0,3.2,22.02,92.34,1.25
100245,Divya,INST-7230,3:30,0,22.5,21.7,58,67.3,4.5,16.5,19.9,18.62,96.24,0
100246,Priya,INST-9381,23:00,0,36.8,36.8,42.6,65.7,11.7,20.8,29.2,19.15,94.87,0
100247,Divya,INST-4402,22:45,0,18.8,18.1,46.4,88,12.5,16.7,4.5,17.54,95.58,0.09
100248,Priya,INST-5192,20:15,0,40.5,41.5,56.5,23.8,12.2,21.9,25.6,19.16,96.74,0
100249,Priya,INST-2556,1:00,0,32.6,33.9,88.2,46.8,6.6,15.5,26.4,17.56,97.7,0
100250,Akash,INST-7557,14:30,330.8,31.9,29.5,75.2,86.5,2.5,3.3,21.8,22.89,97.91,0.5
100251,Divya,INST-8178,5:45,0,34.1,32.7,82.3,86,10.9,22.3,14.5,19.93,98.21,0
100252,Priya,INST-5286,20:30,0,38.9,38.8,21,75.8,10.9,0,6.7,22.73,98.11,0.01
100253,Priya,INST-8091,21:15,0,34.5,33.9,58.6,31.1,12.4,22.3,18.4,17.07,98.54,0
100254,Divya,INST-9123,5:00,0,25,25.7,80.1,40.9,7.6,13.8,11.4,21.9,92.55,0
100255,Divya,INST-2442,15:45,558.7,38.6,35.9,28.4,50.3,0.5,0,16.5,21.96,97.54,1.28
100256,John,INST-9328,17:15,130,28.6,26.2,58.9,81.2,12.7,8.3,23,20.6,97.02,0.18
100257,Divya,INST-2868,3:15,0,27.1,26.5,20.2,80,8.2,0,11.2,17.64,98.28,0
100258,Akash,INST-2752,8:15,446.9,31,27.4,16.9,78.6,10.8,0,3.2,19.49,98.49,0.98
100259,Priya,INST-8381,14:15,220.2,37.7,35.7,86.7,52.5,8.8,23.1,23.4,22.46,96.84,0.29
100260,Arun,INST-2696,12:30,617.3,48.3,41.5,45.4,77.2,4.1,24.1,29.1,19.72,92.93,0.92
100261,John,INST-9975,10:15,740.5,30.5,25,18.1,70.4,14.7,0,19.5,22.75,95.53,1.53
100262,Meena,INST-2890,11:45,561.4,40.4,35,52.5,87,8,21.9,12.7,17.08,92.75,0.79
100263,Ravi,INST-1927,6:30,0,23.9,24.9,67.5,83,10.4,7.4,22.6,17.19,97.7,0
100264,Kumar,INST-7371,7:30,106.2,27.7,27.2,62.4,79.1,10.3,24.1,1.6,21.46,93.42,0.36
100265,Divya,INST-4695,20:30,0,31.5,31.1,80.4,78.2,14.5,7.4,5.3,21.1,93.31,0
100266,Priya,INST-7180,1:45,0,23,24.3,42.3,83.5,0.1,11.7,28.1,17.24,98.5,0.04
100267,John,INST-9037,18:30,8.3,32.5,30.6,6.6,59,11.8,0,4.8,20.26,94.82,0
100268,Kumar,INST-6437,10:30,693.4,38.5,32.8,26.4,62.1,11.3,0,19.5,17.69,94.42,0.94
100269,Kumar,INST-1653,21:30,0,35.6,37.1,50.5,39.2,10.9,0.6,15.5,21.62,95.6,0
100270,Divya,INST-1718,9:15,520.5,26.5,20.3,28.8,78,8,0,18.8,18.26,96.41,0.72
100271,Akash,INST-2702,6:45,17.6,34.7,35.9,58.2,54.4,5,2.2,1.6,21.77,95.91,0.07
100272,Kumar,INST-5237,13:45,635.3,30.4,25.6,40.6,28.9,0.1,18,1.9,21.48,92.32,1.39
100273,Meena,INST-9238,3:30,0,23.6,25.2,83,77.4,6.6,9.9,19.8,19.84,95.73,0
100274,Akash,INST-9941,9:15,564.5,47.3,41.2,26.8,68.6,14.4,0,0.3,22.25,92.99,0.97
100275,Akash,INST-9800,17:00,209.6,40.8,39.7,27.4,50.9,9.7,0,15.4,17.97,93.55,0.46
100276,Kumar,INST-2877,5:00,0,42.4,40.4,88.1,54.6,8.2,7.3,2,17.59,97.08,0
100277,Meena,INST-6851,4:15,0,34.5,32.9,28,43.8,6.8,0,18.5,18.83,96.09,0.03
100278,Meena,INST-6182,13:15,952.3,32.2,23.3,0.4,52.7,12.6,0,4,21.4,98.15,1.94
100279,Meena,INST-6004,15:00,618.2,44.8,38.2,15.8,30.5,8.1,0,7.9,22.32,92.54,1.06
100280,Ravi,INST-9309,20:00,0,33,31.9,85,36,0.5,6.5,26.8,20.24,96.58,0
100281,Akash,INST-4658,18:30,0,19.6,20.2,12,20.8,3.6,0,28.9,22.89,96.79,0.1
100282,Arun,INST-8310,5:15,0,33.1,31.6,65.3,31,11,23.5,1.2,21.57,93.62,0
100283,Kumar,INST-1701,21:15,0,36.5,37,61.4,88.8,13.2,1,19.5,17.62,98.78,0.05
100284,John,INST-5314,18:15,0,33.7,32.1,33.9,25.8,3.8,0,29.2,18.34,94.84,0.13
100285,Meena,INST-8976,15:00,426.5,23.8,22,45.2,68.3,3.2,4.7,10.9,21.3,92.83,0.69
100286,Meena,INST-2856,15:45,456.7,37,33.5,43.1,38.3,1.9,14.8,4,20.08,98.24,0.74
100287,Arun,INST-5231,5:45,0,29.6,31.5,67.9,74,9.9,7.1,2.6,19.7,98.95,0.15
100288,Arun,INST-4594,13:15,403.1,26.4,22.4,71.5,39.8,10.9,8.6,13.6,20.54,93.61,0.68
100289,Priya,INST-1271,6:45,4.2,23.9,22.3,74.4,65,13.2,13.3,22.6,17.56,96.62,0.17
100290,Ravi,INST-8069,16:45,342.8,32.5,30.7,33.3,80.2,11.8,0,11.4,20.53,97.19,0.75
100291,Priya,INST-7971,4:30,0,25,23.6,58.2,41.2,13.2,10.2,5.7,21.25,97.53,0.03
100292,Priya,INST-9515,0:45,0,33.8,34.5,72.4,47.2,2.3,16.3,7.6,22.13,94.96,0
100293,John,INST-7511,6:45,2.3,22.5,22.3,49.7,56.3,14.8,14.4,23.2,19.39,92.97,0.15
100294,Priya,INST-4764,14:15,801.2,44.7,36.9,9,66.1,10.3,0,1.6,19.33,96.45,1.6
100295,Arun,INST-8727,19:45,0,23.8,24.3,27.1,65.7,10.9,0,27.9,19.4,96.59,0
100296,Ravi,INST-3871,20:45,0,23.5,22.8,55.1,80.3,4.3,0.8,18,20.09,93.62,0
100297,Ravi,INST-6893,7:00,52.9,24.7,24.6,87.8,70.2,6.1,5,0.5,21.22,98.43,0.13
100298,Meena,INST-6693,8:15,260.4,42.8,40.3,54.6,39.6,6.1,2.7,2.2,18.77,98.63,0.6
100299,John,INST-9813,18:30,18.6,32.8,31.5,62.5,76.8,14.4,11.5,13.8,20.52,92.19,0
100300,Priya,INST-7269,20:15,0,22.8,23.5,74.2,91.7,7.7,0.2,25,18.49,92.65,0.07
100301,Meena,INST-2245,17:15,160.5,39.9,39.5,42.9,91,10.2,22.7,15,18.2,97.15,0.41
100302,Kumar,INST-4755,6:15,0,35.2,36.7,75.3,25.9,14.3,12.3,0.2,22.14,98.71,0.14
100303,Meena,INST-6167,15:30,466.2,43,40,44.2,36.7,8.6,1.4,24,19.87,95.79,0.78
100304,Akash,INST-3863,14:00,410.9,36,34.5,62.8,35.8,8.7,8.1,18.4,18.56,95.84,0.56
100305,Divya,INST-6621,11:15,593,39.2,34.8,44.9,84.1,4.2,4.5,3.9,20.46,93.6,0.95
100306,John,INST-4863,17:45,80.4,38.8,37.2,77.1,55.5,0.1,10.5,4,22.36,96.41,0.18
100307,Meena,INST-8972,9:30,411.7,31.8,27.6,50.6,24.5,12.2,11.9,18.9,19.7,94.34,0.64
100308,John,INST-6638,0:45,0,40.7,38.8,29.7,34.9,8.6,0,19.5,18.05,97.46,0
100309,Divya,INST-8322,2:45,0,31,29.1,69.1,85.1,9.6,23.2,12.7,20.67,94.83,0.16
100310,Priya,INST-3654,10:15,668.5,41,35.1,28.2,49.7,13.3,0,23.4,22.63,97.24,1.31
100311,Divya,INST-7782,5:15,0,19.9,21,88.3,38.9,11.2,18.7,6.3,19.38,92.67,0.17
100312,Divya,INST-9985,1:00,0,32.6,30.6,81.7,27.8,9.3,2.1,27.9,19.34,93.61,0.1
100313,Divya,INST-3071,4:15,0,35.4,33.9,22.3,44.4,7.1,0,29.2,20.24,93.91,0
100314,Arun,INST-8480,20:45,0,32.6,33.3,61.9,46,8.1,20.1,13.3,19.19,93.82,0
100315,Ravi,INST-9574,4:30,0,31.6,30.8,42.9,56.9,11.3,7.5,23,21.79,96.18,0.12
100316,Meena,INST-4089,13:45,666.5,40.8,35.7,35.5,48.4,3.9,0,12.7,18.44,97.35,1.28
100317,John,INST-5664,20:30,0,37.2,38.5,53,41.7,9.6,15.4,8.2,20.74,93.31,0
100318,Ravi,INST-9764,0:15,0,23.3,24.8,97.8,52.9,0.1,2.3,0.4,18.3,94.94,0.11
100319,Divya,INST-7084,14:00,665.3,44.6,40.8,29.7,78.2,1.1,0,14.1,18.15,97.89,1.23
100320,Ravi,INST-2998,22:15,0,40.4,41.4,50.8,94.6,3,18.4,2.8,21,93.46,0
100321,John,INST-6293,5:00,0,29.7,31.2,79.6,56.1,4.5,9,1.6,21,98.81,0
100322,Akash,INST-6316,0:15,0,31.6,32,83.6,38.2,14.5,14.5,20.7,21.13,93.08,0.11
100323,Kumar,INST-3583,15:00,336.9,45.1,41.3,61.7,24.5,5.3,3.8,16.1,17.64,95.41,0.45
100324,Meena,INST-8187,23:15,0,28,27.1,21.7,38.8,0.6,0,21.2,20.35,95.8,0
100325,Arun,INST-9906,11:30,426.4,43.2,38,65.9,61.6,1,3.9,8.9,18.58,94.57,0.52
100326,Akash,INST-4039,0:30,0,24.6,23.7,82.1,69.4,8.1,9.7,15.7,19.99,95.86,0.05
100327,Meena,INST-7714,20:30,0,28.8,30.6,28.8,82.6,1.9,0,26.2,18.21,95.4,0
100328,Akash,INST-9026,16:30,470.4,37.2,35.2,4.4,89.1,9.8,0,27.9,21.99,95.28,0.9
100329,Meena,INST-7814,11:00,359.9,20.3,19,74.1,42.8,14.2,24,2.9,21.35,95.72,0.6
100330,Kumar,INST-3931,17:45,124.6,33.6,31.8,67.1,72.7,6.4,2.6,23.8,20.3,95.53,0.28
100331,Divya,INST-6772,10:30,313.8,37.1,33.2,76,44.3,3.6,13.6,11.3,20.3,97.21,0.53
100332,Divya,INST-8331,12:00,474.6,36.3,32.3,65.4,94.5,4.5,7.5,6.7,22.13,92.15,1.06
100333,John,INST-9376,17:15,238.9,22.8,21.7,8.5,86.7,3.7,0,7.7,18.8,95.99,0.44
100334,Kumar,INST-2264,23:30,0,23.5,22.1,83.4,71.7,8.6,22.7,17.9,18.8,97.12,0.03
100335,Priya,INST-1916,10:30,292,41.2,40.3,79.2,77.8,11.2,21.2,27.9,20.8,96.43,0.33
100336,Ravi,INST-6231,17:15,203.3,24.1,21.7,29.4,94.8,14.6,0,22.6,20.45,92.63,0.31
100337,Akash,INST-3425,4:30,0,29.9,31.7,26.6,49.9,1.3,0,15.1,21.64,92.91,0
100338,Kumar,INST-8993,12:15,599,34.5,30.6,50.5,40,6.5,17.1,17.3,17.68,94.9,0.86
100339,Kumar,INST-6254,11:00,395.1,31,26.4,69.3,80.2,9.3,11,27.7,18.4,96.8,0.47
100340,Priya,INST-2841,23:00,0,31.5,32.9,39.4,82.4,4.3,0,10.3,21.83,94.14,0
100341,Meena,INST-4424,23:15,0,29.6,30.6,36.3,56.2,10.9,0,4.2,21.19,92.13,0.03
100342,Ravi,INST-5185,5:00,0,37.4,36.9,42.7,24,9.8,0.2,11.7,18.63,97.96,0.06
100343,Priya,INST-1312,9:45,579.7,44.7,41.4,20.8,43.7,13,0,15.9,18.12,95.5,0.91
100344,Ravi,INST-1651,7:30,189.8,22.7,21.8,30,46.4,9.4,0,7.1,22.87,95.51,0.52
100345,John,INST-7343,0:30,0,25.8,26.2,38,30.3,10.9,0,15.6,21.07,98.11,0.07
100346,Akash,INST-4938,18:15,0,32.3,32.5,38.4,29.9,9.8,0,17.4,21.1,93.42,0
100347,Arun,INST-8046,4:15,0,33.2,31.4,45.4,28.9,4.8,22,21.8,21.59,98.16,0
100348,Akash,INST-5970,14:30,754.8,25.6,21.2,13.7,93.9,9.3,0,18.2,20.67,96.17,1.26
100349,Ravi,INST-6886,2:45,0,38.2,38.3,30.7,68.7,2.8,0,11.6,19.84,93.15,0
100350,Akash,INST-1245,8:45,423.4,25.2,22.9,20,33.3,14.3,0,13.2,20.7,96.82,0.94
100351,Kumar,INST-8005,12:00,557,39.5,35.3,54.7,90.4,8.6,13.4,19.2,21.22,92.27,0.83
100352,Divya,INST-1694,7:45,49.4,28.8,27.3,88.5,92.2,2.8,11,26.5,21.64,94,0
100353,John,INST-1893,22:15,0,31.9,33.5,57.1,57.5,2.7,14.6,26.8,20.28,94.75,0
100354,Ravi,INST-3930,14:15,276.4,28.7,25.8,79.4,73.4,2.5,18.3,2.7,21.24,96.44,0.39
100355,Akash,INST-9383,19:15,0,28.2,27.1,50.3,88.4,8.5,16.5,4.5,22.21,93.25,0.08
100356,Akash,INST-6047,9:45,541.2,45.9,39.6,26,20.3,11.5,0,0.4,19.99,95.49,1.15
100357,Divya,INST-4897,6:45,0,30.5,32.4,40.8,86.2,4.2,15.7,24.6,18.25,93.29,0
100358,Meena,INST-1601,4:00,0,37.3,38.1,73.4,89,0.7,10.4,5.3,21.03,96.28,0.08
100359,Arun,INST-8460,23:30,0,19.4,20.2,94.5,47.6,5.7,1.7,12.8,20.3,94.05,0
100360,John,INST-6393,16:45,311.1,33.7,32.7,47.2,74.7,9.4,24.7,14.5,21.13,98.54,0.8
100361,John,INST-7996,19:30,0,32.3,31.8,40.8,89.5,9.2,12.4,21.9,19.99,97.66,0.15
100362,Kumar,INST-5759,6:00,0,38.1,37.1,10.6,35.5,9.2,0,12.4,17.27,94.45,0.12
100363,Kumar,INST-1185,20:15,0,22.4,24.1,75.2,42.5,8.2,19.2,3.4,19,94.77,0.03
100364,Ravi,INST-3877,6:30,16.9,29.5,29.5,75,22.7,2,3.9,13.8,22.19,98.27,0.02
100365,Akash,INST-1917,16:30,295.3,31.9,31.3,50.8,63.3,5,22.9,23.9,17.4,93.05,0.56
100366,Meena,INST-7147,20:15,0,27.7,27.3,65.7,84.8,11.3,17.6,9.4,17.19,94.9,0
100367,Kumar,INST-7088,14:30,717.7,27.8,20.7,19.5,78.3,13.7,0,13.3,17.15,95.38,1.1
100368,Kumar,INST-6572,15:30,281.5,42.6,38.9,69.8,90.4,10.2,3.3,21.7,19.76,97,0.49
100369,Ravi,INST-6095,1:00,0,37.8,39.3,46.7,77.5,11.2,0.6,22.8,20.83,93.47,0
100370,John,INST-5532,17:30,115.7,24.1,24.5,69.6,28.6,14.4,14,3.1,20.26,95.85,0.13
100371,John,INST-5011,5:00,0,39.6,39.4,44.9,23.8,0.4,22.6,1.5,19.3,92.6,0
100372,Divya,INST-6826,9:30,282.1,36.6,34.1,73.6,93,11.3,11.6,4,21.88,98.44,0.58
100373,Divya,INST-6085,21:45,0,39.3,40.7,57.6,87.2,3.9,9.1,5.5,22.5,94.31,0.14
100374,Meena,INST-8426,15:00,657,36.3,29.5,5.9,41.2,5.2,0,17.2,20.05,94.84,1.23
100375,Priya,INST-6339,17:00,106.3,28.2,27.6,71.3,66.6,8.2,24.3,11.5,19.04,97.7,0.22
100376,Akash,INST-6606,17:15,232,38.5,35.7,15.6,82.8,1.7,0,17.9,18.95,92.68,0.35
100377,John,INST-7648,2:00,0,33.6,32.3,74.8,44.6,9.7,1.5,6.5,17.83,96.07,0.1
100378,Ravi,INST-3403,21:15,0,25.5,25,56.2,53.5,3.1,21.9,9,21.77,96.76,0.17
100379,Akash,INST-6640,2:00,0,31.6,30.3,68.9,83.9,0.9,22.5,29,17.01,95.92,0.19
100380,Priya,INST-5623,0:15,0,32.7,32.2,54.5,73.4,6.1,10.9,6.3,18.04,92.97,0.02
100381,Meena,INST-7835,4:30,0,32.6,34.1,99.8,25.4,0.2,18,14.6,19.62,98.93,0
100382,Akash,INST-8471,22:45,0,28.6,28.9,69.9,81.5,5.8,5.6,12.7,17.04,95.49,0.09
100383,John,INST-7731,17:30,233.8,31,29.6,3,63.5,14.4,0,2.4,21.38,95.68,0.62
100384,John,INST-8617,16:00,308.1,27,23.9,47.1,69.8,10,17.1,16.2,20.48,96.29,0.72
100385,Ravi,INST-8681,14:45,486.5,32.4,26.5,51.7,42.1,2.5,17.4,17.9,18.82,97.5,0.72
100386,Divya,INST-3770,18:00,0,33.8,35.7,59.1,56.4,1.9,1.9,23.5,18.51,96.31,0
100387,John,INST-1232,23:00,0,40.8,39.8,68.3,69.4,5.5,4.4,23.5,18.42,93.27,0.01
100388,Ravi,INST-6617,2:15,0,39.1,37.7,67.6,76.5,6.2,9.6,19.8,21.36,93.17,0.03
100389,Meena,INST-1890,20:30,0,19.5,20.8,80.4,49.9,4.5,18.7,22.6,20.2,94.66,0.08
100390,Divya,INST-5302,4:45,0,40,40.3,20.9,70.9,14.4,0,20.5,17.25,98.42,0.05
100391,Akash,INST-5466,10:30,676.5,38.9,33.7,24,78,11.2,0,22,20.53,93.36,1.09
100392,Arun,INST-6132,17:00,141.5,17.9,18.3,60.6,27.8,6.7,5.5,8.5,18.16,92.17,0.06
100393,Kumar,INST-2995,22:00,0,32,32.5,26.9,77.3,9.7,0,24.1,18.11,92.78,0
100394,John,INST-8650,21:00,0,39.3,40.1,71.1,52,13.6,19.2,9.7,17.97,92.52,0.11
100395,Akash,INST-7366,10:00,710.8,26.5,22.3,23.2,93.5,3,0,11.8,20.87,92.76,1.31
100396,Akash,INST-4578,19:00,0,33.6,35.2,93,25.5,8.6,6.3,13.4,22.38,93.04,0.06
100397,Ravi,INST-7397,8:15,253.7,34,31.8,63,90.5,7.4,10.9,25.3,21.69,97.5,0.48
100398,Ravi,INST-7298,22:45,0,32.8,30.8,29.7,45,4.5,0,1.7,22.98,96.53,0
100399,Meena,INST-2318,14:30,432.3,22.1,18.9,58.3,34.3,10.4,22.4,18.9,19.16,92.59,0.75
100400,Kumar,INST-3292,1:15,0,40.9,41.9,22,49.2,11.9,0,19.3,20,98.75,0.12
100401,Ravi,INST-1606,10:00,655.5,32,27.7,30.4,69,7.8,0,28.2,22.22,95.76,1.29
100402,Kumar,INST-2180,1:15,0,20.1,18.5,59.1,66.4,3.6,16.2,0.4,20.8,98.33,0.13
100403,Priya,INST-8474,19:15,0,20.8,19.5,86.8,28.6,8.9,15.4,1.9,18.22,94.36,0.13
100404,Akash,INST-6312,3:15,0,40,41.2,45.7,23.4,2.6,1.6,8.2,21.55,93.18,0
100405,Arun,INST-8187,7:00,244.6,34.7,33.2,12,31.8,13.2,0,2.4,17.04,98.48,0.49
100406,John,INST-7819,22:45,0,23.5,22.9,75.4,59.2,6.2,23.5,18.3,17.23,93.26,0
100407,Priya,INST-5934,11:45,952,28.9,20.8,0.4,27.2,5.4,0,22.8,20.24,93.53,1.7
100408,Kumar,INST-5528,1:15,0,23,21.6,29,88.4,7.5,0,4.8,22.54,92.38,0
100409,Kumar,INST-8121,8:30,284.3,29.7,28.9,55.5,23.9,8.1,4,0.9,20.09,92.5,0.42
100410,Divya,INST-6340,13:15,440.6,25.6,23.5,67.2,37.1,3.6,10.3,6,22.35,92.51,0.92
100411,Ravi,INST-8141,4:15,0,28.5,28.9,94.2,30.2,10.8,15.8,29.3,18.21,92.89,0.08
100412,Ravi,INST-5597,4:00,0,27.7,29,88.1,45.8,13.3,15.1,23.7,20.83,96.28,0
100413,Kumar,INST-2416,13:45,330,32,29.4,77.6,21.1,6.4,21.8,7.4,19.61,93.56,0.75
100414,Arun,INST-1083,13:00,935.7,42.4,36.4,3.6,59.8,7.2,0,23.9,21.93,95.17,1.62
100415,Ravi,INST-7662,6:15,0,40,42,32.3,70.2,2.4,0,13.8,20.42,96.09,0.19
100416,Divya,INST-3271,22:45,0,39.4,38.9,34.8,72.8,0,0,18.8,19.31,96.84,0.01
100417,John,INST-7977,8:15,187.9,41.6,39.1,70.9,24.1,14.2,16.9,26.6,17.67,94.56,0.32
100418,Meena,INST-7003,5:00,0,35.1,36.6,64.9,45.1,8.1,16.2,22.1,21.51,98.1,0.08
100419,Kumar,INST-6250,11:30,598,23.8,19.3,45.3,53.9,7.5,20.7,14.1,20.19,97.78,1.26
100420,Divya,INST-7031,21:00,0,37.6,39.2,35.1,49.3,2.7,0,28.7,17.46,93.15,0
100421,Arun,INST-9131,4:15,0,32.2,33.1,61.7,92.7,8.1,3.3,10.4,19.66,96.51,0
100422,Priya,INST-1361,7:30,172.6,34.2,33.5,37.1,64.5,10.5,0,25.3,19.67,94.13,0.13
100423,John,INST-3813,8:15,337.2,37.5,36.5,43.6,46.5,6.8,4.2,27.7,21.27,94,0.77
100424,Arun,INST-3641,7:00,243.5,22.1,21,3.7,33.8,8.4,0,1,18.9,94.41,0.38
100425,Arun,INST-9743,9:00,215.2,30.4,30,82.8,54.4,4.8,0.1,22.2,22.85,94.32,0.49
100426,Divya,INST-5748,18:15,9.1,39.6,40.1,72,28.4,7.2,1,20.3,17.7,92.17,0.06
100427,Kumar,INST-8306,11:00,733.8,28.9,22.7,29.4,78.6,11.5,0,5.9,17.5,97.95,1.29
100428,Priya,INST-9385,12:15,636.3,33.8,30.3,44.1,70,6,17.9,12.8,19.32,92.09,1
100429,John,INST-8300,17:00,232.5,37.4,35.8,19.4,53.2,2.5,0,21.8,22.39,97.1,0.42
100430,Priya,INST-3353,6:30,14.7,40.1,41.7,42.7,92,11.3,2.2,12.3,22.49,94.9,0.05
100431,Arun,INST-4264,5:45,0,31.1,29.8,43.2,42.6,8.8,12.4,22.2,18.35,97.54,0
100432,John,INST-8742,3:30,0,30.6,29.8,53.4,38.4,1.8,6.9,29.8,17.4,97.22,0.03
100433,Akash,INST-5225,20:45,0,37.1,37.6,97.9,75,0.3,6.5,17.4,17.88,95.23,0.08
100434,Meena,INST-3675,1:30,0,35.1,33.3,48.9,23.7,4.4,16,2.3,18.16,96.4,0.11
100435,Arun,INST-9908,10:30,336.4,28.8,25.2,74.4,71.6,1.4,14.5,24.7,17.08,95.63,0.43
100436,Divya,INST-7750,10:15,785.7,28.6,23.3,9.2,87.3,9.2,0,24.9,20.15,95.72,1.35
100437,Priya,INST-7837,14:00,775.6,24.3,18.4,10.5,71.8,2.1,0,13.3,22.93,95.66,1.78
100438,Arun,INST-5991,0:00,0,37.1,38.6,37.8,37,1.9,0,3.9,17.47,96.84,0.11
100439,Priya,INST-1308,15:45,668.9,42.7,37,3.8,24.4,1.8,0,7.6,17.4,96.67,1.18
100440,Priya,INST-4365,18:15,0,21.6,20.2,16.6,90.6,14.2,0,10.4,17.96,95.5,0.09
100441,Kumar,INST-9272,18:00,3.1,17.2,18.3,8.9,34.4,4.2,0,27,20.22,98.82,0
100442,Kumar,INST-9260,22:45,0,31.9,32.1,49.3,91.8,2.7,8.9,11.4,18.29,93.59,0
100443,Meena,INST-3025,14:00,528.3,30.2,26.7,46.8,74.2,1.2,12.3,11.5,19.74,97.15,1.03
100444,Divya,INST-4700,17:45,216.6,22.6,22.5,26.2,83.1,7.1,0,20.4,18.08,98.99,0.34
100445,Priya,INST-7494,14:00,784.4,43.1,34.7,10.7,75.6,13.4,0,5.1,19.18,93.39,1.25
100446,Akash,INST-3011,7:45,109.2,36.4,35.1,65.3,40.5,11.8,16.1,12,19.85,96.22,0.16
100447,Divya,INST-9379,8:15,196.3,25.6,24,69.1,67.1,2,2.5,1.6,17.41,96.75,0.52
100448,Akash,INST-6356,4:30,0,18.6,20.3,69.8,76.4,11.5,19.8,6.1,20.97,95.43,0
100449,Meena,INST-9856,17:00,55.2,30.4,28.3,85.7,48.8,4.7,9.4,13.8,17.2,95.9,0.23
100450,John,INST-3689,15:45,644.4,33.5,29.7,12.1,70.6,9.9,0,20.6,20.43,95.33,1.27
100451,Ravi,INST-7412,8:45,273.5,37.6,34.2,53.2,41.3,0.9,14.8,3.8,19.2,97.67,0.54
100452,Meena,INST-7235,3:45,0,26,26.6,47.6,69.6,3.7,16.2,17.8,22.46,92.46,0
100453,Meena,INST-3781,0:30,0,33.5,33.8,23,58.6,6.3,0,0.6,19.82,92.16,0
100454,Akash,INST-6282,18:00,0,33.5,34.2,72.7,57.7,11.5,8.5,18.4,19.18,95.05,0
100455,Priya,INST-9779,6:30,0,33,31.8,23.9,66.8,14.4,0,21.5,20.47,96.14,0
100456,Divya,INST-7997,6:30,6.1,26.5,25.2,71.6,52.5,8.1,5,12.1,20.75,95.17,0.12
100457,Arun,INST-1304,20:15,0,25,23.1,66.1,75.7,7,23.4,16,20.69,97.38,0
100458,Ravi,INST-9556,6:30,0,37,35.9,41.6,83.3,6.2,21.5,27.3,20.8,97.92,0
100459,John,INST-3631,8:15,332.3,24.4,22.6,36.5,82,7,0,16.8,19.62,96.53,0.39
100460,Arun,INST-5468,4:00,0,37.9,37.3,40.7,33.2,12.8,24.1,14.6,17.12,98.02,0
100461,John,INST-2041,13:30,494.8,33,27.5,60.5,83.2,3.5,14.3,15,17.72,96.65,0.82
100462,John,INST-9133,2:15,0,35.8,36.6,68,82.4,11.1,20.1,22.3,22.61,93.53,0
100463,Kumar,INST-5498,14:45,704.4,35.1,29.8,22.9,91.2,4.7,0,12.7,21.1,98.74,1.53
100464,Arun,INST-6947,15:30,252.4,43.7,41.2,73.9,83.1,9.9,23.5,20.7,21.73,93.68,0.48
100465,John,INST-6945,21:00,0,23.4,23.7,62.8,20.6,14.4,23.2,27.5,18.81,98.55,0.1
100466,John,INST-4446,5:45,0,40.2,39.1,70.5,50.5,0.5,21.7,24.7,22.64,95.3,0
100467,Meena,INST-7920,3:15,0,29.6,30.2,75.9,65.2,12.2,18.4,13.6,17.16,92.36,0.06
100468,Divya,INST-3229,0:45,0,25.6,25.3,36,28.3,3.7,0,21.4,21.61,96.54,0
100469,Akash,INST-6233,14:45,284,24.9,22.2,78.6,44.6,4.2,2.1,11,19.36,94.64,0.63
100470,Kumar,INST-1339,0:15,0,40.2,41.4,92.5,72.6,2.5,10,12.9,18.56,92.62,0
100471,Priya,INST-1231,22:45,0,41.6,40.3,81.9,57.1,3.4,5.1,28.4,21.88,93.86,0.1
100472,Akash,INST-3133,13:15,551,30.1,24.8,54,51.4,6.1,3.6,8.7,18.57,96.32,1.11
100473,Meena,INST-8506,2:00,0,40.8,38.9,57.5,49.8,3.2,9.6,12.7,20.58,92.51,0.02
100474,Ravi,INST-6453,7:45,102.4,43.3,40.5,81.7,64.9,11.2,1.1,7.6,20.72,94.12,0.15
100475,Meena,INST-3166,17:00,136.5,32.9,30.1,52.2,85.8,2,7.9,15.9,17.85,92.82,0.03
100476,Arun,INST-9179,8:30,144,40.7,39,83.4,77.1,4,7.8,26.8,18.89,98.96,0.34
100477,Arun,INST-8208,1:15,0,21.7,23.5,31.9,39.5,10.6,0,13.1,22.97,98.49,0
100478,Meena,INST-8949,14:45,801.8,27.6,21.6,10.1,35.3,4.3,0,25,21.5,97.76,1.5
100479,Kumar,INST-1067,16:15,326.9,39.9,36.4,37.5,86.6,0.4,0,20.4,21.08,94.76,0.62
100480,Priya,INST-6300,4:00,0,38.6,37.9,26.5,54.1,14.3,0,17.8,17.03,98.79,0.06
100481,Divya,INST-6323,23:15,0,19.7,19.2,36.9,44.2,0.8,0,2.1,22.71,94.67,0
100482,Arun,INST-4933,12:00,972.9,35,27.3,1.8,68.5,14.3,0,4.6,18.79,97.61,1.84
100483,John,INST-3151,11:00,363.7,34.3,29.8,74.9,55.7,8.4,10.6,22.7,21.87,96.3,0.65
100484,Akash,INST-2522,1:30,0,34.8,34.2,97.9,73.5,14,13.2,19.4,17.5,95.28,0
100485,Divya,INST-5921,4:15,0,24.2,25.2,74.7,52.1,8.5,13.8,27.5,20.08,95.57,0
100486,Divya,INST-5151,11:30,552.5,24,18.4,52.7,54.7,11.8,21.1,1.4,19.5,96.93,0.96
100487,Divya,INST-8371,19:30,0,41.3,40,47.3,35.8,1.2,24.6,7.8,21.04,95.04,0
100488,Akash,INST-2911,0:15,0,28.7,29,72.5,69.3,11.2,18.1,9.1,21.88,96.32,0.08
100489,Akash,INST-5958,2:15,0,23.8,22.6,30.8,72.2,2.8,0,0.8,19.89,93.02,0
100490,Kumar,INST-2410,9:45,625.4,27.6,20.8,13.3,75.4,6.7,0,14.6,17.12,95.15,0.84
100491,John,INST-7418,1:30,0,34,33.1,20.6,93.5,12.7,0,22.1,20.58,95.88,0
100492,Divya,INST-7548,15:45,566.5,23.5,18.5,20.9,61.5,4,0,19.4,22.33,92.82,1.11
100493,Meena,INST-8345,22:45,0,23.7,24.9,21.7,45.8,3.5,0,6.6,22.45,94.37,0.04
100494,Divya,INST-3148,9:45,211.4,36.9,34.2,86.4,79.7,12,21.1,18.7,18.69,97.24,0.42
100495,Arun,INST-3839,6:15,0,30,28,54.5,42.8,3.1,1.2,0.5,22.29,94.5,0
100496,Ravi,INST-2043,10:45,781.1,37.9,31.5,10.3,94.5,11.8,0,23.1,21.62,95.9,1.59
100497,Priya,INST-1826,14:45,251,44.6,41.4,86.6,65.7,12.9,2.5,16.9,20.04,93.17,0.28
100498,Kumar,INST-6925,5:30,0,36.3,36.3,76.7,85.3,2.3,9.1,24.6,17.74,93.41,0.19
100499,Ravi,INST-5019,15:30,541.9,29.8,24.4,25.8,51.1,9.4,0,7.4,21.52,95.71,1.19
100500,Arun,INST-8025,13:45,333.4,33.9,30.4,80.8,90.8,6.6,19.3,21.5,20.1,92.49,0.49
100501,Akash,INST-3692,13:00,662.5,44.3,40.1,35.4,63.1,14.7,0,29.4,21.79,98.13,1.4
100502,Akash,INST-7586,21:30,0,24.9,25.5,77.7,82,13.5,15.3,4.4,19.42,96.51,0.16
100503,Divya,INST-6656,20:45,0,37.5,39.1,82,60.3,5.8,18,26.4,20.12,95.79,0
100504,John,INST-9541,10:15,866.4,37.2,31,2.1,82.4,4.6,0,12.7,20.03,97.12,1.72
100505,John,INST-9314,11:00,937.4,28,21,4.3,75.3,6.8,0,29.5,21.83,98.92,1.75
100506,Kumar,INST-6739,9:30,366,33.4,31.7,60,48.3,11.1,2.6,15.5,18.16,97.45,0.58
100507,Arun,INST-7974,13:00,896.1,27.4,21.1,8.3,25.9,10.2,0,12.1,20.35,97.45,1.82
100508,Divya,INST-7937,14:45,387.4,25.2,21.9,65.9,56.4,6.9,24.2,15.4,20.17,96.86,0.68
100509,Ravi,INST-3569,17:30,64.7,37.4,38.5,83,47.7,4.3,13.1,3.5,18.83,94.62,0.03
100510,Ravi,INST-3340,4:45,0,41,39.5,23.9,36.2,12.3,0,14.7,17.73,94.44,0.15
100511,Akash,INST-8883,18:30,16,36.8,36.8,50.9,74,9.1,19,15.1,19.77,95.15,0.01
100512,Meena,INST-2463,19:45,0,39,39.6,51,23.4,10.1,11.1,8.3,17.53,93.16,0
100513,John,INST-3028,20:00,0,33.2,32.8,35.4,24,8.6,0,5.7,19.86,98.28,0
100514,Arun,INST-1310,8:15,416.2,42.5,39.3,22.1,80.5,9.1,0,12.1,17.27,98.03,0.47
100515,Akash,INST-3957,13:00,335.9,25.4,24.2,77.4,27.5,2.5,3.6,7.7,17.54,94.15,0.5
100516,Arun,INST-1965,19:30,0,34.3,35.1,34.5,27.4,2.1,0,26.8,18.55,98.59,0.16
100517,Ravi,INST-4318,7:15,173.2,27.1,27.2,44.4,24.5,7,10.2,14.5,19.44,93.64,0.45
100518,John,INST-2663,7:15,196,22.2,20,27.4,35.3,14.5,0,11.2,22.91,97.47,0.43
100519,Akash,INST-8401,1:00,0,41.5,41.1,85,69,2.5,1.5,27.7,18.64,93.76,0.07
100520,Meena,INST-4485,18:30,9.6,30.8,31.5,4.1,49.6,1.8,0,4.2,20.34,93.96,0
100521,Meena,INST-6613,20:30,0,34.1,35,98.4,69.7,4.8,5.3,28.8,18.97,98.4,0
100522,Ravi,INST-8807,0:00,0,29.5,27.9,73.8,72.7,11.4,13.5,23.6,20.89,92.54,0
100523,Divya,INST-3022,11:45,360.8,26.3,22.3,74.5,72.3,0.1,11.6,28.1,19.67,93.55,0.38
100524,John,INST-6862,6:00,5,36.3,37.4,73.5,93.5,14.5,0.9,14.8,21.22,96.24,0
100525,Akash,INST-2817,8:45,423.8,40,35.7,15.3,65.2,2.6,0,17.6,21.48,92.89,0.94
100526,Kumar,INST-9570,23:30,0,36.2,34.3,35.3,72,8,0,7.6,20.36,95.18,0.18
100527,Ravi,INST-6292,13:45,774.6,35.1,29.2,24.7,76.9,13.3,0,6.7,18.67,94.94,1.31
100528,Ravi,INST-7420,6:30,2.9,19.6,18.6,7.4,93.4,6.4,0,2.2,18.5,93.15,0
100529,Priya,INST-1456,15:45,282.3,34.7,33,72.7,38.8,1.6,6,10.2,17.33,94.34,0.56
100530,Priya,INST-8184,3:45,0,18.3,20.1,66.3,22.5,4.7,21.2,2,17.77,98.43,0
100531,John,INST-8075,2:00,0,30.6,31.4,74.2,48.6,1.4,18.8,7,20.6,96.62,0
100532,Akash,INST-8605,13:00,737.4,42.8,36.8,30.6,44.6,2.9,0,3.1,20.57,92.47,1.5
100533,Kumar,INST-3064,20:30,0,30,29.6,48.4,33.9,2.1,1.1,3.8,20.51,95.59,0.06
100534,Meena,INST-6098,18:15,0,25.7,26.2,13.3,20.6,8.8,0,20.3,17.34,95.55,0.13
100535,Ravi,INST-7915,11:15,264.1,23.3,22.8,87.9,34.2,7.1,17.3,14,21.15,97.96,0.54
100536,Meena,INST-5909,13:30,846.5,42.2,36.9,14.6,36.5,0.1,0,6.7,18.38,96.37,1.34
100537,Meena,INST-7158,6:45,19.6,25.2,26.7,16.6,22.3,1.7,0,8.7,18.17,96.1,0.14
100538,Ravi,INST-1486,6:15,0,23,24.3,25.6,83.6,3.7,0,5.9,18.06,93.83,0
100539,Arun,INST-7208,20:00,0,22.9,23,47.1,47.7,5.6,4.3,15.8,21.79,96.36,0
100540,Priya,INST-2941,4:15,0,22.1,22.6,83.6,48.1,9,24.4,7.3,17.28,96.31,0
100541,John,INST-3434,10:15,843.3,47.4,38.9,4.8,92.6,13.3,0,6.3,17.49,95.29,1.41
100542,Priya,INST-3743,16:45,224.1,32.1,30.2,67.6,54.8,4.8,9.3,20.8,21.29,95.46,0.32
100543,Akash,INST-1599,6:15,0,22.5,23.6,80.5,51.9,5.7,3.9,25.3,18.53,92.59,0.1
100544,John,INST-8282,16:30,395.3,32.9,30.3,20.7,53.8,6.5,0,11,19.99,93.91,0.51
100545,Divya,INST-4830,8:00,348.6,41.2,38.2,32.3,68.3,11.8,0,27.8,17.59,92.5,0.3
100546,Kumar,INST-6468,6:30,9.8,37.9,36.4,22.5,34.3,9.1,0,4.1,22.13,97.01,0.04
100547,John,INST-1139,9:30,282.3,29.7,27.7,74,63.5,9.8,11.8,15.4,21.57,93.04,0.48
100548,Kumar,INST-4438,15:15,445,40.8,36.2,46.4,54.6,11.9,7.8,5.6,21.62,96.89,0.79
100549,Divya,INST-1493,11:15,532.7,43.1,40.6,52,80.8,12.5,8.5,12.6,21.11,94.82,1.11
100550,John,INST-6342,18:00,0,23.2,21.3,51.1,94.6,8.5,20,27.4,20.44,94.74,0
100551,Akash,INST-2043,17:45,206.6,33.2,31.7,17,87.1,1.4,0,3.1,20.32,92.22,0.46
100552,Divya,INST-1439,5:15,0,40.2,41.1,25.6,37.5,9.9,0,2.1,17.34,95.63,0
100553,Akash,INST-7407,5:00,0,29,28,30.3,49.2,13.6,0,6.2,22.22,94.17,0.13
100554,Divya,INST-3601,19:30,0,30.8,30.1,67,40.7,0.1,3.6,1.9,19.4,97.65,0.01
100555,Divya,INST-8539,14:00,378.7,42.1,39.1,66.4,72.5,10.7,7.4,18.4,21.86,93.23,0.6
100556,Akash,INST-8501,12:15,459.9,36.8,34.8,62.9,86.4,2.4,22.1,16.1,21,92.47,0.91
100557,Kumar,INST-9085,13:00,227.9,23.5,20.5,89.6,44.5,6.8,6.3,15.2,19.77,92.51,0.46
100558,Divya,INST-7244,10:45,306.1,19.3,18.3,77,88.8,4.9,18.7,14.5,17.41,95.84,0.37
100559,Divya,INST-3297,15:30,247.6,18.9,18.4,75.7,42.1,8,9.8,2.3,21.58,96.74,0.37
100560,Meena,INST-3915,6:00,1.3,26.8,28.6,80.3,67.6,7.8,16.6,19.8,17.62,96.83,0
100561,Ravi,INST-1797,12:15,298.4,24.6,23.7,83.6,51.6,14.8,8.4,5.8,21.01,93.54,0.72
100562,Arun,INST-3736,1:45,0,36.9,37.6,61,67,9.4,23.4,11.9,19.57,93.63,0
100563,Meena,INST-3844,0:45,0,17.1,18.3,72.3,36.5,9.9,7,18.7,17.26,98.2,0
100564,Divya,INST-2668,22:15,0,19.6,20.3,40.2,67.3,5.8,23.1,23.1,17.8,93.23,0.1
100565,Meena,INST-8899,2:30,0,39.7,39.9,21.4,58.3,11.1,0,15.1,21.23,92.09,0
100566,Priya,INST-6060,7:45,116.6,19.9,19.4,68.2,42.2,2.3,5.1,1.1,22.54,96.19,0.43
100567,Meena,INST-3199,8:30,269.1,34.7,30.5,57.9,68.6,4.3,0.6,25.4,18.99,93.7,0.43
100568,Kumar,INST-4644,19:45,0,22.9,22.4,61.7,24.8,7.4,23.8,1.6,22.95,98.57,0
100569,Arun,INST-9992,6:15,0,27.9,29.2,45.7,34.8,6.4,15.1,9.1,20.46,98.77,0
100570,Divya,INST-2310,11:45,691.1,34.3,28.1,34,52.5,2.3,0,28.6,19.89,97.33,1.12
100571,Priya,INST-5918,19:15,0,21.7,22.2,64.2,42.9,4.2,14.1,14.4,19,97,0
100572,Kumar,INST-1068,0:30,0,42,40.2,59.3,92.8,5.6,12.2,19.2,20.53,94.86,0
100573,Priya,INST-7304,18:15,0,25.8,24.1,17.5,74.2,7.6,0,14.7,21.13,96.88,0.06
100574,Akash,INST-5043,7:45,264.6,36.1,33.1,3.1,72.3,9.7,0,7.8,19.73,96.77,0.39
100575,Arun,INST-1202,3:00,0,39.6,40,71.6,64,13.5,13,5.7,19.54,97.81,0
100576,John,INST-9202,17:45,154.4,39,36.1,52.7,85.2,1.6,14.3,23.9,21.89,93.88,0.16
100577,Akash,INST-6047,0:15,0,16.3,18,85.3,72.2,7.9,16.4,22,18.02,94.62,0.08
100578,Kumar,INST-8970,5:00,0,36.3,37.5,56.1,24.4,2.7,19,7.8,22.41,94.86,0.05
100579,Priya,INST-3721,2:30,0,19.2,21,26.9,22.2,3.5,0,14.6,21.56,92.07,0
100580,Ravi,INST-1685,3:15,0,18.6,18.2,61.8,94,11.4,23.3,14.2,19.02,95.01,0
100581,Meena,INST-6164,7:30,124.9,19.8,19.4,59.9,44.8,1.5,11.4,20.9,21.35,98.22,0.09
100582,Priya,INST-9693,8:15,366.6,36.8,33.8,33.2,51,2.8,0,29.6,22.75,97.69,0.5
100583,Meena,INST-1749,23:30,0,23.5,23.6,74.2,75.4,11.9,8.7,28.2,22.65,95.33,0.06
100584,Priya,INST-7305,9:15,344.3,43,39,64.1,73.7,0.5,12.4,2.6,21.99,98.97,0.93
100585,Divya,INST-3753,14:00,554.5,27.1,23.8,43.4,90.8,10.5,2.6,29.8,17.18,98.5,0.73
100586,Akash,INST-5593,7:30,147.6,36,34.1,59.9,89.2,9.5,12.3,23.9,19,93.57,0.26
100587,Priya,INST-6623,12:45,521,45.3,41.2,58.9,37.5,3.9,7.3,3.3,19.04,96.15,0.81
100588,Priya,INST-7025,4:30,0,29.9,31.8,96.3,24.6,8,21.2,29.4,18.92,94.56,0.07
100589,Arun,INST-9515,21:15,0,19.6,18.2,28.5,43.7,12.2,0,8.9,18.31,96.76,0
100590,John,INST-3389,23:00,0,27.4,25.4,67.9,29.3,15,17.7,14.3,21.97,95.47,0.08
100591,Akash,INST-1963,10:15,316.7,39.5,35.6,74.5,72.5,0.8,21.6,5.4,19.93,94.74,0.78
100592,Arun,INST-1353,17:45,200.4,44.5,41.8,30.4,49.3,7.9,0,8.5,21.18,93.37,0.52
100593,Akash,INST-2594,4:30,0,33.1,31.9,80.2,83.7,10.6,11.4,4.9,17.83,96.87,0
100594,Arun,INST-4436,6:15,0,35.7,35.4,66.2,70.9,14.8,3.7,28.5,19.56,97.89,0.17
100595,Priya,INST-6825,15:15,190.6,31.3,30.4,85.1,52.5,2.2,18.1,7.4,17.71,94.78,0.23
100596,Arun,INST-7150,22:00,0,39.4,38.8,82.2,40.6,9.8,9.2,3.6,17.5,95.42,0.07
100597,Kumar,INST-1377,18:45,9.8,35.9,37.1,24.6,56.3,9.7,0,13,20.43,92.7,0
100598,Arun,INST-7640,22:00,0,38.8,37.6,51.5,59.8,1,20.9,16.2,21.91,96.56,0.1
100599,Kumar,INST-2922,5:15,0,28,28.7,20.4,22.9,8.6,0,19.6,17.53,93.8,0.1
100600,Priya,INST-3043,16:30,365.4,33,28.2,32.7,20,4.5,0,28.4,20.12,97.48,0.68
100601,Divya,INST-3291,18:45,0.9,41.1,41.7,62.6,60.4,3.1,2.5,24.6,18.42,93.32,0
100602,Kumar,INST-3198,19:15,0,25.6,24.7,67.3,51.7,8.2,6.5,19.5,17.98,95.19,0.18
100603,Akash,INST-3346,17:15,254.4,44.8,41.9,6.4,34.4,5.6,0,19.7,21.92,96.23,0.45
100604,Arun,INST-6183,13:45,951.3,26.3,19.9,2.3,28.2,8.2,0,2,20.84,94.54,1.79
100605,John,INST-3397,7:30,252,42.9,41.3,0.9,27.9,13.9,0,5.3,21.37,94.15,0.62
100606,Divya,INST-2565,16:30,251.9,33.8,31.2,63,87.2,2.6,23.7,11.7,19.07,97.19,0.63
100607,Akash,INST-8812,18:15,7.5,35.8,35.1,23.3,30.7,8.5,0,8,22.51,96.47,0
100608,Kumar,INST-7852,22:45,0,42.9,41.7,34.6,57.7,4.1,0,12.8,22.65,98.17,0.13
100609,John,INST-2424,9:45,312.3,34.1,33.2,69.4,38,1.4,14.4,2.5,18.72,98.51,0.69
100610,Ravi,INST-7946,21:15,0,32.4,30.4,58.4,86.6,10.5,10.1,18.5,22.47,97.22,0.09
100611,Meena,INST-5001,23:00,0,41.8,41.2,68.6,86.1,7.9,5.6,2.3,22.04,95.6,0.18
100612,Akash,INST-9118,12:15,704.6,44.8,39.9,33.6,60.4,11.5,0,3.5,18.8,94.05,1.11
100613,Akash,INST-4562,9:00,226.7,38.5,38.4,84.2,20.4,6.9,7.5,3.2,19.1,97.06,0.37
100614,Ravi,INST-2660,13:45,824,46.1,39.6,17.8,88.5,0.1,0,23.1,18.5,95.29,1.23
100615,Meena,INST-8017,5:30,0,29.9,28.5,28.7,32.1,5.3,0,13,19.16,98.09,0
100616,Kumar,INST-5667,1:15,0,37.5,35.9,51.6,32,3,12,20,18.59,94.95,0.02
100617,Arun,INST-6322,12:45,919.7,43.2,37,11.8,45.8,0.2,0,20.5,17.31,97.81,1.37
100618,Ravi,INST-8116,15:30,540.7,33.3,28.3,25.4,74.7,2.8,0,8.4,17.69,93.84,0.94
100619,Akash,INST-4250,15:00,335.4,27.1,22.3,63.1,64.3,9.5,5.7,4,17.23,98.93,0.73
100620,Akash,INST-1289,19:15,0,18.9,19.2,27.3,43,9.5,0,6.9,19.02,95.35,0
100621,Ravi,INST-5985,3:30,0,41.5,40.6,49.1,38.5,13.4,4.5,0,20.96,94.25,0
100622,John,INST-2650,13:15,782.8,31,26,22.7,70.2,10.2,0,23.1,17.78,94.52,1.29
100623,Meena,INST-4903,20:30,0,28.8,27.2,36.8,29.8,11.1,0,3.6,20.52,98.39,0.06
100624,Kumar,INST-4160,22:45,0,20,19.8,94,45.7,10.9,24.7,6.1,21.32,92.31,0
100625,John,INST-6690,11:45,494.3,32.5,28.5,56.7,59.3,14.3,19.8,5,18.64,98.77,0.8
100626,Ravi,INST-4116,23:45,0,30.8,30.8,59.6,25.6,6.6,12.7,16.9,19.34,96.25,0
100627,Ravi,INST-3621,18:15,0,40.3,40.3,53.3,57.8,10.8,6.5,25.6,18.78,93.88,0
100628,Kumar,INST-1747,17:15,207.8,41.5,40.6,26.3,30,13.1,0,1.5,22.88,98.93,0.35
100629,Priya,INST-1022,20:30,0,40.6,41.3,70.6,91,13.3,6.6,4,22.39,94.06,0.19
100630,Ravi,INST-6824,7:30,243.4,34.8,30.9,15.9,78.4,11.7,0,3.2,21.47,94.67,0.55
100631,Kumar,INST-8244,7:30,209.9,40.1,37.4,24.2,31.7,3.5,0,21.8,19.21,98.32,0.19
100632,Arun,INST-8526,5:15,0,30.7,29.8,35.1,68.6,0.3,0,4.9,18.07,94.76,0.04
100633,Priya,INST-3351,2:45,0,41.7,39.8,39.6,27.5,7.9,0,21.8,21.85,96.22,0
100634,Ravi,INST-2802,0:00,0,35.6,36.5,30.6,90.4,9,0,23.8,17.06,97.54,0.02
100635,Meena,INST-2392,6:15,2.5,27.3,28.7,43.2,44.9,2.3,1.4,20.8,20.76,92.86,0.13
100636,Priya,INST-9923,9:00,449.3,26.8,21.4,46,21.8,6.4,3.7,19.7,18.36,98.15,0.68
100637,Priya,INST-9057,5:00,0,40.1,41,38,25.7,5,0,10.8,22.55,92.59,0
100638,Arun,INST-3917,13:30,538.7,26.8,21.6,54,42.6,12.3,8.7,3.1,22.5,96.63,1.33
100639,Priya,INST-1035,4:15,0,28.3,27.4,45.6,78.9,7.2,1.7,17.3,22.76,93.95,0
100640,Arun,INST-3979,12:30,757.5,40.6,34.6,28.7,79.5,5,0,24.1,20.92,93.72,1.27
100641,Divya,INST-9826,17:45,168.3,29,27.2,47.9,51.6,8.7,17.3,22.4,21.22,93.65,0.1
100642,Ravi,INST-6937,17:45,89.8,19.6,19.4,86.2,83.7,13,20.5,8.8,17.86,97.97,0.34
100643,Akash,INST-4973,6:15,0,41.9,41.1,5,48.3,0.4,0,28.9,19.23,96.91,0.07
100644,Priya,INST-8812,19:15,0,25.1,26.8,22.4,25.8,8.5,0,24.4,17.9,93.28,0.1
100645,John,INST-8703,13:30,650.1,22.2,18.3,40,24.5,9.6,0,18.1,18.04,93.12,0.95
100646,Akash,INST-8443,17:30,80.5,35.4,35,82.7,31.8,14.6,13,29.3,17.75,93.48,0.16
100647,Kumar,INST-7427,5:00,0,28.5,29.2,85.3,68.1,12.4,4.1,24.1,20.88,93.36,0
100648,Priya,INST-6942,19:30,0,24.9,24.8,22.2,24.9,9,0,22.7,18.85,95.86,0.06
100649,Ravi,INST-4937,8:00,136.3,33.8,31.5,87.9,23.4,4.7,23.6,0.3,19.14,93.98,0.2
100650,Kumar,INST-6152,12:30,277.7,22.3,20.3,87.6,75.6,1.5,20.2,4.5,20.52,94.67,0.56
100651,Ravi,INST-5753,5:15,0,20.4,19.9,74.6,91.5,3.5,5.4,20.4,17.85,97.03,0.2
100652,Meena,INST-8331,4:30,0,34.7,33,43.3,23,10.7,17.1,7.2,22.98,96.25,0.18
100653,Divya,INST-2595,0:15,0,26.9,25.4,81.3,79.8,13.4,12.5,13.6,18.02,94.07,0
100654,Meena,INST-6789,2:00,0,35.6,36.5,34.3,55.5,3.8,0,26.3,20.9,92.98,0
100655,Divya,INST-1648,11:30,689.7,44.3,40,36.1,47.5,12.7,0,28.6,19.24,96.78,1.1
100656,John,INST-1699,19:00,0,25.2,23.9,79.3,20.6,12.8,7.3,4.7,19.4,92.51,0
100657,Divya,INST-2531,11:45,627.9,41.3,37.6,42.2,33.5,1.6,24,11.9,19.6,94.81,0.92
100658,Meena,INST-8967,6:45,0,32.9,31.1,10.3,30.9,3.2,0,17,22.93,97.42,0
100659,Meena,INST-8046,15:15,693.1,47.4,40.9,4.9,40.2,9.5,0,2.5,17.42,94.84,1.04
100660,Divya,INST-7876,16:15,239.3,38.3,37.9,60.3,87.6,5.1,18.8,4.9,19.1,94.93,0.41
100661,Arun,INST-8156,11:45,372.1,41.3,39.5,74.1,74.2,8.7,3.6,19.9,21.94,97.14,0.84
100662,Meena,INST-1232,4:45,0,29.3,30,94.7,79.4,10.1,6.6,21.7,22.93,98.6,0.14
100663,Divya,INST-2596,1:15,0,23.3,22.5,79.7,78.1,9,5.4,6.3,18.15,96.76,0.18
100664,Meena,INST-6960,0:30,0,31.5,30.1,91.7,72.4,9.7,11.4,12.3,19.11,95.8,0.01
100665,Meena,INST-2857,5:45,0,22.6,22.2,54.3,60.7,5.7,21.1,20.7,19.62,93.98,0.05
100666,Priya,INST-2435,3:00,0,32.4,32.8,72,57.2,11.3,23.2,3,19.66,96.07,0
100667,John,INST-7891,6:15,2.1,22.2,20.7,69.9,91.3,5.3,19.8,13.9,22.45,96.51,0.12
100668,Akash,INST-1124,11:15,588.9,37.9,33.8,45.7,87.7,13.6,16.8,0.1,22.45,92.23,1.03
100669,Meena,INST-9502,23:30,0,43,41,46.8,38.1,14.6,4.8,19.3,21.97,97.61,0.03
100670,Arun,INST-7396,23:15,0,24.3,25.6,52.2,37.3,10.7,3.2,3.6,20.46,94.74,0.1
100671,John,INST-3605,10:15,786.5,25.9,18.3,8.4,31.5,9.3,0,16.3,22.83,96,1.39
100672,Arun,INST-8433,20:30,0,32.5,33.7,34.9,34.5,12.6,0,21.8,21.84,94.65,0
100673,Ravi,INST-5505,2:15,0,33.6,33.3,70.2,27.8,6.9,14.9,3.2,18.69,98.26,0
100674,Divya,INST-6921,6:45,11.8,28,27.9,9.1,66.9,3.2,0,12.6,22.34,96.43,0
100675,Arun,INST-3945,9:00,234.3,36.5,33.1,81.3,28.8,5.1,8.7,29.8,20.6,92.04,0.39
100676,John,INST-2992,6:00,0.7,35.1,36.3,48.2,47.4,13.5,0.7,4.2,17.5,96.84,0
100677,John,INST-8890,6:00,2.1,26.1,25.1,31.4,57.2,7.7,0,12,18.16,93.21,0.08
100678,John,INST-7436,3:30,0,23.8,22.9,33.3,52.5,6.7,0,17.9,18.63,94.23,0
100679,Akash,INST-8033,6:30,5.3,18.3,19.5,33.7,22.5,7.7,0,17.6,18.76,97.79,0.07
100680,Meena,INST-7525,0:00,0,26.9,25.7,34.4,46.8,1.1,0,19.7,19.23,97.46,0
100681,Meena,INST-1178,22:30,0,30.9,31.6,37.1,37.4,1,0,8.5,18.27,93.52,0.02
100682,Priya,INST-7909,21:45,0,24.5,25.7,45.4,80.2,7.5,24.8,12.6,17.74,93.2,0
100683,Akash,INST-4873,18:00,5.7,40.5,38.5,25.7,88.4,4.3,0,25.2,19.42,98.27,0.18
100684,Ravi,INST-6527,20:00,0,21.5,20.3,25.6,74.2,4.1,0,22.6,19.4,95.9,0
100685,Ravi,INST-7444,9:45,451.1,45,39.9,44.4,90.3,1.5,5.6,24.8,17.83,98.95,0.84
100686,Akash,INST-4708,5:00,0,39.1,39.7,35.3,87.7,14.8,0,28,22.21,93.82,0.11
100687,Priya,INST-1786,9:00,574.8,41.3,37,23.7,72.4,13.9,0,17.5,17.72,94.24,0.73
100688,Akash,INST-8320,21:00,0,23.7,23.8,61.7,56.8,4.2,19.3,14.5,17.55,97.36,0.08
100689,Meena,INST-4971,21:15,0,19.8,19.8,75.6,35.9,10.1,11.7,11.6,19.93,94.38,0.13
100690,Meena,INST-6108,22:45,0,36.8,38.3,72.4,29.8,13.8,9.6,13.6,20.72,93.42,0
100691,Priya,INST-5552,13:15,486.8,34.3,31.9,61.8,54.6,1.6,2.8,0.5,19.77,93.87,0.89
100692,Divya,INST-6766,8:00,135.8,28.1,28.4,83.4,57.7,7.6,1.3,8.2,17.59,96.54,0.31
100693,Akash,INST-4177,9:15,497.3,34.8,30.7,36.2,52.5,10.2,0,19.4,22.75,93.54,0.78
100694,Ravi,INST-5361,7:00,146.5,41.2,39.2,47.9,50.3,5.9,5.5,24.7,21.15,95.47,0.13
100695,Kumar,INST-6695,20:30,0,22.9,24.9,76.5,33.9,13.6,15.6,22.2,22.12,96.82,0
100696,Priya,INST-3730,5:30,0,19.5,21.4,92,55.6,5,4.4,7.9,17.46,96.75,0.14
100697,Meena,INST-8763,18:00,0,21.9,20.6,43.9,62.5,14.9,20.9,15.8,18,93.03,0
100698,John,INST-6499,14:45,408.3,27.5,24.2,66.1,47.3,0.2,8.8,21.3,22.35,97.42,0.94
100699,Divya,INST-2847,8:00,441,28.9,23.3,13.3,46.8,0.5,0,17.3,21.17,95.02,0.69
100700,Priya,INST-4175,12:00,291,38.3,34.3,86.9,53.7,14.4,13.2,8,21.07,98.22,0.53
100701,Akash,INST-5526,9:15,686.1,32.4,26.2,3.7,52.5,6.8,0,29,21.75,94.02,1.39
100702,Divya,INST-3410,14:15,517.8,34.4,31.4,47.1,56.5,1,7.4,13.6,18.3,97.78,0.71
100703,Divya,INST-6010,0:45,0,36.2,38,48.2,30.3,13.2,19.6,15.1,22.75,95.93,0.18
100704,John,INST-3337,23:15,0,39.2,40,54.6,22.4,14,6.2,20.4,19.32,94.79,0.16
100705,John,INST-5948,19:30,0,30,28.5,33.9,80.3,2.1,0,23,18.5,94.91,0
100706,John,INST-2402,9:45,412.7,42.2,39,49.1,30.4,6.6,7.8,28,21.28,95.28,0.69
100707,Akash,INST-7721,14:00,254.4,36.9,36.4,82.1,30.5,13.6,19.7,17.4,19.24,96.35,0.59
100708,John,INST-1877,12:15,678,44.5,37.4,36.3,54.5,0.8,0,1.6,21.98,96.55,1.36
100709,Priya,INST-5760,18:45,14.6,21.4,20.9,62.2,58.3,10.8,17.5,15.5,20.37,98.77,0
100710,Arun,INST-5929,20:30,0,41.7,40.5,77.5,66.8,3,1.7,4.6,22.28,95.64,0
100711,Priya,INST-8761,0:45,0,39.4,40.2,51.3,56.3,2.8,5.9,25.4,18.56,96.29,0
100712,Priya,INST-8083,4:00,0,38.3,37.6,34.8,32.8,11.1,0,16.4,19.86,94.03,0.07
100713,Divya,INST-7018,21:30,0,33.2,34.7,51.3,51.3,6.4,0.7,13.7,20.39,92.08,0
100714,Divya,INST-1698,11:15,635.9,31.9,24.6,42.1,46.8,12.8,12.6,10.5,21.24,94.73,1.04
100715,Arun,INST-6764,20:30,0,37.2,38.6,56.8,78.9,9.9,23.1,2,22.04,95.39,0.19
100716,Arun,INST-9306,21:30,0,27.6,25.8,30.4,46.1,9.3,0,12.1,17.27,97.96,0
100717,Priya,INST-2740,15:45,524.7,42.6,36.5,29.1,79.7,1.6,0,26.4,21.37,94.69,1.11
100718,Priya,INST-2014,19:30,0,36.6,38.3,29.2,77.3,9.1,0,25.2,22.54,94.25,0.08
100719,Akash,INST-3182,20:15,0,30.5,29.8,35.7,36.9,11.1,0,13,20.17,97.53,0
100720,Ravi,INST-2576,6:00,15.7,26.4,26.6,72.9,61,1.1,4.6,21.9,22.47,96.5,0.03
100721,Kumar,INST-8761,16:30,382.3,42.9,38.5,32.1,52.9,9.4,0,26.2,20.41,92.89,0.64
100722,Priya,INST-2932,15:15,681.4,25.5,18.5,4.6,41.7,12.4,0,11.7,19.15,98.11,1.07
100723,John,INST-2225,17:15,110.5,30.5,30,76.8,24.2,10.5,2.8,14.1,22.5,93.84,0.03
100724,Meena,INST-7904,8:15,385.1,24.7,21.3,30.1,75,13.9,0,19.9,22.27,93.65,0.55
100725,Ravi,INST-6666,2:45,0,31,32.7,67.9,61.4,14.2,6.8,1.3,17.21,95.55,0.06
100726,Akash,INST-8824,9:15,677.9,43.5,36.6,1.9,60.1,12.9,0,20.5,21.43,95.87,1.07
100727,Akash,INST-3051,13:45,552.4,25.9,20.8,49.5,87.8,5.3,8.6,27.5,18.43,92.64,0.62
100728,Akash,INST-9785,18:00,0,36.5,35.3,89.2,25.7,1.9,4.5,1.3,19.1,96.59,0
100729,John,INST-3125,19:45,0,19.2,20.9,58.3,38.8,8.2,12.4,22.1,19.14,98.41,0
100730,John,INST-7011,17:30,79.9,39.4,39.4,78.2,60.6,1.6,8.7,12.3,22.7,95.4,0
100731,Arun,INST-9535,7:30,103.2,29.1,26.9,66.8,30.6,14.7,17.5,19.5,19.72,92.8,0.17
100732,Ravi,INST-5428,8:45,405.9,24.2,19.4,27,48.8,0.3,0,11.5,19.66,93.57,0.66
100733,Akash,INST-9724,1:30,0,38.1,36.3,22.5,88.3,11.3,0,10.1,21.97,93.84,0.1
100734,Kumar,INST-1448,10:45,315,43.9,40.3,77.9,80.6,8.3,23.8,28,18.72,98.94,0.52
100735,Akash,INST-9501,8:15,138.6,41.9,41.8,86.4,88.1,4.2,17.1,8.2,22.99,97.4,0.22
100736,Akash,INST-1632,19:30,0,35,33.8,48.9,80.8,9.1,3.1,17.1,18.93,93.85,0
100737,Divya,INST-1282,14:00,581.7,35.7,29.5,42,36.3,0.9,23.5,8.3,20.66,94.2,0.91
100738,Arun,INST-5227,8:30,159.2,33,33.1,78.2,66.3,0.7,2.9,1.2,21.11,98.02,0.36
100739,Ravi,INST-4734,1:30,0,19.8,18.4,98,83.7,8.1,1.1,7,17.65,95.55,0
100740,Priya,INST-4882,6:30,13.2,32.7,34.3,51.3,52,4.2,0.6,18.2,19.16,98.83,0.18
100741,Meena,INST-8711,9:00,603.9,47,40.3,14.4,21.9,9.1,0,24.2,20.06,97.47,1.03
100742,Meena,INST-4520,12:00,493.2,41,36.3,59.1,91.6,14.4,24.8,17,22.99,96.41,1.09
100743,Priya,INST-9646,1:45,0,29.8,30.5,72.7,34.6,8.6,22.8,9.9,21.79,98.84,0
100744,Meena,INST-2890,22:15,0,40.6,41,55.6,26,8.4,1.9,10.9,19.9,93.61,0.11
100745,Kumar,INST-3052,17:15,104.4,31.5,32,69.9,39.5,4.3,7.8,2.4,19.53,98.88,0.23
100746,Kumar,INST-3947,14:00,754.4,43.5,36.4,15,55.2,1.5,0,26.1,22,92.17,1.2
100747,Priya,INST-3168,16:45,155.1,29.2,27.7,81.4,73.4,1.8,22.4,27,20.55,96.32,0.46
100748,Ravi,INST-2208,23:30,0,40.4,39.9,96,75.6,6.5,18.9,21,21.4,97.07,0.04
100749,Priya,INST-3494,0:30,0,28.2,28.9,73.9,33.3,10.8,7,23.2,18.39,95.45,0
100750,Akash,INST-5673,10:45,646.2,28.1,21.4,28.7,75.1,14.8,0,6.3,20.11,96.03,1.25
100751,Priya,INST-6690,9:15,635.2,35.4,28.5,10.7,41.6,13.8,0,29.7,21.52,98.47,1.21
100752,Arun,INST-2572,6:15,16.1,41.3,41,2.5,79.9,0.1,0,25,17.15,93.42,0.2
100753,Akash,INST-8288,16:15,180.2,23,20.6,74.8,83.4,6.7,10.8,7.9,22.19,98.95,0.47
100754,Priya,INST-6795,2:15,0,25.9,25.9,78.2,40.7,9.5,12.8,23.3,21.24,94.2,0.17
100755,Akash,INST-2645,22:30,0,32.7,31.4,35.2,67,14.2,0,18.8,18.48,96.1,0.15
100756,Kumar,INST-4205,8:45,455.8,38.5,35.6,13.6,34.9,13.1,0,28.5,22.14,97.25,0.64
100757,Priya,INST-9039,17:15,102.6,35.8,34.5,63.9,67.3,3.5,8.7,15.9,22.73,98.15,0.35
100758,John,INST-8947,15:45,391.8,27.2,25.1,53.8,92.2,13.5,19.1,12.6,19.68,93.73,0.65
100759,Arun,INST-8614,10:00,636.2,27.9,21.1,31.3,83,13,0,18,21.12,92.2,1.03
100760,Kumar,INST-7701,1:30,0,25.2,25.6,40.9,53.1,6,22.8,8,21.37,94.38,0.13
100761,John,INST-8334,13:15,537.8,27.9,22.9,51.5,91.1,9.2,8.2,18.1,17.12,97.06,0.93
100762,Priya,INST-6460,11:00,492.2,29.6,26.7,58.9,31.8,8,21.5,6.9,21.81,98.37,0.95
100763,Kumar,INST-5074,0:00,0,36.2,36.1,87.6,57.6,11.9,1.1,8.5,17.15,96.42,0.08
100764,Ravi,INST-5463,23:00,0,26.7,27.1,85,81.4,13.1,21.5,2.3,20.03,96.92,0.09
100765,Ravi,INST-1241,23:15,0,31.7,32.1,27.6,82.4,12.9,0,23.5,19.55,97.2,0
100766,Divya,INST-4320,3:30,0,31.3,31.8,97.5,52.2,3.3,10.2,8.4,18.71,96.92,0
100767,Akash,INST-1282,15:45,213,36.7,35.1,85.6,63.3,0.4,19.3,13.4,19.86,92.76,0.29
100768,Arun,INST-2370,3:15,0,41,40.6,36.6,26.3,6,0,25.1,20.14,97.88,0.1
100769,Ravi,INST-9084,8:45,376.7,24,21.6,28,62.4,6.1,0,0.2,21.14,97.29,0.89
100770,Divya,INST-6128,20:15,0,35.1,35,45.7,84.4,14.9,2,3.2,21.2,94.63,0.1
100771,Arun,INST-9518,23:00,0,30.4,28.5,33.3,22.9,6.4,0,5.1,21.82,95.41,0.1
100772,Akash,INST-7543,0:30,0,42.8,41.9,29.4,86,4.1,0,9.7,22.34,95.95,0
100773,John,INST-9572,21:15,0,40.3,40.8,84.2,65.3,7.1,5.3,9.9,21.48,98.97,0.17
100774,Arun,INST-9591,22:45,0,26.6,28,20.8,25,14.7,0,9.4,18.13,96.86,0.02
100775,Meena,INST-2551,1:45,0,20.1,19.6,67.6,86.3,5.2,0.4,5.8,18.71,98.38,0
100776,John,INST-7017,19:45,0,32,31.5,94.7,35.2,8.9,2.6,6.5,18.07,95.95,0
100777,Akash,INST-6409,18:30,9.5,34.5,32.8,87,35.7,0,5.8,6.5,22.58,96.3,0
100778,Divya,INST-1004,10:00,266.2,32.3,30.3,80.6,69.9,4.9,12.5,3.5,20.36,94.64,0.46
100779,Divya,INST-6816,9:30,441,43.7,38.2,47.8,90.9,12.5,17.8,25.2,20.36,95.43,0.86
100780,Priya,INST-8133,20:30,0,40.2,38.8,34.2,77.8,5.2,0,12.7,20.7,98.13,0.17
100781,Kumar,INST-7266,11:15,309.7,24.7,22.7,84,34.6,8.8,8.2,27.3,22.49,95.52,0.38
100782,John,INST-1549,20:30,0,29.5,27.6,71.3,72.8,4.1,1.4,17.2,17.18,97.03,0
100783,Divya,INST-9033,5:45,0,33.7,33.5,80,27.8,5.5,15.3,21.4,21.23,93.24,0.14
100784,Priya,INST-7874,3:00,0,34.3,35.1,55.5,84.3,4.2,21.3,19.7,21.42,94.33,0.07
100785,Meena,INST-3772,18:30,17.6,29.2,27.7,46.5,70.2,1,20.6,15,21.37,92.59,0.01
100786,John,INST-4255,22:45,0,37.3,35.9,33.8,20.2,4.1,0,10.5,19.05,95.98,0.08
100787,Divya,INST-2444,3:00,0,19.3,20.1,34.6,67,0.3,0,5.1,17.06,96.47,0
100788,Kumar,INST-6042,21:15,0,35,35.7,79.8,48.4,4.3,7,17,19.48,97.85,0
100789,Kumar,INST-3901,9:30,327.8,32.8,29.8,62.8,46.2,9.6,11.2,18.9,21.99,92.26,0.74
100790,Akash,INST-3551,17:15,63.3,34.8,33.5,89.4,41.7,5.1,24.2,16.5,21.46,93.88,0.12
100791,Kumar,INST-5230,6:45,16.9,31.1,30.4,23.5,55.6,7,0,9.7,20.38,96.61,0.19
100792,Meena,INST-2713,20:30,0,17.9,18.2,89.5,45.1,9.7,2.5,27.4,18.84,95.27,0
100793,Ravi,INST-8192,19:45,0,35.6,34.7,67.5,55.5,3.7,18.1,18,19.9,94.81,0
100794,Kumar,INST-9306,3:45,0,24.8,24.5,54.1,64.5,2.5,4.2,9,20.58,96.88,0.01
100795,Arun,INST-3128,21:30,0,17.7,19.3,83.1,79.5,2.1,8.7,11.9,19.76,96.61,0
100796,Arun,INST-5936,9:00,623.5,34.6,28.5,16.6,31.6,8.3,0,23.3,17.03,93.12,0.71
100797,Akash,INST-4481,15:45,274.5,37,36.3,74.8,29.6,11.4,3.3,23.2,22.39,97.74,0.62
100798,Akash,INST-7452,17:00,198.3,41,41.3,31.2,86.4,2.7,0,7.1,19.17,95.51,0.15
100799,Akash,INST-2265,20:15,0,21.4,22.5,31,52.7,5.1,0,19.6,19.55,93.99,0
100800,Divya,INST-1570,8:45,428.6,32.4,30.4,16.2,80.5,5.2,0,22,20.94,94.83,0.88
100801,Arun,INST-6226,4:45,0,18.9,18.3,74.9,70.3,6.3,1.4,12.7,21.45,92.81,0.12
100802,Divya,INST-9225,11:45,463.9,43.6,41.3,64.1,33.4,6.4,19,26.1,17.48,92.05,0.83
100803,John,INST-4237,16:45,335.5,23.2,19,39.1,54.5,0.8,0,18,19.22,94.98,0.63
100804,Ravi,INST-9892,8:15,386.7,31.1,28.7,26.4,22.7,1.7,0,22,20.19,94.77,0.53
100805,Priya,INST-3065,23:15,0,27.4,28.3,70.6,92.9,10.3,6.1,24.8,22.01,97.13,0.01
100806,Divya,INST-1665,2:30,0,23.4,21.5,49.8,67.8,13.2,9.5,29.4,17.47,98.49,0.1
100807,Akash,INST-7565,0:15,0,24.8,24.2,96,86.2,12.6,10.8,3.5,18.15,93.83,0
100808,Kumar,INST-1800,11:45,827.4,32.2,24.6,19.4,33.9,7.5,0,1.4,19.39,93.27,1.4
100809,Ravi,INST-7671,6:00,6.3,24.5,24.6,70.4,79.3,9.5,2.4,6.7,21.25,93.55,0.06
100810,Divya,INST-7893,20:30,0,29.6,29.4,63.3,45.7,4.8,20.6,4.6,22.13,95.49,0.01
100811,Arun,INST-7390,8:45,502,45.9,41.2,2.9,62.1,5.2,0,6.2,22.91,94.58,0.97
100812,Meena,INST-8397,21:45,0,31.7,33,22.4,46.4,6.5,0,29.9,17.14,98.81,0.02
100813,Divya,INST-4845,12:15,734.1,26.7,21,34.1,35.8,1.7,0,8.7,22.19,97.37,1.71
100814,Akash,INST-7693,11:15,666.9,30.7,25.7,37.6,27.9,13.3,0,28.8,21.57,94.22,1.17
100815,Akash,INST-4688,12:45,423.8,42.3,40.2,68.1,85.5,6,0.1,24.9,21.58,96.59,0.85
100816,Priya,INST-7280,18:45,0,33.7,33.3,87.7,30.4,9.3,25,18,21.39,98.62,0
100817,Kumar,INST-3727,18:45,18.1,19.1,18.5,61.6,79.2,5.8,12.8,5.8,22.48,95.2,0.13
100818,Kumar,INST-3870,15:15,527.7,42.7,39.5,29,54.6,3.7,0,18.1,22.94,97.58,1.26
100819,Priya,INST-6427,5:15,0,39.1,41.1,57,22.4,10.2,21.7,29.9,22.17,92.49,0
100820,John,INST-9803,3:00,0,36.1,37.9,55.1,80.9,12.4,18.1,1.2,19.4,98.49,0.05
100821,Divya,INST-8021,3:00,0,25.6,24.3,31.7,76.5,1.7,0,5.1,19.48,94.38,0.17
100822,Divya,INST-4442,8:00,384,33,29,29.7,76.4,11.4,0,10.3,21.14,94.31,0.71
100823,John,INST-5510,19:00,0,20.7,21.6,80.9,36.6,5.6,9.1,8.7,22.67,93.11,0.05
100824,Divya,INST-8206,21:30,0,35.8,37.3,32.4,65.6,12.9,0,7.7,18.37,97.96,0.03
100825,Arun,INST-1197,8:30,239.4,43.5,41.9,64.9,66.4,2.6,8.6,4.7,22.12,94.2,0.44
100826,Divya,INST-3770,16:45,450.1,23.9,18.3,15.8,45.7,4.6,0,6.7,18.67,97.45,0.91
100827,Kumar,INST-6840,15:45,410.7,22.7,18.3,51.2,81.4,11.8,22.5,22.2,19.18,92.23,0.7
100828,Meena,INST-9313,2:30,0,31.8,30.8,64.3,85.4,14.6,1.4,17,18.49,93.79,0.1
100829,Kumar,INST-4741,22:45,0,40.6,41.5,34.2,40.8,11.1,0,22,22.5,98.34,0
100830,John,INST-1997,6:15,10.5,27.9,29.5,22,86.1,0.8,0,23.7,17.44,95.35,0
100831,Divya,INST-4234,3:15,0,23.2,25.2,67.9,52.2,13.6,18,13.3,20.86,96.12,0.05
100832,Divya,INST-1008,8:45,274.2,24.6,22.2,54.1,58.6,14.3,7.5,26,18.49,93.93,0.44
100833,John,INST-8209,3:15,0,27.6,25.7,59,55.3,2.4,1.6,13,18.83,98.48,0
100834,Arun,INST-4171,3:15,0,29.3,30,37.1,59.8,1.5,0,9,20.66,96,0
100835,Arun,INST-4144,12:15,365.1,26.6,21.8,76.7,93.6,9.8,19.7,23.4,18.62,98.53,0.58
100836,John,INST-7075,4:30,0,27.5,26.5,46.7,53.7,6.4,9.8,12.5,21.57,94.83,0.19
100837,Meena,INST-3292,14:30,861.5,31.1,23,1.8,42.1,5.6,0,9.7,21.75,94.28,1.71
100838,Kumar,INST-4522,19:45,0,19.5,20.6,88.5,44.4,7.2,18,14.1,22.83,92.32,0.06
100839,Divya,INST-5093,8:45,460,30.2,26.2,5.3,52.9,4.3,0,14.2,22.29,92.52,1.07
100840,Akash,INST-3486,4:30,0,31.2,31.5,65.9,44.6,8.2,16.5,16.7,21.9,96.83,0
100841,Priya,INST-6143,11:45,413.2,28.1,25.7,67.3,47.2,3,24.3,7.8,20.62,98.53,0.66
100842,Akash,INST-8001,12:45,414.7,24.9,19.4,71.8,48,8.5,24.9,28.8,22.24,94.29,0.76
100843,John,INST-6468,20:00,0,33.5,31.6,78.8,78.5,8,20,25.4,17.53,98.46,0.04
100844,Kumar,INST-2197,21:45,0,30.7,29.2,85.4,94.6,2.3,8.3,5.5,20.45,95.18,0.11
100845,Akash,INST-1351,12:30,1000,25.7,18.5,0.6,52,3.9,0,6.7,21.05,94.29,1.9
100846,Kumar,INST-6810,22:15,0,20.8,21.6,35.1,27.6,8,0,28.3,17.24,92.89,0
100847,Priya,INST-6365,10:15,426.6,27.4,21.9,59.2,37.5,13.8,19.3,0.8,22.27,98.61,0.78
100848,Akash,INST-1416,14:15,616.8,31.5,27.6,34.2,48.5,12.2,0,2.8,18.05,98.39,1.17
100849,Priya,INST-3668,6:00,9.6,28.7,26.6,84.7,51.1,3.2,2.3,15.2,19.87,95.56,0.19
100850,Ravi,INST-1118,12:45,714.1,34.2,26.5,36,82.7,6.5,0,25.4,18.8,99,0.99
100851,Akash,INST-8722,0:30,0,37.7,39.5,78.4,83.6,2.7,0.2,15.6,17.84,95.29,0
100852,Kumar,INST-5801,11:45,366.3,25.3,22.2,74.1,31.4,12.1,16.7,11,22.55,97.51,0.57
100853,Kumar,INST-6014,12:30,308.9,29.4,25.7,81.8,44.9,13.3,0.9,26.2,22.48,92.33,0.51
100854,Arun,INST-3591,3:00,0,23,23.3,47.9,25,14.5,11.6,12.5,22.39,95.08,0.14
100855,Ravi,INST-6102,15:45,220.3,27.7,25.7,81,91.8,10,2.4,14.8,21.99,96,0.28
100856,Arun,INST-3336,7:00,123.2,26.3,24.8,66.9,38.7,3.8,18.3,9,21.26,95.24,0.27
100857,John,INST-3157,10:45,608.4,42.1,35.7,33.7,76.1,12,0,19,21.77,98.86,0.99
100858,Ravi,INST-4896,5:45,0,31.7,31.7,45.8,45.8,9.4,20.4,17.3,19.71,93.5,0.05
100859,Divya,INST-2930,23:30,0,29.7,30.3,72.4,94.8,2.8,8.5,26.2,21.63,95.19,0
100860,Meena,INST-9504,8:00,203.8,20.5,18.6,70.4,27.1,14.6,20.8,3.6,21.28,92.88,0.33
100861,Divya,INST-8146,17:00,90.1,24.4,22.4,87,86.4,7.7,3.5,20.4,21.66,93.39,0.26
100862,Arun,INST-9692,16:00,194.4,26.9,23.5,72,59.8,5.6,2.5,5,20.81,96.33,0.52
100863,Arun,INST-9860,19:45,0,26.5,24.7,88.7,91.2,4.4,22.5,29.2,22.36,95.28,0
100864,John,INST-1005,2:30,0,32.9,34,76.7,75,8.9,1.7,22.7,17.84,95.37,0
100865,Kumar,INST-7410,5:45,0,24,22.6,51.3,25.3,14.5,6.9,26.8,17.74,97.18,0.18
100866,Arun,INST-4372,14:15,439.8,20.4,18.3,60.5,43.3,1.5,15.7,14.1,20.96,94.09,0.66
100867,Divya,INST-3517,2:30,0,39,40.8,90,82.8,3.8,15.7,12.8,18.01,96.97,0.15
100868,Divya,INST-5769,7:00,250.9,44.6,41,8,38.1,12.7,0,14.8,21.21,95.03,0.29
100869,Priya,INST-5590,23:30,0,32.7,33.4,92.4,70,3.8,8.9,0.4,21.28,95.4,0.03
100870,Kumar,INST-8106,21:30,0,37.6,36.7,28.3,62.1,12.6,0,11.3,20.11,98.48,0
100871,Priya,INST-2615,18:00,10.6,27.4,26.7,10.6,87.8,6.3,0,11.8,21.47,94.43,0.14
100872,Divya,INST-9564,1:45,0,34.2,33.1,85.1,70.2,0.4,14.2,0.7,22.68,92.69,0.17
100873,Ravi,INST-8481,8:30,186.9,41.9,41.4,73.7,53.5,0.7,11.5,29.7,18.58,97.56,0.17
100874,Meena,INST-7575,11:15,368.2,29.5,26,76,75.5,12.5,5.7,24.9,17.61,97.05,0.61
100875,Meena,INST-9146,20:15,0,24.3,22.9,80.5,56.4,5.1,10.9,10.8,17.96,93.18,0
100876,Kumar,INST-6087,16:30,217.7,30.1,27.6,68.1,34.9,1.4,14.9,26.3,19.43,93.84,0.43
100877,Meena,INST-7500,4:45,0,42.2,40.9,28.3,86.6,4.4,0,17.1,17.49,99,0
100878,Ravi,INST-5028,17:15,120.2,32.2,29.9,60.1,93.7,3.7,5.6,19.4,18.3,92.09,0.08
100879,Ravi,INST-8917,14:45,524.6,25.7,22.6,50.1,58.9,6,14.4,27.1,19.32,93.83,0.94
100880,Meena,INST-5318,13:30,718.9,29.8,23.6,32.8,25.8,10.4,0,9.6,21.96,96.92,1.57
100881,Arun,INST-2583,16:45,283.4,39.1,37.8,48.2,46.1,10.5,24.4,24.6,18.34,93.88,0.56
100882,Divya,INST-8174,15:45,692.6,24.1,18.5,5.8,68.8,13.4,0,14.3,21.24,92.45,1.2
100883,John,INST-5128,23:00,0,30.6,29.8,77.1,90.7,14.8,5.4,13.6,20.23,96.72,0
100884,Akash,INST-3363,17:30,110.2,21.2,19.3,77.6,64.1,11.6,1.8,1.9,19.48,93.13,0.08
100885,Arun,INST-3969,0:45,0,24.3,26,78.3,50.3,10.5,17.1,24.1,19.29,95.32,0.14
100886,Arun,INST-2570,9:30,610.2,27.5,24,16,39.5,3,0,10.5,20.88,92.57,1.1
100887,Priya,INST-9583,8:00,152.7,33.4,31.4,79.1,27.2,0,24.6,0.4,18.96,94.14,0.39
100888,Meena,INST-2136,5:15,0,30.1,30,70.9,93.2,1.5,17.1,4.6,19.25,93.24,0
100889,Arun,INST-9312,4:45,0,19.1,18.9,22.4,91.9,14.1,0,24.2,18.87,94.04,0
100890,Arun,INST-9494,5:00,0,34.5,32.5,59.8,89,14.1,23.2,16.4,19.33,95.14,0
100891,Priya,INST-6543,7:30,249.8,33,29.8,12.7,23.1,0.9,0,29.5,19.88,97.91,0.48
100892,Priya,INST-9517,2:30,0,32.3,31.5,92.9,59.1,11.4,16.1,8.5,17.81,97.34,0
100893,Akash,INST-7623,13:45,887.2,28.1,20.5,7.4,65.7,4.6,0,29.8,21.62,97.4,1.67
100894,Ravi,INST-4081,2:30,0,36.2,35.9,91.4,33,4.7,1.2,0.8,22.8,94.69,0
100895,Ravi,INST-8107,23:15,0,32.5,34.3,60.7,36.1,6.9,4.6,6.6,18.92,97,0
100896,Ravi,INST-1741,12:15,309.4,29.2,25,81,69.5,13.7,8.3,5.3,19.34,93.6,0.71
100897,Akash,INST-1733,4:15,0,32,32.9,67.9,89.2,10.2,17.8,27.1,18.86,98.58,0.06
100898,John,INST-7704,22:00,0,27,27.9,53.3,87.6,12.3,12.2,18,20.76,94.77,0.08
100899,Divya,INST-3111,21:15,0,19.4,20.7,25.6,79.3,1,0,16.1,18,97.18,0.18
100900,Akash,INST-5666,17:30,206.4,20.8,20.6,25.6,81.7,13.3,0,28.5,20.33,95.49,0.19
100901,Ravi,INST-8683,15:00,629.5,30.9,27.3,10,72,1,0,13.1,19.23,97.17,1.08
100902,Ravi,INST-9251,6:15,0,17,18.3,65.2,84.5,3.8,4.4,13.9,22.41,92.39,0
100903,John,INST-9283,2:15,0,23.3,22.7,34.7,52.9,13.1,0,2.1,18.47,95.7,0.02
100904,Arun,INST-9964,10:00,776.3,35,30.4,10,74,10.9,0,9.6,17.23,98.31,1.33
100905,Ravi,INST-7245,0:00,0,34.9,36.4,85.1,36.8,9.4,14.1,2.2,20.89,98.38,0.17
100906,Akash,INST-5627,21:45,0,36.7,36,56,65.9,5.2,24.7,13.6,22.52,93.07,0.01
100907,Meena,INST-4667,4:30,0,24.1,22.2,71,94.9,13.2,9.2,0.6,21.83,93.01,0
100908,Kumar,INST-7590,4:30,0,29.3,27.7,36.6,54.5,6.8,0,28.6,19.78,94.36,0.07
100909,Arun,INST-9682,6:15,0,24.2,22.7,19.5,69.4,9.3,0,27,20.29,97.35,0
100910,John,INST-4498,12:15,649,35.9,28.9,42.3,91.7,13.1,10.3,6,19.03,98.23,1.24
100911,Akash,INST-3954,14:00,410.7,36.5,34,62.5,75.9,8.5,3.9,12.1,21.69,93.38,0.75
100912,Divya,INST-5025,23:15,0,30.1,29.7,81,77.3,8,15.7,1.1,17.58,92.46,0
100913,Ravi,INST-6431,2:30,0,27.5,26.6,94.5,91.8,4.6,1.7,18.7,18.89,98.33,0
100914,Meena,INST-3870,9:30,655.8,43.7,39.6,9.1,51.1,8,0,18.5,17.95,95.87,1.01
100915,John,INST-5086,3:15,0,18.5,20.3,92.7,86,7.1,11.9,23,20.52,98.91,0
100916,Divya,INST-3979,14:00,253.7,35.3,31.6,87.3,94.1,13.3,1.7,4,18.8,94.76,0.3
100917,Kumar,INST-6254,9:00,538.3,34.8,29.9,31.9,64.3,14.9,0,11,18.52,95.59,1.09
100918,Ravi,INST-9021,10:15,821.8,32,25.4,4.7,52.5,0.6,0,22.5,21.56,95.21,1.33
100919,Ravi,INST-3140,19:00,0,18,18.5,78.8,87.8,5.7,0.9,20.2,21.18,94.35,0.12
100920,Akash,INST-7671,22:30,0,25.4,26.3,30.6,34.5,4.2,0,2.5,19.7,96.7,0.12
100921,Meena,INST-9336,3:00,0,35.8,37.3,84.9,25.6,5.6,3.9,24,21.67,98.05,0
100922,Ravi,INST-6589,19:00,0,34.5,33,32.5,54.6,13.1,0,23.6,17.63,92.85,0.08
100923,Kumar,INST-2329,5:00,0,19.9,20.2,77.5,71.4,3.2,17.9,11.6,20.75,93.35,0.13
100924,Divya,INST-4048,15:30,322.8,41.1,38.7,65.8,58.1,1.2,24.4,7.9,22.27,96.03,0.54
100925,Priya,INST-2241,6:15,10.3,23.1,23.5,76.4,82.7,4.5,10.3,19.2,18.31,93.76,0
100926,Kumar,INST-9692,0:30,0,20.1,21.9,42.5,57,13.5,1.5,22.7,19.58,96.72,0.16
100927,Divya,INST-1196,23:00,0,38.2,36.5,45.5,72.4,9.1,24,17.1,21.36,94.23,0
100928,Divya,INST-7069,15:30,294.8,43.2,42,68.7,64,0.6,8.8,13.9,19.77,98.46,0.67
100929,Akash,INST-8596,14:45,776.4,35.5,27.3,13.7,85.5,11.8,0,11.4,22.22,93.05,1.46
100930,Akash,INST-3830,4:15,0,18.3,18.4,37.4,40.3,3,0,14.9,17.95,97.81,0.14
100931,John,INST-4731,6:45,0,29.8,28.4,54.6,56.6,10,8.8,3.2,22.72,96.94,0.04
100932,Arun,INST-4852,16:45,195.3,19.2,18.3,72.3,31.9,9.5,17.1,12.9,17.73,92.91,0.21
100933,Meena,INST-3099,11:45,918.1,34.5,28,5.7,44.5,3.5,0,26.2,18.88,98.41,1.67
100934,John,INST-6582,18:30,16.1,42.4,41.2,62.8,62.9,13.7,17.7,18.3,21.88,93.74,0.06
100935,Ravi,INST-6135,16:00,341.9,28.7,25.7,34.6,54.7,13.5,0,28.4,21.37,92.47,0.54
100936,Kumar,INST-5525,22:15,0,36.6,36.7,49.1,36.7,0,8.9,18.6,20.37,97.49,0.18
100937,Divya,INST-6147,19:15,0,35.3,33.5,85.9,64.8,1.8,18.3,22.1,18.17,97.59,0
100938,Akash,INST-7930,22:00,0,22.1,22.9,43.9,22.2,9.7,10.5,11.1,21.65,98.95,0
100939,Akash,INST-3571,19:45,0,19.7,20.6,80.7,40.7,10.6,11.3,4.9,17.77,98.69,0
100940,Meena,INST-8816,11:15,746.4,37.9,31.2,28.4,68.5,5.9,0,9.8,22.02,92.24,1.35
100941,Ravi,INST-9383,1:15,0,38.8,40.2,59.7,27.7,2.5,17.8,2.8,19.16,94.5,0
100942,Meena,INST-2139,15:45,419,36.5,33.4,49.1,31.6,12.3,20.4,13.5,17.69,98.38,0.58
100943,Kumar,INST-1925,20:00,0,37.1,38.2,24.2,23.2,3.3,0,7,17.92,98.09,0
100944,Meena,INST-7349,20:45,0,36.3,36.4,21.5,70.2,10.5,0,16.5,17.24,96.13,0
100945,Divya,INST-1117,11:00,539.3,42.7,39.6,52.3,36,8,22.9,22.3,18.69,95.89,0.86
100946,Arun,INST-4302,19:30,0,24.9,25.8,46.8,28.9,4.3,0.7,18.1,20.91,95.58,0
100947,Arun,INST-2846,1:45,0,37.3,35.8,84.4,35,8.6,18.7,25,21.05,98.21,0.13
100948,Meena,INST-8598,1:15,0,38.2,39.2,65.3,58.3,4.6,5.4,5.4,19,95.5,0.09
100949,Meena,INST-8501,12:15,308.6,36.1,32.3,82.9,70,14.1,1.9,3.2,17,92.22,0.3
100950,Ravi,INST-5493,0:30,0,37.3,35.5,55.6,27.3,5.5,16.1,29.1,21.45,94.61,0
100951,Ravi,INST-5873,1:00,0,26,24.3,44.2,86.6,12,5.1,27.6,21.47,96.77,0
100952,Divya,INST-3860,0:00,0,25.1,23.6,26.9,63.5,8.4,0,8.1,21.22,95.36,0.09
100953,Arun,INST-4530,2:45,0,18.7,18.7,74.2,82.3,6.2,24.3,17.3,17.26,92.44,0.11
100954,John,INST-5613,23:45,0,25.1,24.4,36.2,92.2,2.8,0,20.7,21.86,98.97,0
100955,Akash,INST-9004,7:00,186.7,29.7,26.8,25.8,60.8,5.6,0,27.1,21.36,95.79,0.26
100956,Meena,INST-7668,5:45,0,42.7,41.6,49.8,31.1,10.1,22.2,20.3,19.45,98.73,0
100957,John,INST-3255,10:30,444.8,35.4,30.9,58.1,86.7,5.2,23,29.5,17.87,94.39,0.69
100958,Arun,INST-3285,6:45,0,20.7,20.7,7.4,23.1,1.6,0,0.1,22.61,96.65,0
100959,Kumar,INST-6486,15:00,547.9,33.3,27,29.3,59.2,12.3,0,6.6,19.11,94.86,1.06
100960,Priya,INST-4699,20:45,0,35.7,34.7,32.5,73.7,13.4,0,29.1,21.8,95.47,0.17
100961,John,INST-4962,12:30,382.8,24.8,20.3,74.3,21.8,0.5,3,5.6,21.66,92.5,0.65
100962,Priya,INST-7912,11:45,962.2,33.8,26.2,1,42.8,9.3,0,27.6,20.81,96.15,1.73
100963,Ravi,INST-9191,10:30,853.9,45.3,38.7,2.8,60.4,1.5,0,20.7,20.72,94.46,1.68
100964,Divya,INST-1447,12:00,288.3,21.5,20.1,86.6,26.9,3.7,20.8,18.9,17.56,94.66,0.37
100965,Divya,INST-1562,10:30,515.2,33.6,28.8,49.7,27.1,10.3,14.8,20.3,17.17,95.54,0.59
100966,Arun,INST-8588,8:45,200.9,36.1,35.4,72.1,28.8,7.8,4.3,13.6,22.12,92.28,0.42
100967,Akash,INST-2796,21:15,0,19.8,19.8,97.5,38.7,5.8,18.6,19.6,18.06,94.64,0
100968,Kumar,INST-6571,21:45,0,29.5,28.7,38.3,88.4,1.5,0,4.2,21.44,98.63,0.03
100969,Divya,INST-9128,11:45,952.1,43.1,34.7,1.8,28,7.1,0,8.4,20.34,94.96,1.59
100970,John,INST-6859,15:45,427.9,42.4,40.3,45.6,21.8,1.3,4.7,5.9,20.96,95.82,0.86
100971,Divya,INST-2094,21:15,0,18.9,20.8,66.6,35.2,4.5,18.7,11.7,19.23,95.57,0
100972,John,INST-9692,0:30,0,23,21.3,90.4,84.5,12,4.7,14.2,19.87,92.69,0
100973,Priya,INST-3393,21:15,0,22.5,21.5,88.6,55.8,14.8,1.8,4.9,20.76,94.89,0.05
100974,Kumar,INST-5300,13:00,402.6,28.6,25.7,67.7,34.4,10.9,9.3,13.5,22.02,93.57,0.94
100975,Divya,INST-9348,13:15,791.9,34.8,29.9,21.7,65,6.3,0,16.9,21.23,97.44,1.61
100976,Ravi,INST-7054,8:45,400.7,44.4,41.7,25.3,82.7,9.1,0,27.6,22.13,95.29,0.72
100977,Arun,INST-8689,10:00,435.9,34.9,30.8,62.2,24.7,9.4,23.4,26.2,20.57,93.59,0.9
100978,Meena,INST-4922,18:15,0,37.9,37.8,31.4,50.9,4,0,12.7,20.95,97.38,0.16
100979,Arun,INST-5833,6:30,2.1,22.8,22.9,64.1,59,1.8,18.1,8.7,18.48,96.19,0.06
100980,Meena,INST-3999,20:45,0,28.3,27.4,50,89.9,6.9,8.5,7.6,17.43,92.87,0
100981,Akash,INST-1053,2:15,0,24.1,24.1,85,90.1,8.3,20.5,15.3,19.52,93.86,0.19
100982,Divya,INST-2770,15:45,486.7,25.8,22.3,34.8,80.1,0.8,0,25.4,18.66,95.84,0.67
100983,Priya,INST-7934,6:00,2.7,17.6,18.2,80.2,66.8,4.2,10.7,6.9,20.71,95.99,0
100984,Meena,INST-4872,4:00,0,24.5,25.6,64.3,80.4,12.4,5.1,18.5,22.73,92.64,0.1
100985,John,INST-8966,3:00,0,26.7,27.8,39.7,65.7,13.4,0,27.5,18.68,92.02,0.07
100986,Akash,INST-7335,14:15,729.1,33.7,27.8,20.9,31.3,13.3,0,25.5,21.5,92.16,1.37
100987,Kumar,INST-9053,13:30,732.6,40.2,32.8,29,65.5,5.6,0,21.1,20.61,96.89,1.26
100988,Akash,INST-4393,6:30,0,36.8,35.2,31.8,48.5,13.2,0,28.8,21.12,95.94,0.06
100989,Priya,INST-8409,22:00,0,25.8,26.3,51.1,56.8,10.9,22.7,2.7,18.53,93.6,0
100990,John,INST-8840,5:15,0,32.1,32.1,37.5,59.8,2.9,0,1.1,19.29,92.34,0
100991,Arun,INST-2513,19:00,0,29.6,30.6,40,31.2,2.1,10.9,26.1,18.12,94.87,0
100992,Priya,INST-4798,2:00,0,38.3,36.8,65.8,85,11.1,7.2,14.1,19.54,93.18,0
100993,Kumar,INST-2262,2:00,0,36.9,36.8,41.5,78.4,8.3,9.2,5.4,20.2,93.31,0.11
100994,Meena,INST-3814,8:00,328,28.9,27.5,45.1,55.2,12.7,6,18.3,19.2,97.48,0.54
100995,Divya,INST-3869,22:00,0,22.3,21.9,77.1,23.2,14.7,3.4,8.6,20.17,95.43,0.1
100996,Akash,INST-9602,14:30,358.4,40.7,38.1,70.8,38.9,14.1,4.2,25.7,17.76,92.25,0.34
100997,Meena,INST-5889,3:45,0,23.3,25.2,50.6,56.5,11.3,5.4,23.3,21.5,95.15,0.04
100998,Arun,INST-5947,12:15,909.3,46.3,39.7,12.8,49.9,10.7,0,11.1,18.23,92.91,1.63
100999,Kumar,INST-3384,20:00,0,19.1,19.3,43.6,49,9.8,10.8,17.9,19.13,95.59,0
101000,Divya,INST-2110,11:30,842.6,31,22,17.4,30.9,10.7,0,8.1,17.15,93.53,1.31
101001,Ravi,INST-8345,12:30,399.5,35.4,32.9,71.9,23.8,7.8,3.1,13.2,19.93,97.35,0.54
101002,Priya,INST-3512,12:30,502.1,38.6,35.3,59.5,30.7,13.7,2.3,11.5,19.37,92.29,0.77
101003,Arun,INST-4186,13:15,676.4,27.5,21.6,37.6,39.1,13.7,0,0,17.4,98.01,1.06
101004,Divya,INST-2082,7:45,67.8,33.2,34.1,82.4,70.2,12.2,8.6,21.8,19.23,95.28,0.29
101005,Meena,INST-6349,16:15,263,35.1,32.2,60.1,80.5,11.7,6.1,24.4,19.6,93.91,0.6
101006,John,INST-9173,23:45,0,33.4,32.2,24.1,39.3,12.4,0,16.7,22.07,93.53,0.18
101007,Divya,INST-3510,3:30,0,27.9,27.6,53,42.4,3.6,15.6,28.5,20.98,97.42,0.17
101008,Ravi,INST-8137,12:45,883.4,27.8,18.7,13.9,28.9,3.5,0,26.4,19.95,98.71,1.55
101009,Akash,INST-8046,7:30,223.8,28.3,26.1,21.9,64.5,12.8,0,3,17.49,97.16,0.23
101010,Akash,INST-9071,2:15,0,16.8,18.1,99.3,30,14.8,9.2,20.6,21.96,94.5,0.03
101011,Ravi,INST-3706,9:30,673.9,23.8,20,9,20,13.8,0,23.7,22.38,97.77,1.3
101012,John,INST-5774,19:00,0,23.1,24.8,86.5,65.5,3.9,16.1,21,17.58,96.25,0.08
101013,Ravi,INST-7445,10:15,427.1,30.2,26.6,62.5,42,10.6,10,24.2,18.41,98.89,0.61
101014,Meena,INST-4449,7:45,216.2,22.1,19.9,13.4,28.8,1.6,0,13.5,17.9,92.51,0.44
101015,Meena,INST-4919,22:45,0,21.5,20.9,54.8,90.7,8.3,14.7,28.1,18.26,95.31,0
101016,Arun,INST-7402,6:30,0,37.5,38.5,5.9,34,7.5,0,19.7,19.38,96.96,0
101017,Arun,INST-6356,23:45,0,42,41,72.7,85.1,2.8,21.7,4.9,18.5,92.65,0.15
101018,Meena,INST-3427,1:15,0,34.3,32.5,39.2,88,10.8,0,12.5,21.63,96.42,0.08
101019,Meena,INST-6524,0:00,0,37.8,37.8,58.6,35.8,5,16.5,22.1,20.03,95.72,0.16
101020,Kumar,INST-8126,23:00,0,35.4,35.3,56.4,60.4,11.3,1.1,10,19.44,96.39,0.12
101021,Divya,INST-7836,14:15,279.9,24.7,23.3,83.1,86.9,12.8,20.4,20.1,20.48,94.76,0.29
101022,Kumar,INST-1664,7:45,192.5,19.1,19.1,21.5,80.2,8,0,27,22.64,92.11,0.49
101023,John,INST-1838,15:15,426,41.7,36.7,48.1,89.4,5.8,18.1,5.3,20.94,92.1,0.77
101024,Meena,INST-5023,15:00,671.6,39.8,35.5,9,41.9,3.9,0,4.9,19.56,97.1,1.19
101025,John,INST-6070,17:00,230.2,24.6,20.9,6.9,91.5,1,0,23.1,21.55,93.89,0.28
101026,Divya,INST-6530,3:45,0,30,29.5,60.9,78.9,5.3,2.3,5.3,21.84,95.82,0
101027,Ravi,INST-2415,2:15,0,23.1,21.8,31.7,60.1,7.2,0,27.7,20.79,92.21,0.14
101028,Akash,INST-2696,16:45,408,37.8,33.3,19.1,76.1,1,0,29.8,18.36,96.6,0.78
101029,Divya,INST-8501,12:30,506.1,23,19,57.8,20.3,5.3,24.7,28,20.89,94.91,1
101030,Meena,INST-8593,2:15,0,32.5,32.3,87.4,28.7,2,12.4,29.9,21.36,94.38,0.05
101031,Ravi,INST-6194,7:30,151.6,18.6,18.9,48.3,90.4,10,25,20.9,21.89,98.99,0.21
101032,Akash,INST-2218,16:30,464.2,27.2,25.2,6.8,93.6,4.9,0,21.4,22.22,98.52,0.95
101033,Priya,INST-6939,3:00,0,35.7,36.4,98,29.3,8.6,14.6,2.4,17.29,94.18,0.1
101034,Priya,INST-9993,18:30,6.3,20.1,20.4,81.6,89.8,4.7,21.9,2.8,19,97.19,0
101035,Priya,INST-1065,3:45,0,37.1,37.4,23.4,28,2.4,0,28.2,22.37,93.73,0
101036,Arun,INST-2701,20:00,0,34,35.5,57.6,75.3,12.3,17.1,7.2,19.45,96.77,0.15
101037,Kumar,INST-9071,17:15,235.7,34.7,34,5.3,59.6,5.2,0,12.1,20.54,98.38,0.36
101038,Kumar,INST-3042,22:45,0,30.5,32.5,40.4,28.6,8.9,18.7,20.7,20.46,97.7,0.03
101039,Kumar,INST-3170,22:00,0,22.2,24,38.5,25.4,5.9,0,29,18.66,92.79,0
101040,Kumar,INST-2814,22:00,0,26,26.2,53.1,31,9.7,3.1,11.1,22.86,94.65,0.01
101041,John,INST-8264,21:15,0,21.1,21.5,88.6,34.1,10,23.7,7.3,19.93,93.92,0
101042,Ravi,INST-8099,14:15,841.7,26.3,19.4,5.5,41.7,6.2,0,26.4,17.84,93.96,1.2
101043,Ravi,INST-8753,16:00,274,35.5,33.5,52.8,71.6,4.1,11.9,11.7,17.96,93.54,0.6
101044,Ravi,INST-4840,20:45,0,41.9,41.7,50.8,68.1,2.2,6.7,11.1,18.53,92.69,0.14
101045,John,INST-7614,0:00,0,38.2,39.2,65.4,41.2,12.1,18.9,20.1,20.34,96.3,0.12
101046,Arun,INST-9143,16:00,424.9,41.1,36.4,13.4,51.5,5.1,0,14.4,18.12,97.13,0.78
101047,Akash,INST-5115,22:30,0,33.8,33.1,66.9,92,8.5,8.9,11.4,20.75,98.23,0
101048,Meena,INST-6847,15:15,424.4,32.1,28.3,47.9,71.7,1.5,22.4,6.9,22.2,93.43,0.81
101049,Priya,INST-2681,21:45,0,22.2,23.3,77.5,47.8,0.5,0.3,17.6,17.72,93.96,0.04
101050,Divya,INST-4425,2:30,0,31.1,32.7,93.9,38.8,9,18.7,28.1,18.45,95.33,0
101051,Arun,INST-1104,15:15,300.6,22.9,20.4,71.6,37.2,8.6,0,20.9,22.61,97.27,0.61
101052,Arun,INST-1440,23:00,0,32.4,31.7,98.5,34.4,12.3,5.9,1.4,18.08,97.79,0
101053,John,INST-8550,1:45,0,19.7,21.2,38.1,88.4,3.1,0,18.8,22.28,94.1,0.07
101054,Arun,INST-2036,5:45,0,20.3,22.1,50.2,33.1,12.6,10.5,2.5,17.95,92.51,0
101055,Akash,INST-4756,22:15,0,30.7,30.5,41.3,70.8,14.2,23.3,27,22.5,98.89,0.15
101056,Arun,INST-9730,21:15,0,28.6,28.2,96.3,79.6,4.2,6.5,6.4,21.4,97.4,0
101057,Akash,INST-5842,12:45,319.6,24.2,20.8,83.5,87.6,3.4,17.5,28.5,17.68,95.36,0.63
101058,Arun,INST-1865,16:15,287.1,25.1,21,48.5,58.1,9.1,22.1,7.2,20.31,94.37,0.55
101059,John,INST-5278,10:15,309.9,33.7,29.8,74.5,30.5,11.9,17.5,2.7,17.89,95.1,0.49
101060,Priya,INST-6273,14:15,443.2,27.9,26.1,61.3,20.9,0.4,16.6,0.7,21.86,92.21,0.82
101061,Priya,INST-2353,22:15,0,37.1,37.3,58.5,87.1,9.7,1.4,18.9,22.81,92.18,0
101062,Meena,INST-6125,12:00,404.1,27.5,25,71.5,31.9,8.2,3.7,20,20.24,94.01,0.7
101063,Priya,INST-3467,5:30,0,36.2,36.9,60.1,55.2,7.6,11.7,1.3,17.29,96.63,0.15
101064,Akash,INST-6658,20:30,0,34.5,35.4,27.1,31.2,5.7,0,3.7,19.48,97.58,0
101065,Meena,INST-7054,21:00,0,38.9,37.7,49.3,48.1,0.6,17.9,18.8,17.32,93.46,0
101066,Divya,INST-6817,0:15,0,20.7,19.5,30.1,89.6,13,0,7.6,20.17,98.23,0.17
101067,Ravi,INST-5286,20:30,0,33.6,33.5,97,55.5,13.2,6.2,5.8,21.31,93.31,0.06
101068,Akash,INST-5387,7:15,113.8,29.3,27.6,60.6,74.4,7.8,16.1,20,18.84,94.08,0
101069,Akash,INST-3138,11:45,803.4,41.7,36.7,19.2,85.5,12.3,0,8.7,22.89,94.73,1.61
101070,Meena,INST-5761,1:15,0,24.2,23.5,52.3,45.5,10.2,7.3,28.8,22.47,92.16,0
101071,Akash,INST-6041,13:30,341.2,44,41,77.7,88.7,0.3,5.6,3.3,18.45,96.88,0.61
101072,John,INST-6432,23:15,0,36.2,38,57.3,71.6,0.6,17.2,1.7,22.12,93.67,0.17
101073,Kumar,INST-6817,6:30,15.3,22,20.9,52.8,80.5,12.1,2.3,21.3,19.73,95.27,0.18
101074,Priya,INST-9919,1:15,0,20.9,20.2,39.3,56.9,2,0,19.3,23,92.27,0
101075,Ravi,INST-2258,2:45,0,25.4,25.9,80.7,54.6,7.5,10.2,16.6,22.18,98.24,0
101076,Arun,INST-4419,0:00,0,25.7,26,66.9,61.2,12.6,13.1,0.4,21.13,94.34,0.05
101077,Divya,INST-5323,23:30,0,34.1,32.3,85.8,88.1,13.8,22.1,20.4,19.35,96.27,0
101078,Ravi,INST-2249,9:00,293.2,36.1,33.3,72.8,28.2,4.4,5.8,15.9,19.06,92.18,0.33
101079,Akash,INST-4190,5:15,0,32.6,32.6,95.3,25.5,6.8,8.4,12.5,17.55,98.54,0.08
101080,John,INST-3130,16:45,129,26,26.8,84.7,79.4,3.6,23.4,12.9,22.8,97.21,0.28
101081,Priya,INST-2908,23:15,0,40.1,38.3,54.1,90.8,13.1,1.4,26.5,19.17,94.78,0.04
101082,Ravi,INST-7328,4:45,0,39.4,40.6,25.8,91.5,11.5,0,7.6,19.04,92.36,0
101083,Arun,INST-8147,18:00,13.9,28.5,28.2,43.7,87.7,9.3,24.6,24.9,18.74,98.74,0
101084,John,INST-1081,16:45,201.1,26.8,23.7,70.2,88.5,11,13.2,12.2,18.27,96.52,0.38
101085,Priya,INST-1874,3:30,0,35.1,34.7,56.1,23.6,5.5,14.1,21.2,21.82,94,0
101086,Ravi,INST-8423,8:15,352.8,36.5,31.7,36.3,51.6,9.4,0,24.2,22.22,96.6,0.8
101087,Divya,INST-2468,16:30,456.9,36.3,31.9,13.1,62.7,2.2,0,17,18.77,97.41,0.92
101088,Kumar,INST-3869,6:00,11.2,36.9,37.7,16.6,30.6,14.5,0,12.1,20.36,98.56,0
101089,Ravi,INST-8749,4:45,0,28.6,29,71.2,86.9,9.6,4.3,6.5,20.37,98.96,0
101090,Kumar,INST-6337,21:30,0,39.6,39.6,72,69.3,8.4,0.4,24.6,18.71,92.02,0
101091,Akash,INST-2930,4:45,0,32.6,31.2,47.3,31,8.9,9,20.3,19.6,93.86,0.11
101092,Akash,INST-7198,11:45,526.2,27.8,23.2,56.7,80.7,1.5,20.8,26.5,21.6,97.65,0.89
101093,Meena,INST-2969,8:15,204.5,23.6,21.6,69.9,78,12.7,6.8,27,22.13,97.83,0.25
101094,Kumar,INST-1016,0:45,0,39.3,39.8,68,94.9,1.8,24.5,11.6,18.21,92.57,0
101095,Meena,INST-1417,1:00,0,19.9,19.3,50,26,9.4,1.8,22.1,17.33,94.85,0
101096,Kumar,INST-8263,20:45,0,18.7,19.2,70.2,67.8,4.1,22.4,13.2,20.59,94.74,0
101097,Divya,INST-3289,23:45,0,26.4,27.9,81,30.3,0.3,20,22.4,19.95,96.38,0
101098,Akash,INST-1781,5:00,0,23.9,24.3,81.5,59.3,8,1.7,5.9,18.22,93.62,0.17
101099,Meena,INST-6863,22:15,0,39.6,40,36.2,55,13.9,0,13.9,18.23,98.97,0.16
101100,Priya,INST-2287,19:15,0,21.7,20.7,20,37.8,7.7,0,20.1,17.79,95.47,0.03
101101,Meena,INST-7160,3:15,0,20.5,19.8,37.5,42.3,4,0,1.5,22.77,98.05,0
101102,Arun,INST-7481,9:00,174.8,28,24.6,87.6,37.7,3.1,6.3,3,19.82,92.76,0.17
101103,Divya,INST-9186,21:15,0,21.1,19.8,93.2,67.9,13.2,22.4,17.7,21.96,92.72,0
101104,Akash,INST-3811,18:30,0,36,35.5,66.1,37.5,6.4,20.7,26.2,20.24,98.14,0.14
101105,Arun,INST-9904,21:30,0,26.4,26.1,52.7,53.7,11.1,12.3,21.1,20.27,96.46,0
101106,Priya,INST-8431,15:00,511.1,27.5,23.7,36.2,78.5,2.2,0,23.8,19.19,92.02,0.81
101107,Priya,INST-3800,5:15,0,24.5,25.9,70.3,94.4,10.2,16.5,0.4,19.01,98.92,0.17
101108,John,INST-7634,18:15,0.9,35.2,36.5,65.9,93.6,2.1,14.2,29.1,21.53,98.68,0.02
101109,John,INST-4853,13:30,413.2,42.8,40.9,70.5,88.9,12.8,20,28.5,21.15,93.61,0.84
101110,Akash,INST-5108,16:30,248.8,36,32.5,58.4,65.7,8.3,1.7,2.5,19.08,96.38,0.45
101111,Ravi,INST-8231,2:30,0,23.8,23.6,93.9,53.6,7.2,13.5,29.2,18.12,98.54,0
101112,Akash,INST-2277,19:00,0,33.8,33.9,77.6,65.8,7.4,13.5,25.7,20.45,95.06,0
101113,Arun,INST-3121,10:15,555.2,41.7,37,44.5,71.1,0,16.1,20.5,21.75,94.58,1.1
101114,Ravi,INST-6904,12:45,447.5,30.8,29,65.5,70.5,2.5,22.5,5.3,21.48,97.97,0.82
101115,Arun,INST-9578,12:45,542.6,32.3,26.5,53.4,42.1,9.6,15.8,4,20.2,96.03,0.94
101116,Akash,INST-4640,6:00,0,20.6,19.9,30.6,44.6,8,0,10.1,22.94,95.38,0.17
101117,Meena,INST-7374,5:15,0,33.6,32.1,52.3,36.7,7.9,19.5,11.1,18.34,98.94,0
101118,Akash,INST-7049,11:00,276.1,26.2,24.3,85.6,83.8,4.9,15.2,22.7,21.64,94.01,0.4
101119,Ravi,INST-4181,9:00,257.4,38.2,37.8,79,82.4,13.7,15,4.9,18.19,97.83,0.38
101120,Kumar,INST-5409,1:00,0,22.3,23,87.1,44.4,6.8,8.2,9.8,17.64,97.1,0
101121,Kumar,INST-7872,15:00,577.9,41.4,38.4,21.4,92,4,0,25.4,21.18,96.5,0.87
101122,Priya,INST-1576,11:15,639.7,44.6,40.8,41.1,64.4,7.1,1.5,22,17.79,95.35,0.87
101123,Arun,INST-4850,16:30,364.8,43.7,40.4,36.2,88.5,11.6,0,12.5,22.73,98.05,0.8
101124,Akash,INST-8369,17:45,219.1,24,21.3,25.2,58.3,14.7,0,26.8,18.68,96.43,0.43
101125,Akash,INST-6959,10:30,735.7,48.8,41,16,92.6,12.2,0,12.8,18.99,92.95,1.33
101126,Ravi,INST-1702,4:30,0,24.1,23.5,49.8,37.4,14.4,3.3,26.3,22.3,97.79,0.12
101127,Meena,INST-2134,6:00,0,31.1,30.5,29.2,51.9,11.1,0,20.5,18.7,93.99,0.01
101128,Akash,INST-7321,18:45,18.5,36.5,34.6,13,51.7,13.5,0,23.7,21.32,94.05,0
101129,Ravi,INST-3125,11:15,291.5,41.5,40.8,82.7,36.4,12.2,17.7,24.2,17.64,92.94,0.55
101130,Arun,INST-4279,19:15,0,34,33.5,90.3,66.8,0.9,18.5,26.6,20.12,94.91,0
101131,Kumar,INST-8588,11:00,590.8,33.4,27.7,47.9,69.9,2.7,4.5,10.5,19.79,93.82,1.23
101132,John,INST-8927,4:45,0,29.8,31.7,32.4,30.7,1.4,0,24.5,22.13,97.19,0
101133,Kumar,INST-2675,12:00,575.2,31.8,28.5,49.4,55.2,0.9,17.2,5.9,21.72,97.1,1.35
101134,Arun,INST-1479,10:15,757,38.4,31.6,15.5,75.6,13.2,0,28.7,21.4,97.6,1.42
101135,Priya,INST-5967,7:15,199.6,36.2,33.7,21.3,38.3,8.7,0,26.8,18.22,95.89,0.23
101136,Akash,INST-3001,15:45,331.5,27.2,23.3,66.3,41.7,14.1,14.3,7.8,18.52,97.68,0.69
101137,Priya,INST-3956,14:45,867.1,34.4,28.6,0.2,44.8,10,0,17.9,21.56,98.37,1.76
101138,Kumar,INST-9033,22:30,0,42.6,40.8,31.1,58.9,2,0,0.8,21.05,98.8,0
101139,Meena,INST-7506,23:00,0,23.7,22.2,63.8,39.9,8.3,15.2,28.2,22.31,95.63,0
101140,Divya,INST-6723,21:15,0,36.8,35.3,75.5,70.1,5.4,5.9,16,22.55,97.59,0.17
101141,Ravi,INST-4309,0:30,0,23.2,23.7,98.2,26.2,8.6,19.9,9.6,19.76,94.43,0.15
101142,Kumar,INST-2533,0:15,0,23.7,22,71.4,90.6,11.2,16.6,2.8,18.19,93.94,0.15
101143,Kumar,INST-1928,19:15,0,33.8,31.8,92.9,26.2,10.3,12.5,18.3,17.69,94.78,0.05
101144,Arun,INST-2893,6:15,7.5,34.7,34.8,10.6,55,9.9,0,1.6,20.64,97.22,0
101145,Priya,INST-7268,12:00,890.1,29.2,20.9,11.7,53.5,10.8,0,19.9,22.55,97.32,1.93
101146,Kumar,INST-4507,1:30,0,27.7,28.4,65.8,60.2,9.9,11.4,26.3,21.87,97.44,0
101147,John,INST-3885,3:00,0,37.7,37,42.8,66.9,2.1,8.4,0.3,20.99,98.87,0
101148,John,INST-7153,4:00,0,33,32.2,87.2,47.5,14.5,18,25.2,17.4,97.19,0.06
101149,Kumar,INST-6656,4:45,0,35.5,36.6,85.9,54,2.1,4.8,28.1,20.3,95.78,0
101150,Arun,INST-4473,0:30,0,40.4,39.3,95.3,21.9,14.9,23.3,12.7,19.17,93.13,0
101151,Divya,INST-5553,1:15,0,20.4,19.5,67.9,92.3,6.5,21.5,0.7,18.37,92.89,0
101152,Priya,INST-6609,10:30,233.4,41.6,39.1,85.8,20.6,10.5,21.7,1,17.35,92.12,0.32
101153,Akash,INST-9132,18:45,15.7,23.8,25.4,33.2,53.2,10.2,0,29.9,19.23,94.98,0
101154,Kumar,INST-5116,15:00,646.9,32.5,29.1,12.3,23.3,0.9,0,3.6,21.7,92.86,1.16
101155,Akash,INST-4765,3:45,0,34.7,36.3,51.9,32.1,7.7,13.6,15.5,21.87,96.69,0
101156,Arun,INST-1499,23:00,0,34.8,34.9,97.9,34.7,0.6,11.3,7.4,19.77,93.6,0
101157,Ravi,INST-5714,11:30,597.5,31.1,27.6,44.3,34.7,0.3,10.9,10.5,22.16,96.73,1.19
101158,Akash,INST-5157,15:00,601.1,33,26,18.4,80.3,11.7,0,18.2,17.94,97.67,1.13
101159,John,INST-8167,12:45,365.8,35.2,32,74.1,82.3,10.5,11.9,1,22.88,94.82,0.76
101160,John,INST-6412,20:00,0,35.3,37.1,80.4,64.1,10,3.1,7.6,17.12,96.59,0.03
101161,Priya,INST-5416,18:00,6.7,34.3,35,28.4,32.9,3.8,0,18.3,17.23,96.13,0.07
101162,Divya,INST-7471,19:45,0,32.3,33.6,71.1,64.3,10.3,20.3,11.5,20.34,94.05,0
101163,Akash,INST-2631,4:15,0,40.8,40.9,58.8,62.8,3.7,20.8,22.9,19.62,93.48,0.08
101164,John,INST-2866,19:45,0,20.9,19.6,84.6,39.8,13.3,21.2,28.7,17.84,93.5,0
101165,Divya,INST-9856,5:00,0,18,19.3,27.1,69.9,0.4,0,24.1,20.77,92.67,0.17
101166,Priya,INST-4853,11:45,329.2,22.5,20,81.1,21.7,12.5,12.6,17.6,18.74,96.63,0.36
101167,Priya,INST-9955,12:30,757.4,42.3,36.2,27.4,86,5.3,0,15.4,22.56,96,1.49
101168,Meena,INST-8170,0:15,0,18.8,18.6,24.9,51.4,4.8,0,20,21.97,93.26,0
101169,Priya,INST-5907,19:45,0,31.9,33.6,27.3,31.8,13.4,0,20.2,20.54,97.54,0.04
101170,Akash,INST-9268,4:45,0,29.2,27.4,78.1,70.3,12.7,16.6,1.5,17.26,94.48,0.09
101171,John,INST-2448,18:45,0,30.1,29.9,10.1,38.6,7.3,0,20.2,21.85,95.87,0
101172,Akash,INST-6800,3:45,0,39.3,38.6,66.5,68.1,2.7,16,26.5,22.56,96.91,0
101173,Akash,INST-7287,17:15,136.4,28.5,28.3,64.8,58.4,2.3,11.1,4.6,19.03,94.7,0.1
101174,Meena,INST-4983,20:45,0,29.1,31.1,42,92.6,14.4,19.5,8,19.4,96.88,0
101175,Ravi,INST-8141,4:30,0,23.6,21.6,51.6,59.5,9,1.7,0.7,22,92.62,0
101176,Priya,INST-5067,11:15,257.4,35.7,35.2,89.9,36,10.8,22.4,10.3,22.89,92.31,0.42
101177,Priya,INST-7563,10:00,269.4,44.2,40.9,81.9,57.2,3.9,15.4,12.9,20.9,98.11,0.6
101178,John,INST-1462,18:45,0,36.1,36.1,36.2,88.4,11.2,0,23.2,17.76,93.81,0.02
101179,Ravi,INST-9957,17:00,89.1,30.4,31.2,78,26,4.1,12.9,29.9,21.72,97.88,0.21
101180,Akash,INST-7169,8:45,270.4,38.6,37.3,55.5,93.1,5.9,15.5,13.2,22.58,94.67,0.46
101181,Priya,INST-6362,10:30,242.4,19.7,19.2,88.1,30.1,9,4.5,25.3,21.69,98.96,0.35
101182,Akash,INST-1728,11:00,898.1,40.1,34.4,6.3,82.4,8.1,0,23.1,21.85,93.45,1.55
101183,Akash,INST-3060,3:30,0,31.9,32.4,46.2,20.6,0.4,16.4,17.2,21.84,94.09,0.19
101184,John,INST-3931,1:30,0,42.7,42,93.6,40.5,13.5,21.5,18.4,19.59,94.87,0
101185,Akash,INST-5294,5:00,0,39.6,40.4,85.6,84.9,7.4,11.1,16.1,17.18,95.15,0.18
101186,Meena,INST-4616,6:00,0,35.8,36.8,38.3,50.3,5.7,0,3.9,20.8,97.39,0
101187,John,INST-1887,3:45,0,31.9,32.5,70.6,89.4,0.1,23.3,12.8,22.13,92.83,0
101188,Arun,INST-8404,13:45,462.2,32.5,27.6,62.5,66,5.9,2.6,5.3,21.25,92.7,0.84
101189,John,INST-9739,16:45,107.7,40.8,39.7,89.4,28.1,8.8,24.5,14.4,19.97,95.91,0.07
101190,Priya,INST-3832,18:30,11.4,19.6,18.3,40,53.5,14.9,0,12.3,18.58,93.15,0.14
101191,Priya,INST-3412,23:00,0,19.4,19.3,93.6,37.2,11.4,12,6.8,19.07,96.12,0
101192,Ravi,INST-8556,17:30,75.2,26.5,26.8,87.6,58.6,4.6,3.1,16.7,21.51,95.52,0.29
101193,Meena,INST-5396,1:00,0,27.5,28.3,74.1,47.6,9.8,8.5,4.4,18.18,98.16,0
101194,Kumar,INST-3525,22:45,0,32,30.9,42.8,74.8,7.4,23.5,22,22.9,95.16,0.16
101195,Akash,INST-4379,7:30,140.7,21.8,22,58.1,34.4,12.5,13.5,20.6,21.92,98.28,0.21
101196,Ravi,INST-9894,1:00,0,26.3,27.3,68.5,23.1,4.9,15.9,1,20.65,97.55,0
101197,Arun,INST-5370,19:15,0,22.7,23.5,46.5,22.7,13.8,17.5,19,17.62,92.48,0.15
101198,Divya,INST-8768,16:30,289.9,32.6,28.2,46.3,40.9,3.8,16.8,10.8,18.57,92.37,0.48
101199,Meena,INST-2080,15:15,479.7,25.1,20.6,40.5,68.8,13.7,18.2,9.6,20.86,92.86,0.9
101200,John,INST-9828,23:45,0,31.3,31.6,84.3,64,7.7,3.9,26.6,21.14,92.43,0.2
101201,Meena,INST-8884,18:15,0,38.9,38.2,75.4,39,3.5,20.3,25.9,22.92,95.78,0.19
101202,John,INST-3867,8:15,174.1,35.4,33.6,81.4,32.2,3.5,14.2,3.1,22.85,98.9,0.45
101203,Divya,INST-1492,12:15,294.9,44.1,41.6,84.9,58.6,0.7,14.5,27.7,18.01,92.85,0.55
101204,Ravi,INST-4032,7:15,66.9,34.7,34.6,80,52.5,1.7,22.8,15.2,20.79,96.7,0.15
101205,Divya,INST-7328,3:00,0,36.4,37.6,63.8,48.8,1.4,1.5,21.7,22.39,94.03,0
101206,Kumar,INST-2393,18:00,0,37.9,36.8,70.8,61.3,2.1,7.9,12.3,22.89,94.21,0.07
101207,Priya,INST-1571,0:15,0,41.7,41.9,78.7,76.4,13.7,0.1,24.5,18.67,94.31,0.1
101208,Akash,INST-8168,2:30,0,34.3,34.5,21.6,92.9,10,0,12.7,17.55,92.09,0.06
101209,Meena,INST-5900,2:00,0,41.2,39.4,76.3,94,0,11.2,9.7,19.39,97.73,0.17
101210,John,INST-8691,1:00,0,30.3,31.5,49.4,51.5,3,13.8,11.3,21.35,95.95,0
101211,Akash,INST-8522,0:15,0,31.5,31.4,63.2,67.6,1.8,13.2,20.5,20.85,97.47,0
101212,Ravi,INST-7078,18:45,0,19.7,19.9,16.3,48.3,10.4,0,7.1,17.13,92.61,0
101213,Meena,INST-8447,20:15,0,23.6,25.3,50.4,84.1,11.4,24.5,17.1,22.61,98.59,0.11
101214,Meena,INST-6498,16:30,120.4,29.8,29.7,87.4,26.8,11.2,12.2,11.6,18.11,92.52,0.21
101215,Arun,INST-5592,2:45,0,27.2,28.5,95.2,30.6,14.1,8.4,17.6,19.7,97.68,0.15
101216,John,INST-7003,8:15,462.7,37.7,34.3,9.5,82.5,0.7,0,13.1,20.03,92.02,0.83
101217,Arun,INST-7015,15:00,311.1,36.5,35.6,63.9,49.9,13.9,22.5,12.3,22.7,95.22,0.52
101218,Arun,INST-5562,15:15,457.1,38,32.7,45.3,86.4,4.2,1.5,14.6,20.91,98.39,0.88
101219,Arun,INST-5289,22:45,0,20.9,21.3,39.2,49.2,14,0,27.7,21.77,94.61,0
101220,Ravi,INST-6757,17:00,244,43.9,41.4,8.2,83.3,13.3,0,3.3,21.9,92.6,0.36
101221,Priya,INST-1714,23:30,0,38.8,37.6,38.2,24,8.5,0,6,17.2,92.5,0
101222,Meena,INST-1240,0:45,0,36.8,34.8,40.5,26.5,7.6,19.6,16.9,18.96,94.05,0.12
101223,Arun,INST-9550,14:45,483.7,42.4,38.8,53.4,29.9,3.9,23.9,23,19.48,97.13,0.99
101224,Arun,INST-8768,6:30,0,40.5,39.6,73,25.3,3.9,1.1,10.6,20.37,96.28,0
101225,Arun,INST-2125,14:30,742.7,42.6,37,19.2,39.2,11.5,0,24.7,19.02,98.43,1.19
101226,Ravi,INST-7645,8:45,482.6,26.9,22.7,3.5,94.2,14.9,0,26.7,22.59,95.52,0.92
101227,Arun,INST-6208,7:45,91.9,35.3,33.1,82.9,50.4,2.1,1.2,10,19.67,95.11,0.07
101228,Ravi,INST-7446,11:45,511,30.6,26.7,55.8,35.4,2.7,20.6,17.8,20.25,94.33,1
101229,Priya,INST-1696,15:30,326.3,36.7,32.4,65.8,27.5,1.3,2.5,23.4,22.65,92.66,0.8
101230,Ravi,INST-3331,10:30,406.5,31.5,27.3,63.4,33.3,9.5,10.2,18.6,22.52,94.21,0.95
101231,John,INST-2362,21:15,0,40.1,39.4,99.9,33.7,13.5,19.6,27,19.14,98.73,0
101232,Akash,INST-1831,2:30,0,24,23.2,28.9,33.7,13.2,0,29,20.93,96.8,0
101233,Meena,INST-1524,14:30,850.9,27.3,20.4,3.9,34.3,1.9,0,17.8,17.3,94.48,1.36
101234,Meena,INST-1459,7:00,268.8,27.9,24.9,4.3,36.2,4.6,0,21.6,18.22,98.28,0.28
101235,John,INST-6705,4:00,0,28.3,28.3,90.3,72.4,11.4,1.6,16.3,20.76,98.37,0.18
101236,Meena,INST-3855,17:30,201.6,42.2,39.8,31.1,45.5,0.7,0,11.6,17.2,94.85,0.3
101237,Ravi,INST-1314,12:45,309.2,32,31.1,84.9,49,6.6,6.6,23.3,22.37,98.97,0.61
101238,Arun,INST-4568,21:15,0,25.3,24.9,65.6,92.2,5.6,5.6,0.1,19.94,94.64,0.14
101239,Arun,INST-6475,10:00,729.8,42.3,37.9,19.6,35.9,5.7,0,7.7,22.39,93.29,1.31
101240,John,INST-4010,18:00,6.5,32.9,31.7,56.5,36.4,3.3,8.3,2.9,17.09,97.51,0.04
101241,Akash,INST-1760,11:15,972.4,40.7,31,0.5,58.3,3.6,0,4.5,22.42,92.62,1.93
101242,Kumar,INST-3229,19:00,0,36.1,34.3,42.5,89.3,6.8,18.9,29.9,20.34,98.87,0
101243,Arun,INST-2437,5:45,0,26.4,27.5,44.9,83.2,6.3,20.1,5.4,17.05,96.86,0
101244,Meena,INST-9530,5:00,0,43.2,41.6,40.5,72.1,1.9,22.7,3.4,21.81,97.89,0
101245,Ravi,INST-3964,6:45,0,34,33.5,63,69.5,1,22.7,15.7,17.75,96.01,0
101246,Ravi,INST-6997,18:00,10.9,29,30.1,39,47.9,8.3,0,2.4,20.53,94.19,0.12
101247,Divya,INST-3743,22:00,0,31.2,30.4,50.5,76.3,11.6,22.9,14.4,21.59,96.9,0.14
101248,Priya,INST-9970,12:15,621.9,46,39.6,45.8,40.7,14.4,7.8,1.6,17.58,95.6,0.9
101249,Divya,INST-3662,0:00,0,22.3,23.1,34.2,29.6,13.9,0,29.4,17.81,98.62,0
101250,Priya,INST-5545,8:45,135.9,38.4,35.5,88.9,84.5,11.2,1.7,29.2,22.74,96.04,0.34
101251,Ravi,INST-3073,23:00,0,35.1,33.2,30.2,40.8,10.7,0,4.5,22.11,92.91,0
101252,Meena,INST-3083,22:00,0,33.4,35.2,39.5,78.3,2,0,2.8,19.01,92.33,0
101253,Kumar,INST-1047,21:00,0,36,37,47.6,82.1,6.9,8.9,27.1,17.58,95.76,0
101254,Priya,INST-1375,20:15,0,20.9,20.2,99.3,81,14.7,1.9,9,22.19,92.29,0.18
101255,Kumar,INST-2955,0:30,0,41.3,41.2,39.8,40.7,9.3,0,11.8,17.91,92.57,0.15
101256,Priya,INST-7877,15:00,436,34.5,31.4,45.1,83.1,12.6,22.7,13.8,21.52,98.24,0.81
101257,Akash,INST-3506,2:45,0,19.8,19.5,49,78.4,11.7,7.5,1.1,22.79,94.74,0
101258,John,INST-4089,22:15,0,25.5,26.3,65.4,65.3,2.5,4.7,25.4,19.31,95.04,0.13
101259,Priya,INST-5841,4:30,0,26.4,27.9,37.3,82.2,5.2,0,19.6,21.17,93.87,0
101260,Ravi,INST-9745,23:45,0,33,32.3,95.9,27.4,9.3,10.2,19.2,21.35,98.35,0.08
101261,Akash,INST-5319,7:15,162.4,41.5,39.3,50.4,92.2,4.2,11.5,28.7,22.33,96.67,0.25
101262,Kumar,INST-4684,7:30,92.5,20.4,18.8,85.4,25.8,10.6,9.1,20.1,20,92.2,0.35
101263,John,INST-7058,14:45,273.5,26,24.4,82.5,54,8.8,22.4,23.9,18.61,97.4,0.6
101264,Meena,INST-4266,11:15,652.2,46.3,41.8,39.3,49,10.9,0,23.3,19.29,97.65,1.05
101265,John,INST-3072,2:15,0,27,26.9,47.5,88.1,8.6,23.1,28.1,22.5,94.14,0
101266,Meena,INST-4037,12:15,775.3,37.9,31.8,29.1,83.3,2.7,0,25.6,18.44,95.17,1.38
101267,Arun,INST-4925,11:00,768.8,45.9,40.4,23.9,94.8,14.3,0,19.5,20.5,93.73,1.49
101268,Akash,INST-2906,9:30,225.7,39.1,37.4,79.8,50.9,9.9,11.4,3.1,22.44,98.33,0.3
101269,Priya,INST-9121,16:30,140.8,21.5,20.9,82.8,61.2,1.4,23.3,8.4,17.94,94.54,0.42
101270,John,INST-3887,13:45,791.5,40.9,33.6,23.4,23.6,7.5,0,19.3,17.98,96.54,1.37
101271,Ravi,INST-9667,13:30,344.6,26,23.3,78.8,54,8.7,10,9.7,18.13,95.28,0.41
101272,Ravi,INST-1764,20:30,0,39.3,37.5,85.2,24.7,13.9,9.2,19.5,20.95,92.32,0
101273,Arun,INST-8927,21:15,0,18.3,19.6,78.4,54.7,12.7,4.9,12.8,20.63,93.59,0.03
101274,Priya,INST-4565,12:00,615.8,22.5,18.8,44.5,48.4,5.2,17.7,15.5,19.34,98.35,0.89
101275,Arun,INST-8940,7:30,228.9,36,32.8,11.5,84.5,10.2,0,27.3,17.89,93.06,0.41
101276,Divya,INST-4716,22:15,0,31.2,32.5,91.5,41.5,12.8,17.3,24.8,21.69,93.55,0
101277,Arun,INST-4713,13:45,896.8,25.9,18.8,7.8,88.1,8.3,0,13.8,20.07,94.72,1.59
101278,Priya,INST-9284,5:15,0,20.3,20.4,50.5,31.7,1.5,16.1,28.6,22.88,93.56,0.19
101279,Arun,INST-2468,15:45,228.1,31.8,30.8,83.1,50.2,3,11.1,7.9,17.87,98.86,0.57
101280,Arun,INST-3320,5:00,0,35.3,36.1,70.8,94.8,5.2,24.8,25.7,20.4,97.02,0.07
101281,Arun,INST-3926,23:30,0,28.3,27,52.4,66.3,14.9,5.3,19.7,22.4,93.7,0.16
101282,Divya,INST-5008,2:00,0,25.3,24.5,62.5,56.9,1.6,5.9,14.6,18.89,98,0.18
101283,Priya,INST-6307,4:00,0,20.8,19.7,91.1,33.1,9.9,12.7,8.6,19.4,96,0.09
101284,Meena,INST-7326,2:30,0,35.2,37,78.4,43.9,8.5,20,28.1,20.96,94.58,0
101285,John,INST-2179,2:30,0,24.8,24.5,46.4,70.3,8.6,9.4,29.5,20.55,95.16,0
101286,Arun,INST-1986,15:00,257.6,26.1,22,73,70,1.1,21.7,14.9,17.82,96.63,0.27
101287,Priya,INST-4306,18:15,0,40.3,40.7,67.7,59.9,9.7,10.1,17,20.14,93.51,0
101288,Divya,INST-8927,7:00,123.3,23.2,22.4,71.8,49.2,11.5,11.5,10.2,20.46,95.71,0.28
101289,Akash,INST-6773,7:15,83.6,41.1,39.6,84.7,43.2,1.7,2.3,23.1,18.97,93.32,0.31
101290,Meena,INST-3976,7:00,217.1,33.3,32.1,13,21.8,5.2,0,24.2,18.63,93.98,0.39
101291,John,INST-8863,0:00,0,28.3,28.1,20.1,49.7,4.6,0,20,19.61,94.81,0.03
101292,Divya,INST-6071,2:45,0,26.6,27.3,85.3,71.8,0.5,21.4,1,19.44,94.47,0.08
101293,Divya,INST-4263,1:45,0,32,31.6,98,92.2,6.6,2.7,19,20.9,92.96,0.08
101294,Kumar,INST-6260,6:00,3.7,34,35.3,62.5,46.2,2.4,4,12.4,18.24,94.1,0.2
101295,Meena,INST-5751,16:30,264.6,27.6,24.8,55.1,38.6,14.6,18.8,26.2,22.65,94.05,0.38
101296,John,INST-2195,9:00,514.5,37.4,32.1,35.6,38.2,10.6,0,25.7,18.65,95.16,0.69
101297,John,INST-7716,8:00,309.9,36.6,33.8,47.3,31,0.7,8.2,12.6,20.63,95.34,0.75
101298,John,INST-2634,7:15,219,41.6,39.5,9.3,29.7,10.4,0,3.5,19.87,92.3,0.33
101299,Meena,INST-4157,9:45,509.5,37.7,32.1,33.3,29.4,3.7,0,1.3,18.67,95.03,0.82
101300,Priya,INST-3431,23:15,0,36.3,37.8,65.3,75.3,5.3,3.4,3.4,21.4,95.23,0.14
101301,Meena,INST-9663,22:45,0,32.5,32,35.2,83,14.5,0,16.7,19.58,97.64,0.17
101302,Kumar,INST-2126,8:30,280.4,36.6,34.7,49.7,36.6,1.1,23.4,16.5,17.29,93.43,0.57
101303,Kumar,INST-7674,5:15,0,23.2,24,22.7,42,4,0,6.2,17.65,94.11,0.07
101304,Akash,INST-9264,23:45,0,29.1,31,82.5,61.4,13.5,23.7,9.4,21.25,92.99,0.14
101305,Akash,INST-1821,4:00,0,41.1,41.3,71.7,41.5,7,4.7,1.1,18.25,94.23,0
101306,Meena,INST-1768,5:15,0,31.7,32.6,85.2,49.3,2.7,18.8,21.9,21.52,97.31,0
101307,Arun,INST-9524,4:15,0,17.7,18.4,20.7,63,1.6,0,6.1,17.06,92.15,0
101308,Akash,INST-8675,14:00,374.2,43.9,39.6,66.1,47.4,12.2,10.9,12.8,21.66,96.27,0.67
101309,Meena,INST-5081,23:00,0,32.2,33.4,33.9,25.9,13.6,0,27.3,21.41,95.89,0
101310,Divya,INST-3795,7:00,225.4,41.2,40.8,19.5,29.5,4.4,0,2,22.83,96.07,0.59
101311,Ravi,INST-2488,14:15,250.5,21.5,21.2,86.2,48,6.6,22,12.4,21.99,96.62,0.52
101312,Priya,INST-8803,20:45,0,22.7,24.3,45.7,79,9,21.6,27.8,17.3,94.52,0.02
101313,Divya,INST-3524,21:45,0,27.6,26.1,70.3,24.8,2.3,15,24.1,20.51,96.82,0
101314,John,INST-5173,16:15,144.2,34.1,33.1,85.2,77.7,1.1,4.7,3.9,17.52,92.33,0.24
101315,Ravi,INST-4861,22:30,0,32.5,31.3,98.6,75.7,0.7,22.9,29.3,17.44,97.99,0.15
101316,Divya,INST-5773,22:00,0,40.8,40.4,83.8,46.4,8.8,15.5,7.6,19.13,96.19,0.09
101317,Priya,INST-9093,3:15,0,41.5,39.7,34,76.1,3.7,0,16.7,18.09,92.15,0.14
101318,Arun,INST-3364,3:45,0,35,34.3,34.1,39.6,13.2,0,11.5,22.75,98.36,0.1
101319,Ravi,INST-9840,6:15,0,30.2,28.6,87.9,21.4,7.5,13,15.3,20.48,94.31,0
101320,Ravi,INST-3723,0:30,0,27.1,27.1,69.1,46.2,9.2,21.9,5.7,21.09,95.48,0.05
101321,Arun,INST-7508,13:15,865.2,42.7,35.8,14.4,40.1,6.8,0,14.9,18.91,93.19,1.58
101322,Arun,INST-1287,13:00,318.2,23.9,20,79.7,30,9.8,14.3,27.8,17.91,94,0.29
101323,Akash,INST-4577,1:15,0,26.2,25.6,67.3,63.6,3.5,6.1,20.1,21.87,96.52,0
101324,John,INST-3947,1:45,0,25.1,26,50.2,58.6,9.7,13.8,2.9,18.23,92.75,0.06
101325,Ravi,INST-1714,8:15,222.1,37.8,37.7,63.4,83.8,1.4,20.7,23.5,19.23,94.07,0.42
101326,Priya,INST-7102,17:15,91.7,33.6,30.9,78.3,42.3,0.1,19.1,3.3,18.96,95.89,0
101327,John,INST-6006,4:00,0,27.6,27.3,23.4,57.7,14,0,13.3,20.15,93.71,0
101328,Meena,INST-7352,20:45,0,39.9,38.9,42.5,78.1,1.8,10.9,3.9,18.78,93.26,0.04
101329,Akash,INST-3372,5:00,0,19.2,18.4,35.5,23.4,2.4,0,7.6,18.3,98.81,0
101330,Divya,INST-9373,18:00,14.5,30.1,28.7,8.1,50.5,9.1,0,29.3,18.67,96.83,0
101331,Arun,INST-9416,22:15,0,29.4,31.2,28.9,85.6,6.3,0,0.6,21.13,93.18,0
101332,Ravi,INST-6698,6:15,0,29,27.5,48.5,20.3,9.5,8.2,5.4,18.47,95.71,0
101333,Ravi,INST-6820,17:15,93,34.2,32.8,83.2,62.3,9.2,1.5,11.9,21.19,93.15,0.16
101334,Akash,INST-4998,7:15,114.7,25.4,23,75.9,65.7,5.8,19.7,28.8,18.29,95.39,0.33
101335,Priya,INST-9284,10:00,310.9,43.5,39.9,79.5,77.6,2.7,11.4,7.4,20.31,98.76,0.44
101336,Priya,INST-4110,4:15,0,23.8,23.4,36.1,27.4,8.1,0,15.2,22.82,94.45,0
101337,Priya,INST-9656,15:30,342.1,41.5,40.6,63.7,91.5,7.2,9.6,19.5,19.53,96.4,0.53
101338,Arun,INST-1102,20:00,0,36.5,37.5,88.5,25.6,1.9,15.2,28.7,17.7,98.43,0.08
101339,Meena,INST-7864,18:15,0,32.6,33.9,48.7,70.7,14.9,20.5,4.5,19.34,94.58,0.18
101340,Akash,INST-9746,12:15,535.4,40.9,37.9,55,53.6,4.6,12.7,17,22.71,94.4,0.94
101341,John,INST-8129,20:00,0,37.3,35.7,81.1,63.4,9.1,11.1,18.8,17.86,96.32,0
101342,John,INST-2031,14:45,553.9,36.3,31.3,43.6,43,10.2,6.4,10.6,20.71,96,1.01
101343,Priya,INST-9340,6:30,0,24.8,24.9,10.1,90.8,5.2,0,12,20.49,97.66,0
101344,Akash,INST-5799,18:00,0,35.7,37,23.9,68,12.1,0,26.3,18.96,93.2,0.13
101345,Ravi,INST-3687,12:15,260.7,30,27.6,86.5,87.6,0.3,13.6,8.1,22,94.51,0.36
101346,Kumar,INST-1008,17:15,101.2,26,25.9,78.7,81.1,8.3,15.5,22.1,18.57,97.98,0.36
101347,Meena,INST-7815,7:00,248.2,40.6,36.9,13.4,23.5,3.2,0,20.4,21.32,97.32,0.42
101348,Meena,INST-4330,0:30,0,19.4,20.3,51,62.4,12.4,24.5,19.9,22.38,94.06,0
101349,Ravi,INST-9235,15:00,361.7,26.4,21.9,58.8,80.3,0.5,15.8,6.1,19.23,96.82,0.47
101350,John,INST-5843,9:30,641.2,24.3,19,11.8,69.9,14.3,0,16.8,22.57,97.73,1.25
101351,John,INST-1632,12:15,394.5,28.4,25.8,70.9,64.8,13.1,3.4,28,21.61,93.29,0.83
101352,Priya,INST-1129,10:15,731.5,39.7,33.8,19.4,22.2,7.5,0,14.4,19.33,95.79,1.33
101353,Meena,INST-7100,19:15,0,24.2,25.8,68.1,81.8,3.5,5.6,0.2,21.98,98.79,0
101354,Meena,INST-4574,3:15,0,39.1,38.7,76.1,20.2,3.7,3.2,5.5,17.55,98.08,0.17
101355,Divya,INST-4880,20:15,0,27.7,29.1,70.7,77.9,8,13.6,7.4,19.08,94.25,0.07
101356,Meena,INST-3801,5:30,0,36.8,38.2,33.6,84.4,1.5,0,3.5,20.01,95.42,0.05
101357,Divya,INST-2090,1:30,0,31.2,30.7,93.3,47.2,9,6.5,13.6,18.62,93.61,0
101358,Kumar,INST-6842,4:30,0,31.7,30.7,55.1,74.9,1.7,19.7,13.8,19.14,94.1,0.12
101359,Divya,INST-4267,8:30,186.3,19.4,18.9,76.3,58.3,0.5,4.9,15.9,19.53,98.12,0.16
101360,Kumar,INST-4926,20:15,0,18.8,18.9,54.2,60.1,2.6,22.8,2,21.77,95.36,0
101361,Ravi,INST-5673,17:45,230.5,25.9,25.5,16.6,71.9,6.1,0,25,18.28,94.29,0.24
101362,Ravi,INST-2663,16:00,373.8,24.7,22.5,32.1,48.6,1.3,0,14.4,21.45,98.53,0.77
101363,Akash,INST-2069,9:15,591.6,37.3,32.1,18.9,86.6,9.4,0,12.9,22.83,94.39,1.24
101364,Ravi,INST-1605,3:00,0,31.2,31.3,62.6,63.3,8,5.8,27.9,21.25,93.15,0.08
101365,Akash,INST-9553,9:30,608.6,31.5,24.6,15.3,78.2,4.5,0,22.5,22.41,96.69,1.26
101366,Meena,INST-8176,5:30,0,38.7,39.4,85.9,73.2,5.2,13,28.4,21.45,97.9,0
101367,Arun,INST-2170,14:45,395.5,44.2,39.5,65.8,82.9,12.3,7.5,16.2,20.84,98.35,0.73
101368,Priya,INST-8571,0:30,0,32.4,30.7,80,39.7,4.9,2.5,8,22.56,94.98,0.1
101369,Arun,INST-9570,12:00,946.8,40,33.3,7.5,57.7,11.3,0,25.5,17.68,92.57,1.25
101370,Divya,INST-9827,2:30,0,24.1,26.1,95.6,81.6,11.1,15.4,27.5,22.8,97.04,0.05
101371,Arun,INST-2726,14:45,486,27,21.5,51.9,89.3,8.8,5.5,23.7,17.54,97.8,0.66
101372,Ravi,INST-8613,23:00,0,32.8,34.1,81.5,70.5,0.3,18.6,3.7,18.45,96.09,0
101373,Arun,INST-8771,9:15,357,24.8,20.9,58.2,23.2,0.9,13.3,24.8,21.79,97.99,0.75
101374,Ravi,INST-5643,10:00,286.9,36.4,35.2,79.1,25.2,5.1,17.4,23.6,19.98,94.65,0.44
101375,Divya,INST-2292,6:30,4,30.5,31.6,45.9,38.1,9.3,17.6,18.8,20.27,98.83,0.2
101376,Akash,INST-2480,11:30,629.5,40.3,33.6,40.5,81.5,3.6,12.2,5.6,19.08,98.14,0.99
101377,John,INST-5032,12:00,518.5,44.1,39.9,59.4,33.6,0.4,4,17.8,22.98,96.55,1.01
101378,Meena,INST-5085,9:15,425.8,25.9,24.1,46.9,72.9,6.2,0.9,3.1,23,95.23,1.1
101379,Kumar,INST-6484,17:30,169.9,44.7,41.4,36.9,22.8,10,0,16.4,17.81,98.86,0.08
101380,Arun,INST-8972,13:15,677.4,34.3,30.2,38,67.5,10.1,0,13.6,20.17,96.05,1.26
101381,Kumar,INST-1354,18:45,0,28.9,29.9,51.8,76.7,13.8,21.5,18.8,21.15,92.03,0
101382,John,INST-9341,14:30,310.4,30.4,26.4,78.4,37.8,12.5,8.2,22.5,19.72,97.92,0.38
101383,John,INST-4220,0:45,0,43,41,84.5,79.2,11.4,21,24.6,21.65,97.36,0
101384,John,INST-4412,18:00,0,29.9,29.3,45.7,46.9,7.7,18.3,6.4,18.7,95.32,0
101385,John,INST-2544,7:00,146.3,23.7,20.7,54.5,34.5,12.4,21.8,29.1,18.12,92.89,0.06
101386,John,INST-3733,1:30,0,39.8,38.3,25.4,37.4,1.3,0,1,20.91,95.15,0
101387,John,INST-5579,2:00,0,35.3,34.6,24.5,82.9,4.1,0,17,17.96,94.6,0.11
101388,Priya,INST-1974,19:45,0,27.2,25.4,77.2,89.3,2.2,6.9,28.6,17.17,97.11,0.02
101389,Arun,INST-7386,8:45,410.3,23.3,19.9,18.4,42.4,2.2,0,8.7,18.59,98.23,0.78
101390,Kumar,INST-3824,13:00,900.9,25.5,19.2,9.7,48.7,6.5,0,20.6,18.29,95.32,1.27
101391,Akash,INST-8350,22:15,0,41.4,40.3,24.5,22.4,5,0,23.8,19.35,97.62,0.09
101392,Priya,INST-6904,6:45,3.3,18.1,18.2,86.3,65.4,0.5,2.4,7.3,19,97.59,0.19
101393,Ravi,INST-8559,6:45,10.1,18.7,18.8,8.1,32,1.6,0,16.2,19.28,92.29,0.02
101394,Priya,INST-7387,15:15,589.7,41.9,37.8,16.7,89.2,11.6,0,22.3,21.75,98.99,0.97
101395,Arun,INST-9964,2:45,0,28.1,28.9,86.7,50.5,14.7,3.6,6.8,18.81,98,0.17
101396,Arun,INST-4009,11:15,894.6,27.6,21.5,8.4,88.4,4,0,2.5,22.73,98.4,2.04
101397,Ravi,INST-5449,9:45,283,25.2,22.3,71.8,35.6,2.7,16,10.6,17.57,98.46,0.45
101398,Priya,INST-8628,19:30,0,20.5,18.6,77.6,30,14.2,20.7,10.8,20.24,92.78,0
101399,Priya,INST-2741,18:00,17.2,33.5,32,28.8,32.8,6.4,0,26.4,22.96,96.92,0.13
101400,Akash,INST-5182,15:45,303.9,32.5,30.3,71.2,36,5.7,1.5,0.3,20.15,94.18,0.48
101401,Kumar,INST-8181,21:00,0,18.8,20.6,98.1,41.9,12.7,3.3,13.1,17.26,94.83,0.09
101402,Kumar,INST-7439,19:15,0,38.8,36.9,86.7,40.9,4,10.9,13.5,22.7,95.53,0
101403,Akash,INST-6219,8:45,438.3,20.1,18.2,16.9,32.5,11.2,0,14.8,22.63,93.04,0.66
101404,Meena,INST-1024,6:15,0,30.7,31.2,0.2,79.5,11.2,0,29.8,19.72,96.16,0.04
101405,Ravi,INST-9456,16:00,439.3,38.9,37.2,10.9,91.6,12.8,0,11.5,21.52,96.39,0.99
101406,Arun,INST-9101,6:45,3.3,31.9,30.8,66.8,74.5,11.1,15.4,11.6,20.25,97.13,0
101407,Priya,INST-9972,13:45,237,19,19,90,64.8,12.6,14.7,8.3,18.31,95.04,0.55
101408,Kumar,INST-8301,2:00,0,18.4,20,61.9,65.3,9.7,17.4,9.9,17.85,96.01,0.12
101409,Arun,INST-1297,6:30,6.6,18.5,19.6,72.4,77.2,4.2,10.3,13.4,19.25,96.02,0.05
101410,John,INST-5478,12:45,677.4,26.1,20.3,39.7,40,9.7,0,0.5,17.84,97.39,1.34
101411,Arun,INST-3257,20:15,0,33.4,32.3,61.1,92.6,2.2,22.3,4.2,20.19,95.51,0
101412,John,INST-6320,4:45,0,40.5,39.9,38.2,34.4,4.7,0,28.5,18.33,98.97,0
101413,John,INST-2428,5:00,0,30,31.4,99.4,72.6,1.6,2.9,12.6,17.42,93.24,0.05
101414,Meena,INST-6668,18:00,14.7,29.2,27.5,25.8,24.6,9,0,6.6,18.59,94.86,0
101415,Arun,INST-4969,16:15,309.3,38.9,35.4,41.2,33.2,14.8,3.2,22.1,22.55,94.99,0.53
101416,Arun,INST-1481,20:30,0,33.2,35.2,95.7,75.2,6.5,8.1,28.7,21.63,97.11,0.19
101417,John,INST-6112,12:00,264.2,23,22.3,87.4,53,14.8,21.3,9,21.95,92.18,0.56
101418,Meena,INST-4876,0:30,0,36.3,35.8,59.9,35.4,11,12.3,4.5,18.41,95.91,0
101419,Divya,INST-7714,17:15,219.9,23,20.4,14.7,82,10,0,5.5,19.72,92.03,0.34
101420,Akash,INST-7347,11:45,290,25.3,24.6,85.7,89.5,13.2,22.1,12.3,20.27,95.57,0.67
101421,John,INST-8754,14:00,438.9,36.4,33.3,59.6,22.7,14.6,2.7,15.3,20,95.38,0.69
101422,Arun,INST-3057,7:30,103.6,25.5,25.4,77.8,51.4,11.1,9.5,4.6,17.66,92.61,0.28
101423,Akash,INST-5141,19:30,0,25.3,24.2,33.1,21.3,6,0,20.7,21.81,96.5,0
101424,Priya,INST-2656,21:45,0,29.4,31.1,81.9,31,3.7,21.4,12.9,18.84,94.36,0.03
101425,John,INST-9199,16:15,229.6,27.8,24.7,65.2,60.3,14.9,10.1,26,17.11,97.93,0.46
101426,Ravi,INST-3977,2:15,0,25.7,26.9,85.2,76.2,1.2,18.2,7.4,17.18,96.96,0
101427,Akash,INST-1068,7:45,239.7,35.4,33.4,12.8,24,0.9,0,4.9,23,93.41,0.54
101428,Ravi,INST-2313,2:30,0,17.5,18.3,22.6,90.3,12.2,0,7.2,21.5,95.47,0
101429,Divya,INST-7798,1:00,0,37.7,36.2,90.8,31.7,14.8,8.9,21.5,22.87,98.93,0.09
101430,John,INST-2614,18:30,5.4,37.1,37.7,76.1,47.3,0.1,3,6.2,19.63,93.56,0.02
101431,Priya,INST-1370,15:15,418.2,41.7,38.1,50.2,20.3,2.1,11.7,22.8,21.29,95.28,0.93
101432,Priya,INST-7991,0:00,0,30.6,29.3,82.3,29.7,3,14.9,22.7,20.8,94.69,0
101433,Priya,INST-9773,6:45,0,28.4,28.7,30.5,84.7,13.5,0,0.2,21.79,95.83,0.07
101434,Meena,INST-6765,14:00,862.5,40.4,34.1,1.3,79.9,2,0,26.3,22.78,93.14,1.72
101435,Akash,INST-1623,12:45,600.3,29.9,24.2,49.6,21.5,12,17.1,10.7,19.62,96.83,0.98
101436,Meena,INST-3327,2:30,0,20.4,20.8,24.4,42.4,2.2,0,2.2,19.88,92.07,0
101437,Ravi,INST-9563,8:15,382.7,37.6,36,25.4,60.4,3.3,0,4.1,20.25,94.05,0.54
101438,Ravi,INST-1167,9:00,319.4,41.3,37.4,66.5,43.7,3.4,3.7,11,17.43,95.33,0.45
101439,Akash,INST-5764,12:15,841.4,39.1,32.7,20.8,43.2,1.4,0,0.1,17.1,92.83,1.44
101440,Divya,INST-7891,8:15,328.8,34.5,32,44.2,91.9,4.8,6.2,10.1,21.47,98.4,0.5
101441,Priya,INST-8357,15:30,264.4,35.5,32.2,72.6,57.3,1.5,9.1,4.6,22.12,96.48,0.66
101442,Divya,INST-3634,7:45,247,28.1,25,1.7,83.2,5.5,0,8.4,21.64,95.28,0.3
101443,Priya,INST-8234,3:00,0,19.5,19.5,56.9,29.2,5.8,6.6,19.6,20.19,96.49,0
101444,Ravi,INST-4547,3:45,0,41.6,41.5,45.4,78.2,13.3,7.4,2.2,18.81,97.93,0.08
101445,Arun,INST-7280,1:15,0,27.1,26,65,49.6,7.9,24.5,26.8,18.12,95.61,0
101446,Ravi,INST-8351,13:45,764.7,39.5,33.7,22.6,35.5,7.2,0,2,22.01,93.45,1.49
101447,Akash,INST-8796,13:15,691.5,44.9,39.4,32.2,57.8,7.1,0,1.6,22.38,96.86,1.61
101448,Akash,INST-4829,5:00,0,37.8,36.7,75.5,39.5,5.2,0.6,15.7,22.01,97.4,0
101449,Akash,INST-2373,10:45,577.6,21.8,18.2,38.6,69.2,4.8,0,13.5,21.42,95.5,1.25
101450,Divya,INST-6554,11:30,864.9,40.7,32.1,14.3,38.1,11.7,0,7.8,22.07,95.34,1.89
101451,Arun,INST-8461,23:15,0,33.6,34.9,34.4,68.3,7.2,0,3.2,17.45,95.25,0
101452,Divya,INST-7978,19:00,0,19.2,20.6,97.5,78.5,2.4,22.1,11.2,18.73,97.86,0
101453,Kumar,INST-1530,11:15,298.4,41.4,40.9,84.6,63.8,12.1,4.7,27,21.48,98.96,0.74
101454,Ravi,INST-2567,8:15,236.3,38.1,37.9,61.1,61,13,11.3,26.5,21.56,98.45,0.56
101455,Priya,INST-7554,6:45,0,24.3,26.2,79.8,22.5,8.7,5.2,12.4,19.75,93.78,0
101456,Kumar,INST-2853,14:15,511.5,31.6,28.4,50.7,61.6,8.1,23.9,1,19.39,98.51,0.88
101457,Arun,INST-6731,19:30,0,33.4,32.5,28.7,36.9,6.9,0,4.7,21.55,93.26,0.14
101458,Arun,INST-2931,12:15,720.9,47.7,41.4,31.3,52.2,1.9,0,12.9,19.52,94.77,1.16
101459,Arun,INST-8432,5:30,0,22.9,22.9,48.5,66.8,9.4,9.3,13.6,17,98.01,0
101460,Ravi,INST-7859,23:45,0,37.5,36.1,99.5,21.6,0.7,0.3,21.4,17.62,98.72,0.14
101461,Ravi,INST-3718,5:00,0,38.4,36.6,92.3,86.2,3.6,0.8,7.8,20.43,92.24,0
101462,Arun,INST-6709,6:15,0,21.5,22,18.6,23.1,12.1,0,27.2,21.83,94.41,0.19
101463,Priya,INST-4706,10:30,661.3,44,39.5,29.6,50.4,7.6,0,16.6,20.36,96.87,1.08
101464,Kumar,INST-5023,6:15,0,40.4,40.1,26.5,29.9,12.2,0,0.8,20.39,97.18,0.2
101465,Kumar,INST-3006,4:30,0,21.7,20.2,80.2,24.3,11.7,18.8,11.8,22.45,96.28,0.05
101466,Ravi,INST-2931,4:15,0,25.9,27.6,97.4,54.5,8.8,6.9,2,17.09,93.28,0.11
101467,John,INST-2522,18:15,0,40.1,41.7,81.2,29.9,5.9,1.9,6.9,19.89,93.62,0
101468,Akash,INST-5490,15:30,641.1,38,33.1,13.6,48.7,13.5,0,4.3,17.15,96.35,0.89
101469,Kumar,INST-1433,0:15,0,40.7,39.1,72.8,43.7,2.1,1.5,5,17.64,94.48,0
101470,Meena,INST-6810,0:30,0,24.1,23,27.5,27.5,9.6,0,9,21,92.35,0.14
101471,Divya,INST-8552,20:15,0,31,32.5,40.9,71.9,3.8,3.3,29.1,20.01,93.65,0.13
101472,Meena,INST-9842,3:15,0,40.5,41.3,78.9,60.7,7.4,10.8,19,21.98,93.39,0
101473,Kumar,INST-3787,18:45,0,31,32.8,31.9,45.5,10.7,0,20,22.76,93.92,0.15
101474,Meena,INST-9248,11:15,366.6,43.7,41.3,74.7,52.8,11.9,3.4,23.7,17.11,95.56,0.49
101475,Arun,INST-3757,11:30,311,35.2,33.3,83.2,48,11.8,9.8,16.7,18.04,98.09,0.31
101476,Priya,INST-9737,5:30,0,34.5,33.9,78.3,32.6,13.2,7.5,5.2,19.47,96.12,0
101477,Arun,INST-1208,2:15,0,23,23.9,83.4,41.6,8.6,14.9,23.6,20.63,96.59,0
101478,Divya,INST-1651,4:45,0,25.6,24.3,51.9,45.7,12.6,24.1,10.8,18.17,92.47,0.13
101479,Ravi,INST-1307,22:15,0,20.2,19.2,69.2,63.1,3.7,19.1,16.2,18.07,93.12,0.13
101480,Priya,INST-2422,18:15,0,21,19.1,34.4,89.9,2.2,0,14.6,17.22,94.8,0
101481,Akash,INST-1899,15:45,241.2,25.4,23.2,78.3,90.5,0.2,14.3,6.8,18.04,93.9,0.23
101482,Akash,INST-3402,7:00,233.6,24.3,22.8,18.5,20.9,14.1,0,18.5,18.7,92.65,0.34
101483,Arun,INST-4277,22:00,0,25.9,24.6,51.1,28.7,11.2,11.5,13.9,20.95,94.72,0
101484,Akash,INST-1518,13:15,397.8,27.5,22.3,71.1,81.4,13.2,20.2,14.2,22.15,92.7,0.78
101485,Ravi,INST-2417,15:15,623.6,22.9,19,15.5,62,6.7,0,8,18.6,97.38,0.95
101486,John,INST-6658,13:30,389.2,29.6,27.3,71.7,62.8,15,4.1,26.2,21.64,94.59,0.58
101487,Arun,INST-7848,17:00,203,24.2,22.7,25.3,73,0.9,0,0.4,22.74,96.17,0.33
101488,Meena,INST-6127,15:30,610.3,29.1,24.7,15.7,64.2,0.2,0,23.9,20.49,93.54,1.04
101489,John,INST-8001,1:30,0,33.2,33.5,59.1,27,3.3,12.6,27.2,18.57,93.49,0
101490,Akash,INST-2349,17:45,113.7,27,26.4,75.9,87.2,12.7,3.3,26.3,21.53,94.83,0.37
101491,Priya,INST-7025,21:30,0,19.6,20.1,90.6,58.8,9.1,0.8,1.8,19.72,98.47,0
101492,Priya,INST-1181,16:30,382.5,38.1,33.6,30.1,48.9,4.4,0,7.1,19.47,98.18,0.52
101493,Ravi,INST-4733,22:15,0,40.3,40,55.5,38.4,0.4,12.1,13.2,18.27,97.72,0
101494,Priya,INST-9978,4:15,0,29.6,28.1,78.8,55.7,8.6,7,2.4,17.1,95.58,0
101495,Akash,INST-6391,6:30,12.3,19.1,19.1,60.9,35.4,6.2,7.6,24.4,21.18,96.86,0.17
101496,Divya,INST-7550,0:30,0,34.7,33.3,83.9,83.3,9.6,14.3,4.2,17.71,95.19,0
101497,Akash,INST-2273,17:45,124,27.6,27.8,61.5,82.9,11.4,10.1,4.9,22.59,96.73,0.42
101498,Divya,INST-4140,18:15,0.4,33.5,32.8,69,62.5,8,4,3.6,17.92,96.92,0.19
101499,Kumar,INST-4823,14:00,585.4,22.7,18.1,41.2,82.3,9.2,4.3,17.6,17.95,93.44,0.97
101500,Kumar,INST-2427,21:15,0,27.2,25.3,96.6,65.1,0.3,7.1,23.3,20.66,94.93,0
101501,Akash,INST-3943,2:30,0,26.5,28.5,85.6,39.4,9.1,4.1,30,18.39,98.39,0.1
101502,John,INST-5019,1:15,0,35.9,34.6,82.6,25.7,10.9,2.8,14.1,22.16,92.04,0.05
101503,John,INST-4633,21:00,0,33.8,33.5,47.5,76.7,13.5,1.3,11.4,22.11,98.18,0.03
101504,Arun,INST-9372,2:30,0,41.6,40.5,20.1,28.6,0.8,0,18,17.94,96.42,0
101505,Ravi,INST-4335,0:00,0,41.4,39.6,61.4,24.9,2.4,3.8,5,22.68,95.85,0.06
101506,John,INST-5901,16:30,199.1,39.9,38.4,67.7,58.7,9.9,24.1,28.5,18.1,96.53,0.35
101507,Priya,INST-2233,13:00,663.2,26.6,20.7,38.1,87.1,12.9,0,5.1,19.83,94.74,1.02
101508,Ravi,INST-9689,4:00,0,19.1,20.9,39.2,76.8,2.6,0,27.7,18.17,98.31,0
101509,John,INST-4577,10:45,444,29.8,24.1,56.7,71,13.1,22.5,2.4,17.07,97.22,0.85
101510,Arun,INST-5886,5:30,0,32.7,32.3,37.2,90.4,2.3,0,6.7,19.19,92.06,0.02
101511,John,INST-8394,12:00,807.6,41,36.3,22.5,88.9,4.4,0,11.3,17.8,97.35,1.4
101512,Ravi,INST-6766,11:15,457,32.2,30,62.9,60,6.6,9.2,28.2,21.08,98.8,0.97
101513,John,INST-9356,17:15,250.7,35.8,31.7,10.7,38.7,5.5,0,28.2,19.4,93.07,0.27
101514,Arun,INST-4781,13:00,702.1,38.9,32.5,34.3,59.7,4.3,0,2.2,19.24,94.17,1.38
101515,Arun,INST-3210,23:00,0,22.6,22.5,96.1,33.8,14.4,14.1,3.9,19.3,94.79,0.19
101516,Akash,INST-3898,6:30,19.4,41.8,39.8,33.9,69.3,2.3,0,27.4,20.62,98.66,0.05
101517,Kumar,INST-6252,17:45,86.9,31.9,30.4,77.9,53.8,2.8,22.9,13,18.81,93.73,0.15
101518,Ravi,INST-9573,8:15,452.1,33.2,30.7,8.6,77.3,1.3,0,29.7,19.41,92.21,0.85
101519,John,INST-5874,1:45,0,22,21.5,94.4,76,1,19.8,22.2,20.97,97.97,0.15
101520,Priya,INST-4567,9:00,698.9,36.9,31.8,1.5,87.6,12.7,0,14.1,17.2,96.29,1.05
101521,Meena,INST-7287,9:15,320.1,36.6,34.7,66.8,20.9,9.3,17.7,4.5,20.11,93.63,0.72
101522,Ravi,INST-8937,13:45,537,36.5,32.9,54.8,87.9,6,22.9,17.1,22.86,97.44,1.26
101523,Ravi,INST-7062,12:15,323.9,35.5,33.8,79.1,90.1,6.7,10.2,3,20.16,96,0.81
101524,Arun,INST-5757,0:30,0,40.5,40.5,39.8,29,2.5,0,6.8,17.44,93.36,0.06
101525,Meena,INST-7630,3:00,0,28.6,29.8,24.1,32.7,7.4,0,29.1,17.37,94.93,0.1
101526,Arun,INST-1737,4:30,0,36.2,35.9,86.7,74.2,8.9,12.9,5.8,19.76,93.33,0.09
101527,John,INST-6087,8:45,396.9,40,36.7,25.8,21.9,11.2,0,16,22.2,97.42,0.72
101528,Priya,INST-1084,22:45,0,20.9,19.8,53.1,25.3,7.1,0.9,27.6,20.34,97.47,0
101529,Divya,INST-4914,21:15,0,30.5,32.2,89.1,46.4,2.9,6.4,18.2,17.44,97.56,0
101530,Meena,INST-6674,17:00,129.6,28.1,25.7,65.6,39.5,10.8,15.5,20.1,18.49,96.66,0.38
101531,Ravi,INST-9059,15:00,660.7,30.7,23.9,4.6,20.9,4.7,0,26.8,17.7,93.93,0.76
101532,Kumar,INST-9944,4:15,0,31.7,31,26.5,64.1,5.9,0,4.8,22.64,97.12,0
101533,Meena,INST-9912,17:45,117.1,43.3,41.3,61.6,69.5,8,0.3,11.8,17.94,96.88,0.03
101534,Akash,INST-5628,22:45,0,21.8,23,76.7,37.8,10.8,3.3,1.7,18.14,98.9,0
101535,Ravi,INST-9243,16:00,227.8,31.6,29.7,68.6,92.4,8.4,24.8,1.3,18.01,98.85,0.49
101536,Priya,INST-9861,23:30,0,18.7,19.9,89.3,84.2,2.2,9.7,3,19.01,93.93,0
101537,Ravi,INST-6618,5:45,0,32.2,33.8,39.3,69.2,0.5,0,29.8,21.79,96.71,0
101538,Ravi,INST-6137,7:45,126.2,41.4,40.8,61,40.9,7.2,17.5,23.7,22.18,96.75,0.31
101539,Arun,INST-4222,2:45,0,25.9,24.9,80.1,81.7,8.6,18.2,17.3,19.53,97.55,0.12
101540,Akash,INST-3167,13:15,794.2,40.1,31.8,22.3,47.2,14.6,0,4.1,19.31,97.18,1.38
101541,Arun,INST-7127,15:45,720.2,34.6,30.4,0.5,89.6,0.8,0,7.1,19.38,93.67,1.39
101542,Meena,INST-1721,4:00,0,29.6,28.3,71.8,66.8,8.8,0.3,6.5,17.26,92.83,0
101543,Kumar,INST-1472,4:30,0,32,32.6,30.8,71.6,11.5,0,13.8,19.23,95.27,0.04
101544,Kumar,INST-2836,18:15,0,33.1,33,87.2,23.2,12.9,11.6,27.5,22.69,98.54,0.06
101545,John,INST-5478,20:15,0,25.1,24.9,23.5,65.4,10.4,0,27.8,18.35,92.63,0.02
101546,Priya,INST-9978,19:45,0,25.3,26.4,47.8,86.5,12.7,19.1,11.9,19.44,98.07,0.04
101547,Meena,INST-3447,3:45,0,20.1,19.3,69.3,48.5,3.5,20.3,3.1,19.52,92.98,0.02
101548,Ravi,INST-8334,0:30,0,34.4,33.4,55.9,87.6,6.1,3.3,10.6,22.97,94.56,0
101549,Priya,INST-7135,6:00,0,37.2,35.4,6.1,51.7,12.1,0,9.5,17.32,95.69,0.03
101550,Meena,INST-3112,5:30,0,23.4,23,44.2,43.1,8.5,1.4,11.3,18.59,97.22,0
101551,Meena,INST-8660,18:00,0,32.7,31.7,28.7,76.9,14,0,19.1,20.19,95.04,0.1
101552,John,INST-7629,18:15,0,19.9,21,38.7,86.1,10.7,0,14.8,20.76,95.92,0
101553,Ravi,INST-7131,21:45,0,21.4,22.5,23.9,76,7.2,0,14.2,21.39,95.79,0
101554,Ravi,INST-2642,18:15,4.1,27.4,28.4,14.8,34.2,12.3,0,20.7,20.62,95.35,0.12
101555,Arun,INST-4446,18:45,0,40.5,38.8,26,44.2,11.4,0,24.5,22.61,98.27,0
101556,Arun,INST-5231,5:45,0,25.4,23.7,57.9,32,10.8,21.7,19.6,17.28,93.67,0
101557,Priya,INST-5118,22:00,0,31.7,32.8,25.2,79.9,7.7,0,8.8,18.27,94.08,0.06
101558,Arun,INST-1148,21:45,0,24,25.7,46.5,83.2,10.4,3.2,11.7,22.49,95.1,0
101559,Priya,INST-4305,17:15,214.8,40.9,38,11.2,93.9,3.2,0,4.6,21.64,95.03,0.48
101560,Arun,INST-3101,15:45,447.9,43.9,40.5,42.1,74.4,10.5,0.8,12,22.57,97.11,0.73
101561,Divya,INST-1056,6:30,0,19.3,18.8,4.7,32.7,7.6,0,9.1,20.78,92.59,0.13
101562,Divya,INST-5874,23:00,0,28,29.9,30.6,68.6,6.5,0,23.4,19.2,93.17,0
101563,Arun,INST-7082,18:00,0,23.2,21.8,75.8,38.4,6.1,20.1,19.9,19.14,97.93,0.12
101564,Akash,INST-5298,13:00,759,31.8,25.6,25.4,64,1.6,0,27.8,22.89,96.89,1.48
101565,Divya,INST-9874,22:30,0,30.7,32.4,87.4,64.9,10.6,10.7,17.7,20.72,94.2,0
101566,John,INST-4400,4:45,0,27.3,28.5,82,29.9,3.3,14.8,26.8,17.61,92.71,0.09
101567,Priya,INST-2709,10:30,494.3,26.2,24,50.6,25.5,10.3,10.9,21,22.52,93.14,1.09
101568,John,INST-9154,9:15,285.8,23.9,21.9,74.4,54.6,7.6,12.3,25.4,21.65,95.68,0.68
101569,Arun,INST-4359,14:45,834.8,47.5,41.3,5.2,49.1,0.7,0,20.9,22.92,93.4,1.67
101570,Meena,INST-7566,9:45,313.6,35,30.9,67.3,40.3,0.4,17,15.5,21.12,96.36,0.62
101571,Akash,INST-4158,21:15,0,40,38.6,97.7,53.4,3,20.1,1.5,20.26,96.02,0
101572,Priya,INST-7294,12:15,991.2,34.1,26.6,0.7,53.7,7.6,0,28.5,18.98,96.66,1.57
101573,Akash,INST-6283,10:30,283,42.8,41.8,80,55.3,4.1,0.2,11.6,19.68,95.65,0.63
101574,Arun,INST-5770,21:00,0,27.4,28,48.6,44.4,2.3,22.3,25.8,18.56,97.39,0.04
101575,Divya,INST-5851,0:15,0,36.8,38,84.1,50.5,8,10.6,15.4,18.4,94.23,0
101576,Ravi,INST-2040,14:00,239.9,21.6,19.1,86.2,80.7,4,22.9,15.4,19.47,93.21,0.52
101577,Meena,INST-1794,17:15,257.3,42.1,38.9,2.7,35.9,10,0,0.4,21.62,96.47,0.67
101578,Divya,INST-8942,18:45,0,42,41.8,12.1,28.2,5.4,0,18.3,20.16,94.09,0.17
101579,Divya,INST-4352,11:45,421,47.1,41.7,67.7,21.1,4.8,16,28.6,20.44,96.74,0.86
101580,Ravi,INST-3299,21:45,0,34.2,35.2,20.1,31,13.1,0,25.7,21.81,98.79,0
101581,Arun,INST-6441,16:30,285.9,33,29.2,54.9,31.5,3.4,14.1,13.2,19.76,94,0.47
101582,Meena,INST-6985,3:30,0,40.5,39.6,25.3,94.5,10.3,0,21.6,18.21,95.51,0.1
101583,Arun,INST-6242,20:45,0,36.4,37.3,75.7,62.8,2.4,16.2,6.6,22.83,95.01,0.09
101584,Meena,INST-9988,12:30,872.5,38.5,29.5,14.9,35.7,12.7,0,13.3,21.2,94.69,1.51
101585,Kumar,INST-2416,11:00,255.9,42.6,39.4,88.4,55.2,7.5,7.4,4.4,19.29,94.53,0.39
101586,John,INST-7788,19:00,0,39.2,40.3,94.7,54.5,2.2,16.3,3.6,20.75,98.62,0
101587,Arun,INST-3805,7:45,129.9,21.2,18.9,61.1,77.2,6.4,20.6,26.2,21.29,96.39,0.21
101588,John,INST-8635,14:30,392.1,39.9,37,63.3,43.5,3,13.1,29.7,22.27,95.81,0.76
101589,Ravi,INST-8412,23:15,0,19.9,19.6,57,44,9,13.9,9.1,20.06,96.26,0.08
101590,Akash,INST-3746,12:15,622.9,32.7,28.6,45.5,21.7,2.3,0.4,14.4,17.48,93.66,0.91
101591,Priya,INST-3955,3:00,0,24.4,26,70.6,85.9,8.2,3.9,17,21.73,95.66,0
101592,Priya,INST-9368,4:00,0,31.4,29.7,71.9,49.1,11.4,24.1,1.1,17.71,95.18,0
101593,Divya,INST-3404,18:15,4.3,22.7,23.5,34.9,73,9.9,0,25.5,20.97,96.25,0
101594,Ravi,INST-4974,22:30,0,29.6,29.8,23.5,66.1,12.9,0,23.5,22.19,98.98,0
101595,Meena,INST-8308,0:45,0,36.8,35.8,55.4,83,9.9,22,3,18.98,96.42,0.07
101596,Meena,INST-8208,21:00,0,33.5,33.4,48.6,66.3,10.1,18.5,15.5,21.27,93.96,0
101597,Meena,INST-9341,17:15,221.6,22.9,19.5,9.4,91.3,9.8,0,21,21.52,98.55,0.61
101598,Meena,INST-1806,6:45,0,26.8,25.8,48.2,81.4,11.6,15,22.3,20.5,95.07,0.15
101599,Divya,INST-9810,1:15,0,42.6,41.4,38.6,67.1,5.4,0,15.4,18.58,98.83,0.03
101600,John,INST-1405,7:45,115.1,24.2,25.2,65.3,52.4,14.1,15.3,14.4,21.55,95.54,0.1
101601,Priya,INST-6817,18:45,8.3,23.6,21.8,32.9,70.2,9.9,0,7,20.05,98.73,0.13
101602,Kumar,INST-1618,4:00,0,27.7,26.8,46.5,42.8,2.5,20.5,6.8,18.8,94.63,0.2
101603,Meena,INST-2130,17:30,127.3,24.7,23.9,56.4,49.2,14.2,22.8,9,21.77,97.93,0.34
101604,Akash,INST-3894,23:00,0,32.6,33.2,47.6,41.3,1.2,15.7,8,22.59,98.5,0
101605,Priya,INST-8240,0:30,0,20.5,21.9,21.1,58.5,1.4,0,16.9,17.43,97.84,0
101606,Priya,INST-4734,9:30,348.5,43.1,39.3,60.1,39.1,8.4,17.3,24.3,18.73,97.15,0.41
101607,Arun,INST-9782,12:30,521.5,46.7,41.3,59.8,22.2,2.3,24,19,22.82,97.24,1.07
101608,Akash,INST-4066,3:15,0,27.4,28.9,53.2,76,14.8,10.3,28.6,17.01,98.98,0.1
101609,Kumar,INST-5552,5:00,0,36.9,38.4,30.8,71,14.7,0,8.1,20.53,92.28,0.16
101610,Kumar,INST-8171,13:15,319.9,33.5,32.8,80.2,55.6,6.8,1.8,4.5,18.83,97.7,0.42
101611,John,INST-1440,19:15,0,36,36.6,36.9,54.3,12.8,0,27.2,19.61,94.15,0.15
101612,Akash,INST-1860,3:45,0,35.6,36,39.7,25,8.8,0,22.5,21.41,96.5,0.16
101613,Meena,INST-6832,18:15,0,29.9,28.5,57.5,39.7,1.4,15.2,0.8,22.56,98.78,0.17
101614,Meena,INST-1040,5:30,0,37.4,35.5,47.5,82.4,11.7,6.8,8.7,21.1,98.13,0
101615,Arun,INST-3958,17:15,139.7,39.1,36.1,51.5,25,13.9,6.9,21.9,21.17,94.62,0.24
101616,Kumar,INST-3438,11:00,890.9,39.6,32.1,10.3,55,12.4,0,6.4,17.8,96.82,1.4
101617,Meena,INST-5676,7:45,160,20.4,20.3,44.6,72.4,12.1,12.6,1.8,21.34,95.75,0.51
101618,Priya,INST-6112,6:00,17.5,23.9,24,29.2,60.1,2.6,0,3.1,21.8,95.4,0.06
101619,Divya,INST-2594,1:45,0,24.9,25.7,70.5,44.8,6.8,1.3,19.3,20.91,92.02,0.15
101620,Kumar,INST-5004,23:00,0,25.1,24.3,49.8,34.7,6.1,1.3,5.9,18.11,95.52,0.15
101621,Meena,INST-1309,21:30,0,20.5,21.3,93.2,27.2,4.3,3.8,12.1,19.88,92.72,0
101622,Meena,INST-3321,0:00,0,29.2,27.6,98.6,35.4,11.1,3.5,4.1,17.82,92.26,0.2
101623,Kumar,INST-3137,5:15,0,27.7,27.1,23.8,27.2,9.9,0,18.4,17.28,92.53,0.1
101624,John,INST-9752,9:15,572.6,26.9,23.5,20.1,33.6,5.7,0,29.2,21.78,93.11,1.08
101625,John,INST-6497,13:30,713.2,28,22.5,30,77.9,4.5,0,13.3,21.76,93.21,1.38
101626,Akash,INST-8035,6:30,0,39.2,37.4,15.6,38.6,11.3,0,19.1,19.84,98.33,0.13
101627,John,INST-6906,5:45,0,27.9,26.5,86.4,26.9,10.3,24.9,29.5,19.43,97.7,0.03
101628,Priya,INST-5382,15:45,192.5,26.1,23.9,86.4,24.5,13.7,10.4,3.2,19.84,98.95,0.26
101629,Akash,INST-7076,5:30,0,38.5,36.7,90.3,89.3,5.9,18,20,19.03,95.93,0.08
101630,Akash,INST-3085,20:30,0,20.5,21.7,79.8,88.3,11.3,9.7,27.7,17.9,92.72,0
101631,Arun,INST-8498,20:45,0,36.1,35.9,96.1,36.8,4.1,23.5,8.6,20.29,95.5,0
101632,Ravi,INST-7765,3:45,0,21.8,21.5,78.5,64.3,3.5,15.2,26.7,20.28,96.6,0
101633,Meena,INST-4679,21:00,0,39.6,39.5,28.1,34.8,6.9,0,0.9,17.14,97.64,0
101634,Akash,INST-1965,15:15,307,42.3,40.6,69.8,66,12.2,24,27.1,17.11,98.27,0.4
101635,John,INST-4407,3:15,0,41.1,41.5,98.3,34.7,11.5,19.6,13.3,18.1,96.5,0.14
101636,Arun,INST-7366,22:30,0,29.4,27.7,47.6,34.3,1.6,3.5,27.9,22.16,96.12,0.16
101637,Ravi,INST-4526,12:30,627.4,45.5,41.8,45.5,68.2,10.5,9.6,8.8,19.76,96.34,1.12
101638,Ravi,INST-7745,21:15,0,21.7,23.3,37.5,27.9,5.8,0,5.1,21.71,96,0
101639,Kumar,INST-5458,23:00,0,18.9,20,80.9,40.4,4.1,11.9,20,22,96.6,0
101640,John,INST-9740,3:30,0,32.7,31.5,23.6,39.9,10.9,0,28.7,22.19,95.46,0
101641,Priya,INST-5113,17:00,219.1,27.2,24.8,9.3,64.3,9.9,0,23.1,17.29,94.18,0.47
101642,Arun,INST-1633,4:45,0,39.8,40.2,88.3,60.8,0.5,24.1,26.3,20.61,93.73,0
101643,Kumar,INST-5224,16:30,377.1,23.1,21.7,27.2,43.9,1.1,0,1.8,19.87,98.89,0.57
101644,Priya,INST-4365,17:45,240.4,33,29.5,5.3,86.3,11.9,0,3.5,22.26,97.48,0.35
101645,John,INST-1265,4:30,0,32.1,34.1,92.5,92.8,7.8,20.1,2.6,17.55,92.93,0.01
101646,John,INST-6195,4:45,0,21.5,19.8,94.7,36,6.5,21.2,11.1,19.28,98.02,0
101647,Priya,INST-4913,17:00,257,29.3,25.2,3.4,69.3,5.7,0,23.5,22.99,93.19,0.54
101648,Priya,INST-6707,9:00,656.2,44.4,40.1,6.9,23.9,9,0,13,20.97,94.72,1.18
101649,John,INST-6642,10:15,204.6,36.4,33.7,89.9,87,0,15.8,8.5,21.32,92.46,0.47
101650,John,INST-9529,16:30,344.5,35,30.2,38.3,64.8,14.7,0,0.9,17.64,98.93,0.68
101651,Meena,INST-8089,14:30,272.8,24.7,23,84.5,57.9,13.3,21.3,5.5,20.83,92.6,0.37
101652,Akash,INST-3183,20:30,0,18.2,18.6,52.4,20.6,0.3,1.1,8.8,22.99,98.45,0
101653,Kumar,INST-1083,12:45,344.6,39.8,36.9,77.5,78.4,1.5,0.1,29.1,22.88,94.88,0.66
101654,Ravi,INST-5455,3:45,0,21.3,21.4,30.8,32.6,7.5,0,3.3,19.11,97.55,0
101655,Kumar,INST-3340,17:15,225.9,26.8,24.8,16.3,55.3,13,0,15.8,19.15,96.24,0.42
101656,Ravi,INST-1021,8:00,495.4,29,24.4,3.5,28.7,5.6,0,23.5,21.23,98.55,0.85
101657,Ravi,INST-6151,6:30,17.7,39.1,40.3,87,68.2,8.9,23.1,0.2,22.58,94.02,0.09
101658,Meena,INST-9017,17:00,141.2,23.5,23.8,53.9,60.5,12.8,0.6,9,20.73,98.37,0.36
101659,Meena,INST-4974,9:00,396.7,25.4,21,55.2,77.1,1.4,16.4,8.6,20.33,97.6,0.67
101660,Arun,INST-1596,5:00,0,35.9,34.2,71.3,36.7,5.8,18.9,14.9,22.48,96.5,0.19
101661,Kumar,INST-8612,17:00,113.1,39.2,37.8,60.1,87.9,6.7,23.3,27.1,21.93,94.82,0.23
101662,Meena,INST-6438,17:30,89.5,37.9,36.8,86.2,43,11.5,13.6,8.3,20.46,97.16,0.3
101663,Akash,INST-1800,22:30,0,22.1,21.7,48.7,60.7,0.2,1.7,1.5,18.99,95.22,0
101664,John,INST-7082,14:00,804.9,33.7,28.7,7.5,36.7,10,0,2.1,20.53,95.86,1.42
101665,Kumar,INST-1335,16:30,436,35.1,32.8,17.5,66,6,0,8.1,19.76,97.86,0.95
101666,Arun,INST-6293,0:30,0,22.3,23.8,74,38.8,3.2,12.8,23,18.64,95.18,0
101667,Priya,INST-6423,10:15,249.9,22.8,20.6,84.8,43.6,4.2,23.9,27.8,19.31,97.84,0.43
101668,Akash,INST-1244,5:30,0,27.8,28.9,33.2,77.2,3.3,0,4.3,21.77,96.73,0
101669,Arun,INST-4641,2:30,0,38.7,40.1,71.2,49,0.7,0.5,24.8,20.63,94.75,0.16
101670,Priya,INST-8251,5:00,0,41.2,40.8,58.8,82.2,0.4,2.2,13.9,22.57,93.24,0
101671,Kumar,INST-3885,12:45,545.9,44.3,41.8,54.4,36.6,1.9,8.9,1,18.29,97.87,1.01
101672,Ravi,INST-5949,17:30,243.4,30.7,28,0.7,23.7,8.6,0,19.3,18.27,96.33,0.38
101673,Divya,INST-2388,19:00,0,32.2,33.5,20.2,63.6,5.1,0,3,17.88,97.89,0
101674,John,INST-9064,2:30,0,30.4,32.4,48.3,53.7,15,20.3,4.3,17,97.56,0
101675,Kumar,INST-3239,23:15,0,27.8,27.2,26.6,54.9,11.7,0,23.1,18.71,94.64,0
101676,John,INST-5015,14:00,342.6,29,25.1,70.4,34.7,9.2,22.8,27.6,21.02,98.82,0.58
101677,Akash,INST-8012,10:00,648.6,40,33.6,31,25,0.4,0,17.3,20.32,97.75,1.24
101678,Divya,INST-9969,1:45,0,37.6,37.1,73,31.7,3.7,16.9,11.7,20.76,96.76,0
101679,Akash,INST-8828,20:45,0,22.5,23.9,36.4,71.3,1.8,0,10.7,17.93,98.08,0
101680,John,INST-9398,11:45,806,28.1,20,19.9,65.5,2.9,0,1.2,22.63,93.71,1.83
101681,Kumar,INST-9812,18:15,8.1,18.4,19.8,78.6,52.8,9,15.7,25.5,19.28,93.46,0.2
101682,John,INST-2692,15:15,282,26.9,26.2,72.1,93.9,13.4,23,4.2,17.57,97.45,0.54
101683,Ravi,INST-7354,11:15,454.3,26,22.4,63,79.5,3.3,22.2,1.9,17.87,93.28,0.66
101684,Meena,INST-4614,7:45,69,29.7,27.4,85.5,48.9,7,10.3,15.9,20.07,96.12,0
101685,John,INST-5718,22:30,0,18.1,18.5,86.4,30.4,0.1,10.3,3.9,20.4,94.29,0.01
101686,Meena,INST-2799,4:00,0,37.4,36.4,89.3,85.7,10.7,4.5,28.3,21.44,96.92,0.05
101687,Kumar,INST-5217,21:30,0,20.1,19.8,89.3,42.6,13,16.4,27,18.12,97.51,0
101688,Divya,INST-8560,17:00,196.9,31.7,29.8,25.8,84.3,2.1,0,3.5,20.12,96.89,0.2
101689,Ravi,INST-4335,7:15,238.8,38.1,34.3,8.4,93.9,2.2,0,7.3,19.67,97.12,0.3
101690,Ravi,INST-5419,10:00,395.6,31.8,27.6,64.6,20.9,3,15.8,20.1,22.09,97.49,0.89
101691,Akash,INST-4284,0:00,0,22.5,21.3,25.4,31.4,12.3,0,25.2,22.35,97.04,0.01
101692,John,INST-3072,12:30,434.9,28.5,22.9,69.6,35.9,12.7,16.9,11.4,22.68,95.57,1.06
101693,Akash,INST-9171,23:00,0,28.6,27.1,75.8,68,3.8,22.9,26.7,22.26,96.2,0
101694,Meena,INST-7869,8:00,444.9,27.5,24.3,10.2,85,13.6,0,27.9,19.25,97.77,0.91
101695,Ravi,INST-2268,3:30,0,20,20.6,43.3,87.5,10.7,22.4,19.3,20.25,92.34,0.18
101696,Ravi,INST-5683,8:00,459.5,27,23.8,5.5,48.9,7.6,0,2.3,18.28,94.31,0.79
101697,Priya,INST-5496,16:15,319.3,27.3,26.5,43,23.2,9.6,2.6,12.1,22.59,94.67,0.62
101698,Divya,INST-8385,17:30,270.3,33.5,32.6,3.2,54.7,13.7,0,3.1,22.38,95.69,0.59
101699,Kumar,INST-8925,22:00,0,20.6,20.6,54.9,49.2,14.7,12.9,12.7,17.51,96,0.13
101700,Akash,INST-8185,11:15,471.3,25,19.6,59.8,74,13,8.3,29.4,18.24,93.33,0.63
101701,Priya,INST-6697,13:30,633.4,31.6,26.9,39.6,38,3.7,0,19.7,21.62,95.56,1.09
101702,Akash,INST-7556,21:15,0,40.5,39.7,27.5,45.1,0.6,0,20.4,20.24,93.87,0
101703,Divya,INST-4408,0:15,0,36.3,36.9,20.5,31.8,12.4,0,5.4,21.52,95.01,0.02
101704,Kumar,INST-5178,10:00,464.1,37.6,35,57.4,29.4,7.8,23.6,12.8,22.81,92.03,0.93
101705,Kumar,INST-1125,17:45,243.4,20,18.2,11.3,82.1,8.3,0,21.5,18,95.39,0.36
101706,Divya,INST-2899,3:30,0,22,21.1,31.2,68.9,13.8,0,6,21.68,92.43,0
101707,Priya,INST-3399,2:00,0,34.3,35.2,86.2,34.5,10.1,12.2,26.7,22.79,94.44,0.06
101708,Divya,INST-8694,3:45,0,34.6,34.3,94.8,55.6,5.6,17.7,13,21.63,94.82,0
101709,John,INST-1666,19:45,0,22.8,23.6,61.9,40,0.3,17.8,4.6,22.62,97.88,0.18
101710,Akash,INST-6972,6:45,18.3,23.9,22.4,56.2,63.5,11.4,6.1,18.7,17.08,92.15,0.1
101711,Divya,INST-4985,13:00,407.1,40.7,36.9,68.6,26.2,14.2,0.9,21.1,17.26,94.78,0.73
101712,Arun,INST-7865,0:00,0,20.6,21.2,60.3,62.9,3.1,6.5,14.1,19.02,95.19,0.02
101713,Kumar,INST-4615,10:30,544.9,32.7,26.6,45.7,65,1.6,14.3,14.2,17.55,93.77,0.73
101714,Akash,INST-7346,9:15,257.2,26.9,23,73.1,91.2,10.4,20.4,12.2,19.19,97.45,0.31
101715,Akash,INST-9826,10:30,312.2,25.5,22,77.2,70.2,4.4,1,1,22.28,96.73,0.53
101716,Akash,INST-1813,2:30,0,25.1,27,73.3,26.5,0.4,19.1,8.4,21.94,95.47,0
101717,Kumar,INST-1934,20:15,0,25.4,25.7,99.1,69.2,3.3,15,22.9,22.38,97.68,0
101718,Ravi,INST-1931,23:00,0,31,30.6,67.1,37.6,8.3,13,21.8,21.86,94.17,0.13
101719,Ravi,INST-3842,16:15,392.1,23,19.5,30.2,90.7,11.3,0,18.7,17.3,97.18,0.42
101720,John,INST-4614,20:45,0,21.2,20.1,53.4,49.5,8,16.1,15.4,21.86,92.98,0
101721,Akash,INST-9518,2:30,0,39.1,38.8,88.2,78.5,13.4,24.5,23.1,22.08,98.1,0.16
101722,Kumar,INST-2206,2:00,0,36.1,34.3,98.4,70.6,11.1,0.2,18.4,19.98,93.42,0
101723,John,INST-3285,3:00,0,21,21.4,79.8,37.5,15,18.3,10.7,17.17,97.1,0
101724,Divya,INST-7998,15:00,436.3,41,38.9,45.8,59.8,12.2,5.4,27.8,19.59,95.68,0.77
101725,Meena,INST-1402,2:45,0,35.4,36.8,90.3,89.3,2.6,4,12.8,19.61,95.6,0.08
101726,Ravi,INST-4190,14:45,806.2,43,37.6,7.7,61.3,9.6,0,20.3,21.28,98.77,1.32
101727,John,INST-4962,10:00,771.6,35.7,29.4,12.2,52.5,14.6,0,25.1,19.28,92.17,1.33
101728,Meena,INST-9719,0:30,0,20.6,19.7,22.3,90.1,1.9,0,13.2,22.35,97.46,0
101729,Kumar,INST-2146,4:30,0,24.8,26.4,89.4,60,1.2,2.9,29.3,20.15,92.28,0.15
101730,Meena,INST-1714,0:15,0,32.8,32.3,41,59.2,6.7,20.9,14.7,20.84,98.95,0.05
101731,Ravi,INST-3314,18:15,0,38.4,39.1,1.6,21,9.7,0,11.7,20.75,95.45,0
101732,Ravi,INST-7578,21:30,0,21.3,22.3,31.9,34.2,9.1,0,24.6,20.8,92.11,0
101733,Ravi,INST-1223,15:15,682,28.7,24.3,1.8,48.9,10.7,0,4.2,21.21,96.02,1.31
101734,Divya,INST-5723,0:30,0,35.1,36.8,59.6,68.2,4.2,9.8,19.9,20.59,98.31,0.07
101735,Divya,INST-5189,1:45,0,28.7,29.8,63.4,68.4,3.8,9.3,7.6,21.35,93.96,0.06
101736,Akash,INST-6798,16:15,265.1,33.5,30.2,60,62.1,12.8,16.5,27.8,20.93,98.61,0.52
101737,Akash,INST-9102,6:45,13.2,29.5,30.4,88.1,22.2,9.9,11.5,10.9,19.83,98.47,0.18
101738,John,INST-4992,5:45,0,31.5,32.6,81.7,82.2,3.8,6.1,29.3,19.58,96.18,0
101739,Ravi,INST-6833,0:30,0,21.4,19.4,45.5,22.4,2.6,6.7,13.9,21.4,92.06,0
101740,John,INST-3821,19:15,0,34.5,34.7,65.4,88.6,7.4,3.5,29.2,18.89,96.44,0.17
101741,Ravi,INST-4959,17:00,232,32.8,31.4,5.7,46.6,10.1,0,20.7,20.82,94.1,0.34
101742,Arun,INST-2543,9:15,540.4,25.7,21.3,30.9,39.9,10.3,0,20.2,18.4,93.57,0.83
101743,Meena,INST-4081,2:00,0,23.1,23.7,28.9,22.2,14.9,0,5,19.15,98.19,0.13
101744,Arun,INST-8112,21:45,0,36.7,37.3,92.5,71.9,7.9,12.4,15.9,20.32,96.74,0
101745,Meena,INST-2314,8:45,145.6,39.5,37.8,87.9,63.8,4.9,2,20,22.54,94.41,0.22
101746,Kumar,INST-8434,22:00,0,27.9,28,93.9,60.8,1.6,11.4,7.4,18.5,92.67,0.14
101747,Priya,INST-6201,15:30,205,39,36.3,86.7,77.1,3.9,2.5,22.6,17.17,93.8,0.14
101748,Divya,INST-7426,5:00,0,40.1,40.4,67.1,37.6,9.1,10.8,0.6,22.06,98.46,0.04
101749,Priya,INST-8140,23:45,0,23.6,25.5,95.3,44.7,9.2,14.8,4.3,21.93,98.4,0.08
101750,Akash,INST-8220,7:00,93,25.1,23.2,85.3,82.1,8,13.9,28.7,18.85,94.41,0.32
101751,John,INST-3494,1:15,0,37.2,37.6,49.5,47.5,12.9,3.6,5.3,21.33,92.75,0
101752,Divya,INST-6927,11:45,679,36.7,32.6,34.1,44.8,8.9,0,22.5,20.77,93.36,1
101753,Kumar,INST-5901,7:45,82.3,39,40,79.5,22.9,9.8,3.9,29.4,19.9,92.83,0.19
101754,Meena,INST-1258,13:15,455.5,37.8,34.2,61.5,29.5,13.5,24,24.3,22.46,93.5,0.71
101755,Priya,INST-8001,4:00,0,35.5,35.5,79.5,81.5,2.3,2.4,16.5,19.38,98.3,0.11
101756,Divya,INST-4568,21:45,0,30.7,29.6,54.8,46.9,8.5,17.1,14.6,19.65,94.04,0.14
101757,Priya,INST-7113,6:00,0,20.2,18.2,22.9,20.4,11.6,0,11.3,21.84,93.71,0
101758,Ravi,INST-4490,23:30,0,37.8,39.1,71,43.7,6,19,1.4,20.89,92.33,0
101759,Kumar,INST-5475,13:45,465.6,24.4,19.7,61.1,31,11.8,13.5,2.9,17.45,93.71,0.77
101760,Arun,INST-8313,5:00,0,34.4,36,23.9,38.3,5.6,0,3,18.86,93.04,0
101761,Arun,INST-6925,7:15,254.7,25.8,22.7,2.8,86.1,10.1,0,15.7,21.34,96.46,0.37
101762,Ravi,INST-4892,17:00,141,43.9,41.8,58.4,65,7,12.8,21.2,20.89,95,0.12
101763,Ravi,INST-1379,11:15,915.3,26.2,20.4,7.3,55.5,0.1,0,3.4,18.45,95.92,1.74
101764,Ravi,INST-9734,19:30,0,21.2,23.2,28.3,47.8,11.5,0,26.5,20.5,92.56,0
101765,John,INST-6927,8:30,341.3,35,32.8,37.8,49.2,1.7,0,5.6,19.57,92.55,0.58
101766,Priya,INST-9208,16:45,232.6,25.1,23.8,67.5,28,11.1,19.1,11.5,21.66,95.81,0.63
101767,Meena,INST-6954,15:15,451.6,42.2,38.3,41.3,76.1,12.3,1.2,21.9,18.3,96.59,0.8
101768,John,INST-7238,2:30,0,26.9,27.4,43.8,57.1,3.1,5.5,8.9,21.08,92.5,0
101769,Priya,INST-5885,5:00,0,24,25.1,50,65.1,14.9,18.4,6.2,22.54,93.83,0
101770,John,INST-7361,10:45,518.8,38.2,32.2,48.5,89.5,3.2,13.8,23.4,18.39,92.2,0.79
101771,Divya,INST-4732,12:15,465.6,32.1,26.3,62.1,76,2.2,23.9,29.6,20.56,96.63,0.66
101772,Ravi,INST-7280,10:15,665.8,29.4,24.3,25.2,90.2,2.2,0,2.8,20.26,93.19,1.24
101773,John,INST-8861,3:15,0,30.7,30.9,21.6,63.8,14.8,0,12,17.32,97.79,0
101774,Divya,INST-9615,19:30,0,28.6,29.4,86.6,66.1,9.4,1.4,4.8,22.21,92.75,0
101775,John,INST-9950,13:30,244.5,38,35.7,88.9,60.1,1.5,23.5,29,19.6,95.45,0.44
101776,Meena,INST-7658,7:00,54,21.1,20.3,89.4,93.6,5.5,8.8,24.5,21.47,97.27,0
101777,John,INST-7725,6:45,0.3,21.5,20.1,82.2,35.8,12.8,17.8,19.4,22.32,92.37,0.01
101778,Arun,INST-1775,3:15,0,16.6,18.3,71.4,94.3,5.2,19.9,20.9,17.69,93.55,0.19
101779,Kumar,INST-7907,3:15,0,32.8,32.7,26.2,40.1,0.5,0,25.4,18.86,96.21,0
101780,Divya,INST-3676,19:30,0,28,26.9,80,57.8,5.1,10.5,29,22.21,96.76,0.17
101781,Priya,INST-3509,15:30,165.9,33.1,33.2,89.9,44.2,14.4,8.6,13.1,18.63,97.84,0.36
101782,Arun,INST-6286,17:00,150.4,42.3,39.7,56.6,82.4,13,22.5,27.1,17.64,96.92,0.1
101783,Kumar,INST-7648,1:00,0,27.8,27.5,75.7,39.6,3.9,20.6,21.7,20.33,94.23,0
101784,Akash,INST-4565,1:15,0,36.4,36.5,20.7,50,9.9,0,10.1,22.75,92.32,0.03
101785,John,INST-6936,18:45,0,35.8,35.5,12.2,76.2,9.1,0,5.3,17.65,95.38,0.11
101786,Kumar,INST-6384,20:00,0,28.5,30.2,53.5,35.5,14.4,11.8,28,19.72,95.35,0
101787,Divya,INST-4708,22:30,0,33.7,35,98,29.9,2.6,4.3,25.5,18.62,96.82,0.01
101788,Kumar,INST-2004,13:15,821.4,34,25.5,16.6,27.1,8.2,0,19.5,18.86,93.88,1.23
101789,John,INST-3544,21:00,0,25.9,24.7,32.6,76.5,0.1,0,18,19.64,94.46,0.16
101790,Priya,INST-2933,21:45,0,41.2,41.5,72.6,40.5,9.2,14.4,3.1,19.97,93.35,0.02
101791,Priya,INST-4154,14:00,671.5,28.2,21.2,28.8,94.3,10.3,0,18.7,20.05,97.77,1.15
101792,Priya,INST-2156,0:15,0,24.7,25.7,45.5,76.2,8.9,4.4,19,18.05,95.36,0.08
101793,Akash,INST-7937,19:15,0,30.6,31.7,82,60.3,1.4,6.3,25,20.75,95.79,0.1
101794,Ravi,INST-4776,9:15,563.6,24.3,21.6,25.2,51.8,2.7,0,22.3,18.62,93.34,0.99
101795,Kumar,INST-4901,8:15,306.9,43.6,41,42.5,52.7,9.2,18.3,15.2,21.66,94.53,0.5
101796,John,INST-5081,23:15,0,31.4,32.9,50.7,44.7,0.3,6.7,10.2,22,96.04,0
101797,Meena,INST-5456,15:00,572.3,46,39.7,22.4,51.6,4.9,0,9.7,17.58,98.03,0.9
101798,Ravi,INST-5237,14:00,345.7,22,18.1,72.2,79.9,5.1,3.4,15.3,19.73,98.54,0.82
101799,Akash,INST-7181,16:45,342.4,34.6,32.7,38.7,21.2,10.5,0,13.7,22.12,96.5,0.83
101800,Akash,INST-1843,2:30,0,38.1,39.8,69.7,92.3,3.2,13.1,23.9,22.71,98.53,0
101801,Meena,INST-7425,15:30,494.1,21.5,18,37.7,60.7,7.6,0,28.3,21.12,94.69,0.91
101802,John,INST-3960,6:30,18.8,28.5,26.8,62.5,93.8,8.6,8.2,26.5,22.95,93.95,0.14
101803,Ravi,INST-6490,13:45,348.2,43.6,40.8,77.1,43.3,2,17.8,27,22.41,97.57,0.63
101804,Divya,INST-9799,18:15,12.1,22.9,21,81,83.3,5,24.5,20.5,18.44,94.27,0.1
101805,Divya,INST-8009,23:15,0,38.2,39,80.4,94.5,1.1,10.3,22.7,20.1,94.01,0
101806,Akash,INST-1848,21:45,0,29.2,30.3,35.7,74,1.3,0,23.1,22.1,92.99,0.02
101807,Akash,INST-6463,2:15,0,26.7,25.1,20.1,84.5,2.2,0,26,21.25,95.22,0.01
101808,Divya,INST-1799,6:45,0,41.7,40.7,29.5,36.2,4.6,0,8.4,20.77,93.81,0
101809,Akash,INST-5007,7:00,161.5,21.8,21.6,48.3,53,6.3,11.9,25.3,22.41,95.14,0.19
101810,Priya,INST-8315,9:30,246.1,40,39.3,78,51,2,6.1,11.8,20.23,96.88,0.46
101811,Divya,INST-9124,8:45,152,34.7,32.7,87,68.8,14.1,21,21.4,17.83,94.48,0.1
101812,Divya,INST-5157,0:15,0,29.4,29.2,58.1,41.1,4,3.8,28.7,19.88,95.27,0
101813,Divya,INST-6746,6:30,0,28.1,29.3,7.9,78.3,0.9,0,17.7,21.73,96.5,0
101814,John,INST-1548,13:30,686.3,28.3,21.6,35.9,74.2,5.2,0,15.8,22.75,94.33,1.42
101815,Meena,INST-5030,10:15,287.1,23.2,21.1,82.2,93.8,9.5,22.9,20.1,17.08,98.71,0.34
101816,Ravi,INST-2289,2:00,0,37.9,37.6,78.8,76.5,5.4,10.5,2.4,21.14,96.18,0.03
101817,Akash,INST-6150,2:00,0,33.7,34.4,63.8,36.1,14.4,19.7,8.3,19.56,94.18,0
101818,Divya,INST-7964,2:45,0,33.2,34.1,60.9,54.6,8.8,10,19.5,21.69,94.68,0.15
101819,Ravi,INST-7109,22:15,0,26.6,26.2,49.5,48.1,7.9,15.5,8.3,17.98,93.63,0
101820,Arun,INST-4046,15:45,239.6,28.9,25.6,81.7,71,9.3,10.6,27.4,17.4,92.38,0.16
101821,Priya,INST-9715,12:45,975.2,35.9,28.8,2.9,61.4,12.6,0,7.6,21.4,95.5,1.78
101822,Divya,INST-5902,9:15,698.8,28.5,24.3,0.2,89.8,11.2,0,20.2,22.5,93.58,1.32
101823,Kumar,INST-6854,2:45,0,41.7,40.2,53.1,55.9,1.4,2.3,6.1,19.2,95.54,0
101824,Arun,INST-6821,16:30,442.7,46.1,41.3,17.6,60.1,1.2,0,6.3,20.73,95.69,0.86
101825,Arun,INST-2948,15:30,529.7,38.5,32.9,30.9,59.2,10.6,0,20.3,22.84,98.42,1.26
101826,Akash,INST-6411,11:00,686.8,37.5,32.9,33.9,35.4,12.8,0,17.6,18.87,97.34,1.18
101827,Ravi,INST-1909,6:00,14.6,21.2,22.5,73.7,65.5,12.2,7.8,4.7,21.13,98.13,0.06
101828,Kumar,INST-1852,18:00,0.6,23.3,21.7,15.6,42.1,14.9,0,8.9,19.41,93.38,0
101829,Meena,INST-6938,6:00,0,17.2,18.9,85.7,43,0.2,11,2.6,21.27,98.26,0.05
101830,Akash,INST-6907,19:30,0,25.3,25.5,73.1,75.6,10.6,5.9,24,18.95,98.2,0
101831,Arun,INST-2610,4:45,0,39,38.6,95.1,45.6,0.8,7.7,2.5,20.71,97.14,0
101832,Akash,INST-2714,22:45,0,27.6,27.1,98.6,21.3,13.4,22.2,25.5,21.36,96.46,0
101833,John,INST-3195,23:00,0,22.7,21.4,52.4,89.4,2.3,2.1,24.3,19.14,96.47,0
101834,Akash,INST-7249,4:00,0,33.1,33.2,62.3,80,10.6,18.6,0.3,20.41,92.97,0.12
101835,Meena,INST-9065,4:15,0,29.8,28.9,64.1,31.8,0.5,24,19.8,22.48,93.87,0
101836,Divya,INST-3110,8:15,308.9,23.4,21.5,50.1,42.1,2.8,17.9,1.3,21.06,95.58,0.79
101837,Ravi,INST-3415,20:45,0,26.3,27.1,21.3,22.2,11.9,0,25,18.57,94.93,0
101838,John,INST-8816,8:45,138,44.5,41.5,85.9,23.1,8.7,6.4,2.5,20.02,97.1,0.27
101839,Akash,INST-7424,22:30,0,19.8,20.3,36.3,67,5.3,0,24.2,18.32,95.91,0.01
101840,Divya,INST-7240,11:45,477.3,38,32.7,62.8,25.6,5.8,24,12.5,17.77,98.49,0.92
101841,Ravi,INST-2444,3:15,0,17.3,18.2,64.5,82.3,4.2,18.8,27.1,17.48,96.04,0
101842,Ravi,INST-4396,10:00,381.6,41.8,38.6,68.4,79.8,11.5,18.2,16.8,22.7,95.99,0.69
101843,Priya,INST-5253,14:00,233.7,30.8,28.6,86.1,64.1,13.2,23.9,12.3,18.29,92.39,0.4
101844,Kumar,INST-3065,21:45,0,36.4,37.4,59.5,58.3,7.8,20.4,15.9,21.62,97.84,0
101845,Arun,INST-3732,11:15,320.1,43.3,39.7,78.5,87.6,11.4,2.8,6.6,18.47,93.47,0.51
101846,Meena,INST-7997,17:30,139.8,30.4,29.6,61.3,57.1,0.3,23.7,8.4,21.81,93.53,0.46
101847,John,INST-6332,18:45,0,25.4,26.6,30.1,90.3,4.8,0,10.3,21.72,94.31,0.05
101848,Divya,INST-5498,17:45,54.9,35.7,34.5,86.9,41.8,7.9,17.1,29.5,17.94,95.11,0.18
101849,Priya,INST-9077,13:30,714.2,34.9,27.8,30.1,25.4,5.4,0,19.2,18.86,92.78,1.09
101850,Akash,INST-4892,23:00,0,21,19.2,93.1,46.3,7.6,4.6,25.1,19.38,93.34,0
101851,Meena,INST-8788,20:15,0,23.2,24.7,33.8,41.1,8.1,0,22.4,18.83,96.64,0
101852,Akash,INST-7720,17:00,149.4,26,24.1,51.1,23.7,1.2,15.8,15.2,17.2,92.06,0.1
101853,John,INST-1082,2:30,0,27.5,28.5,89.6,79.6,7.9,10,22.4,17.63,94.42,0
101854,Akash,INST-1258,11:15,557.3,25.2,19,52.7,56.3,4,18.7,29.7,20.8,92.96,0.77
101855,Meena,INST-4378,12:30,514.5,35.3,32.4,56.2,59.8,14.7,10.2,22.2,22.55,93.07,0.96
101856,Ravi,INST-3796,2:30,0,36.7,35.3,97.6,68.7,9.8,13.9,25.8,21.04,95.18,0.15
101857,Arun,INST-2463,5:45,0,26,24.2,34.6,47.8,7.2,0,15.4,18.73,94.77,0
101858,Ravi,INST-8872,10:00,449,40.2,34.7,60,65.5,1,12.1,11.1,17.92,96.74,0.65
101859,Priya,INST-6026,19:15,0,33.9,34.1,47.1,40.7,8.1,13,20.2,18.47,97.46,0
101860,Divya,INST-5458,14:45,579.1,32.1,25.7,39.1,56.1,5.4,0,9.1,20.68,96.54,1.19
101861,John,INST-4647,13:45,473.9,43.8,38.6,59.2,33.1,2.1,0.1,17.5,21.61,98.01,0.74
101862,Akash,INST-4948,9:00,518.1,31.9,29.1,31.1,23.8,0.7,0,3.7,19,93.77,0.89
101863,Kumar,INST-5714,19:30,0,21.3,19.7,39.2,39.7,8,0,4,19.11,94.56,0.18
101864,Meena,INST-7574,8:00,407.1,45.1,41.2,20.1,43.2,5.9,0,9.9,20.89,95.27,0.82
101865,Meena,INST-3484,7:15,173.4,25.9,26.4,48.3,78.1,11.2,19.6,25.1,19.92,96.18,0.42
101866,Meena,INST-9217,3:45,0,23.3,21.7,52.2,59.8,13.6,15.7,3.5,18.16,93.17,0
101867,John,INST-8275,0:30,0,20,20.4,21.5,64.5,14.6,0,19,17.58,97.11,0
101868,Divya,INST-5023,9:00,420.8,37.2,31.7,50,58.9,3.3,23.5,11.2,21.6,92.26,0.78
101869,Kumar,INST-7361,3:00,0,27.1,26.4,26.2,69.4,0.6,0,3.1,21.5,98.58,0
101870,John,INST-1547,15:45,322.6,32.6,30.7,63.1,27.3,13.6,3.9,22.5,19.19,97.67,0.43
101871,Akash,INST-8293,12:15,723.2,36.3,28.3,31.8,47.6,10.1,0,10.7,20.16,94.85,1.3
101872,Divya,INST-3098,4:15,0,18.9,20,41.6,80.1,12.3,18.8,18.4,17.45,93.33,0.04
101873,John,INST-3702,15:30,178.8,29.9,27.7,87.8,36.9,7.2,19.3,17,19.65,97.74,0.14
101874,John,INST-9522,0:15,0,40.1,38.5,76.3,20.8,0.8,11.4,21.6,21.83,97.42,0
101875,Meena,INST-3512,12:00,633.7,33.3,26.2,46.2,70.2,3.6,18.2,24.3,22.68,96.95,1.34
101876,Arun,INST-9299,16:45,342.4,21.5,20.1,38.6,29.6,2.9,0,24.1,17.45,96.39,0.37
101877,Arun,INST-7186,2:00,0,37.1,37,66.8,80.5,2.2,8.3,18.6,18.84,98.84,0.1
101878,Divya,INST-5327,20:30,0,25.8,26.9,50.2,48.1,12.3,7,27.7,17.66,92.68,0.11
101879,Meena,INST-2398,6:45,0,41.9,41.2,82.9,30.8,3.1,20.6,19.3,17.6,96.15,0
101880,Akash,INST-9404,9:00,438.2,44.1,38.7,48.3,39.5,10.1,4.1,28.4,18.57,95.66,0.55
101881,Meena,INST-5373,1:00,0,28.8,28.6,28.9,88.4,0.2,0,0,19.89,97.44,0.17
101882,Divya,INST-8911,1:00,0,33.8,33.9,99.3,28.1,8.2,19.4,11.3,21.44,94.61,0
101883,Divya,INST-2076,20:45,0,18.8,20.3,34.8,41.1,7.9,0,15.5,20.37,96.6,0
101884,Akash,INST-4643,1:15,0,33.7,34.1,90.9,42.3,4.9,10,18.4,19.8,92.76,0.05
101885,Akash,INST-1606,10:15,451.1,39.6,36.8,54.8,79.8,0.5,14.1,21.3,19.92,92.11,0.66
101886,Meena,INST-2875,22:45,0,19.2,21,74.6,84.8,8.4,2.5,11.9,20.27,96.06,0
101887,Ravi,INST-8575,8:15,449.1,28.1,23.9,10.6,67.8,6,0,4.2,22.25,98.67,0.93
101888,Ravi,INST-3303,5:00,0,36.7,35.6,53.9,61.3,7.7,9.2,8.3,17.06,98.05,0.17
101889,Kumar,INST-4260,11:15,431.3,27.6,22.6,68,67.9,0.1,9.1,7.2,21.82,97.96,0.88
101890,Meena,INST-5156,12:15,429.6,26,20.9,69.4,75.1,4.6,22.7,23,17.9,95.8,0.53
101891,Meena,INST-7023,16:45,268.1,26.8,23.3,51,84.7,6.8,12.3,14.8,22.14,96.89,0.41
101892,Meena,INST-7730,16:45,175.4,25.3,25.3,81.7,88.3,10.5,0.1,2.8,19.35,95.79,0.21
101893,Meena,INST-4421,7:45,174.4,37.4,36.1,34.7,82.5,6.9,0,26,19.61,92.42,0.23
101894,Kumar,INST-6081,10:45,433.5,25.5,23.6,60.9,77.2,11.4,1.1,6.8,18.59,97.54,0.86
101895,Divya,INST-6461,15:30,173.3,37.4,36.7,89.5,41.1,8,1.1,9.1,22.24,95.07,0.47
101896,Priya,INST-9870,2:30,0,39.9,38.6,51,32.2,0.8,14.9,25.5,22.35,94.52,0.03
101897,John,INST-8820,13:00,871.8,48.5,40.9,9.5,49.4,13.2,0,10.9,21.04,94.46,1.55
101898,Arun,INST-9384,18:45,0,31,31.8,13.7,45.3,14.1,0,20.4,21.55,96.06,0.04
101899,John,INST-7229,16:30,202.3,31,28.4,66.7,74.7,2.7,21.6,19.5,22.18,92.47,0.38
101900,Akash,INST-9976,15:00,390.3,44,39.2,56.2,52.9,5.6,1,19.6,20.42,98.25,0.67
101901,Akash,INST-4650,15:45,409.8,42.5,37.4,53,25.2,11.8,1.4,13.1,18.43,94.5,0.52
101902,Akash,INST-3824,5:00,0,41.8,41.2,52.5,32.6,3,5.8,20.5,21.66,92.36,0
101903,Kumar,INST-5132,8:45,487.6,37.2,35,2,83.6,14.2,0,17,22.85,96.95,1.06
101904,Ravi,INST-7534,19:30,0,22.3,22.6,72.3,86,4.8,3.5,9.2,17.82,94.41,0
101905,Ravi,INST-1540,12:30,825.1,37.4,31.3,22.8,55.9,14.2,0,7.4,17.7,96.05,1.45
101906,Ravi,INST-5193,5:30,0,24,25.5,48,80.2,4.9,24.4,12.3,22.96,98.79,0
101907,Ravi,INST-8858,17:45,157.4,29.6,28.7,49.6,70.9,0.6,18.1,28.5,18.01,93.74,0.06
101908,Divya,INST-1560,2:30,0,42.8,41.1,64.8,91.4,11.6,16.5,16.2,19.83,95.67,0
101909,Divya,INST-4325,22:00,0,21,21.8,40.1,47.2,6.1,14.4,3.4,22.49,96.04,0
101910,Priya,INST-7997,0:15,0,22.6,22.4,35.6,20.5,0.1,0,9.7,21.21,93.25,0
101911,Meena,INST-2299,4:00,0,22.6,21.8,31.8,76.4,1.2,0,26.6,19.17,94.57,0
101912,Akash,INST-5512,16:45,274,35.2,34.7,55.8,86.6,6.1,3.3,14,20.9,92.13,0.33
101913,Arun,INST-7647,21:45,0,20.3,22.1,40.2,85.1,6,12,27.3,19.05,97.14,0.17
101914,Kumar,INST-4304,0:30,0,31.5,29.8,60.6,71.7,3.2,13.4,19.3,19.56,97.57,0.15
101915,Meena,INST-8297,19:15,0,25.9,27.6,38.3,75.6,8,0,15,17.6,96.44,0
101916,Meena,INST-1725,23:00,0,31.8,29.9,65.2,93.2,10,0.7,3.9,17.44,92.91,0
101917,Arun,INST-6780,4:15,0,21.8,21.6,38.1,83.1,12.5,0,17.3,22.11,97.28,0.03
101918,Arun,INST-2689,10:30,284.5,23.6,19.9,82.3,80.2,9.7,2.1,18,22.84,98.33,0.57
101919,Divya,INST-5959,22:00,0,42.8,41.1,99.6,42.4,12.2,20.7,17.5,17.95,92.91,0.04
101920,Kumar,INST-2148,5:30,0,42.7,40.9,72.3,88.6,10.9,5.9,27.7,19.61,97.53,0
101921,John,INST-5867,6:30,15.3,39.3,38.6,17.8,54.7,7.4,0,18.1,22.2,94.53,0
101922,Akash,INST-6036,7:00,101.3,33.6,31.7,75.1,37,13.9,16.2,19.2,17.75,95.3,0.3
101923,Ravi,INST-1500,23:00,0,16.5,18.2,65.4,72.4,7.2,11.9,3.8,22.27,94.84,0.08
101924,Arun,INST-3062,11:30,552.6,29,23.3,53.5,37.3,8.9,2.1,28.7,22.54,96.41,0.85
101925,Priya,INST-6440,4:45,0,39.1,40.7,39.3,54.5,12.3,0,11.9,22.47,93.81,0.18
101926,Meena,INST-7899,18:00,5.4,29.1,30.5,79.1,65.8,3.3,24.5,18.3,22.91,93.91,0.13
101927,Arun,INST-3587,18:15,18.5,33,33.5,75.1,51.3,6.2,17.3,23.6,21.78,92.58,0
101928,Ravi,INST-3765,5:45,0,21.1,21.9,81.5,74.6,3.5,8.1,1.3,18.22,96.24,0
101929,Ravi,INST-1910,13:30,351.9,42.3,38.8,75.8,42.6,6.8,12.2,25.3,21.23,94.23,0.68
101930,Ravi,INST-5655,5:15,0,33.3,32.9,30,74.3,11.2,0,22,19.66,94.55,0.15
101931,Kumar,INST-4218,9:15,340.4,20.6,18.5,61.6,35.9,11.7,14.7,5.5,22.95,94.43,0.72
101932,Kumar,INST-6478,14:15,716.8,37.8,30.3,22.3,38.5,14,0,7,19.04,96.4,1.41
101933,Kumar,INST-1826,5:15,0,19.2,20.4,53.8,42,7.1,6.3,19,20.23,93.34,0.13
101934,Arun,INST-1900,7:15,184.5,19.5,19.7,31.2,38.6,2,0,2.9,17.17,96.96,0.25
101935,Meena,INST-6312,17:45,251.8,43.8,41.2,4.9,72.4,4.1,0,4.6,20.89,96.81,0.42
101936,Meena,INST-7443,9:00,670.2,32,26.9,7.1,26.6,4.8,0,15.3,21.88,98.59,1.44
101937,Priya,INST-2493,7:30,77.4,37.4,35.8,81.3,43.3,14.4,23.3,29.2,20.7,98.12,0
101938,Divya,INST-6145,11:45,293.9,31.1,27.4,85.4,33,7.7,16.2,29.4,19.46,92.12,0.56
101939,Priya,INST-7725,4:00,0,39.6,38.9,73.7,86.9,10.7,5.9,3.9,22.24,92.01,0
101940,Priya,INST-6122,1:30,0,25.8,25.5,32.3,48.9,12.1,0,20,19.52,95.12,0.15
101941,John,INST-4110,21:15,0,29.8,28.1,75.4,57.9,11.2,14.8,3.3,17.47,93.99,0.1
101942,Priya,INST-1820,23:15,0,29.7,29.7,68,57.6,1.5,14.8,1.1,21.8,98.27,0.06
101943,Akash,INST-4982,17:00,180,37.4,35,36.7,26.6,12.3,0,10.6,19.52,96.17,0.52
101944,Ravi,INST-7255,10:45,374.7,24.9,21.8,68.3,59.3,0.2,23.7,21.4,17.94,92.01,0.61
101945,Priya,INST-5757,14:15,453.7,29.4,26.4,56.9,55,3.3,18.1,23.4,22.76,93.55,0.96
101946,Divya,INST-9526,19:30,0,26,24.1,28.3,65.6,3.1,0,13.8,17.48,94.71,0
101947,Ravi,INST-8123,12:45,645.7,37.9,31.5,40.4,87,1.3,7.6,12.9,19.11,96.25,1.06
101948,Akash,INST-4395,9:15,199.5,21.3,19.2,83.4,52.9,8.8,3.7,21.6,17.81,95.7,0.49
101949,Akash,INST-6427,6:15,8.1,28.6,29.6,69.3,70.8,1.5,12.4,16.7,17.65,97.48,0.15
101950,Priya,INST-7081,9:45,330.5,22.3,20.5,60.6,24.3,14.3,23.9,8.7,18.93,96.61,0.78
101951,John,INST-1513,16:00,253.8,32.2,31.2,59.9,83.5,6,11.5,15.6,19.87,94.17,0.28
101952,Kumar,INST-1216,6:30,0,32.2,34.1,22.4,63.5,4.4,0,9.4,20.69,96.33,0
101953,Ravi,INST-9056,22:30,0,42.1,41.8,28.5,68.3,4.7,0,8.1,21.53,93.07,0.05
101954,Kumar,INST-6885,3:45,0,25.9,26.1,32.5,44.5,6.1,0,0.1,17.76,92.26,0
101955,John,INST-1638,11:45,425.3,43.7,38.4,66.9,33.8,1.2,9.2,16.9,17.26,93.84,0.8
101956,Arun,INST-9304,0:30,0,25.8,27.7,25.6,60.7,1.7,0,5.4,20.47,95.41,0.02
101957,John,INST-8961,20:00,0,25.9,27.2,66.7,26.2,2.1,9.8,9.7,20.31,97.68,0.14
101958,John,INST-5963,4:00,0,36.2,37.2,31.6,61.6,3.8,0,16.3,19.36,97.07,0
101959,Divya,INST-4845,14:00,652.7,47.4,40.6,27,85.4,13.7,0,0.9,17.91,96.75,1.16
101960,Priya,INST-5318,3:15,0,27.3,27.8,73.6,21.8,6.8,19.6,2.8,20.01,97.83,0
101961,Priya,INST-3051,23:30,0,27.7,27.1,87.8,64.9,13.3,18.2,12.3,20.31,97.44,0
101962,Ravi,INST-4611,8:00,382.6,21.3,19.7,25.3,90.8,15,0,16.9,17.62,92.07,0.76
101963,Priya,INST-4792,5:30,0,29,28.7,70.9,20.2,4.7,1,10.8,17.01,97.21,0.12
101964,Akash,INST-8425,3:30,0,30.2,30.1,72.8,25.2,3,6.6,24.2,21.58,94.73,0
101965,Arun,INST-3498,14:30,435.3,26.3,24.5,59.5,74.4,0.4,5.4,29.8,19.7,93.81,0.74
101966,Divya,INST-1060,19:15,0,19.5,20.6,39.8,76.1,15,0,8.7,18.11,96.41,0.19
101967,Priya,INST-1070,12:00,829,43.7,37.4,20.2,90.5,10.5,0,16.7,19.09,98.48,1.39
101968,Priya,INST-1593,2:00,0,33,32.5,99.7,42.1,11.8,4.1,6.8,17.22,98.52,0
101969,John,INST-8222,9:45,453.1,36.3,31.5,41.7,67.7,12.2,14.8,15.3,20.1,95.27,0.96
101970,Kumar,INST-7640,3:00,0,39.9,40.1,99.1,55.1,11.3,11.1,28.5,21.59,93.55,0
101971,John,INST-4232,6:00,0,38.7,40.4,40,28,10.6,0,12.7,17.31,92.26,0.05
101972,Arun,INST-2520,8:30,407.6,40.2,37.4,26.4,64.4,6.7,0,6.8,18.4,96.63,0.62
101973,Akash,INST-6610,11:15,819.6,37.1,29.5,20.6,81.4,10.9,0,10.8,22.44,98.14,1.81
101974,John,INST-3950,12:45,253.6,27.8,27.3,88.2,75.5,7.2,20.8,7.1,22.97,93.52,0.55
101975,John,INST-8005,22:15,0,30.8,29.9,41.8,89.7,2.9,18.7,16.8,19.09,95.68,0.14
101976,Kumar,INST-3513,15:45,420.2,26.1,24.3,49.8,89.4,3.6,14.4,23.7,22.37,95.37,0.83
101977,Divya,INST-1546,13:00,703.7,27.8,20.4,32.9,81.9,6.9,0,3.8,22.29,92.85,1.28
101978,Ravi,INST-7442,22:15,0,26,26.9,94.8,42.7,3.1,14.8,20.8,19.69,92.71,0
101979,Meena,INST-6908,15:00,247.2,36.3,35.2,76.2,29.9,10.4,24.6,21.7,22.91,94.78,0.58
101980,Arun,INST-6932,10:15,487.6,21.5,19.3,54.4,89.3,5.8,1.3,1.4,17.48,98.71,0.96
101981,Ravi,INST-2362,10:45,800.9,37.5,32.1,6.6,39.3,3.8,0,23.1,20.74,95.6,1.26
101982,Priya,INST-4784,0:00,0,29.9,31.3,73.8,77.3,8,7.6,29.1,21.99,96.37,0.11
101983,Akash,INST-8832,4:15,0,21.5,23.2,73.9,69.9,7.9,12.3,26.7,22.87,98.64,0
101984,Akash,INST-6944,10:45,806,49.5,41.7,6.3,59.8,2,0,4.2,19.46,97.25,1.47
101985,Akash,INST-5709,3:45,0,33.8,33.3,50.8,73.8,12.4,3.9,12.4,21.59,96.83,0
101986,Kumar,INST-7939,16:15,386.2,35.1,32.2,28.5,54.7,4.1,0,25.1,17.88,97.47,0.66
101987,Kumar,INST-3943,10:15,355.3,42.8,39.3,71,50.2,6.8,2.5,11.4,20.62,95.23,0.56
101988,Meena,INST-3710,5:30,0,33.8,32.8,34.8,39.4,10.3,0,8.4,22.77,97.61,0.1
101989,Akash,INST-9882,13:00,349.5,23.8,19.8,78.5,36.7,0.7,6.4,18.1,20.12,94.24,0.6
101990,Priya,INST-6471,10:30,486.7,39.8,34.7,53.4,88.2,10.5,4.2,14.4,19.87,96.27,0.73
101991,Meena,INST-2605,22:15,0,37.3,35.5,21.3,91.5,7,0,3.5,18.07,97.07,0
101992,Ravi,INST-4544,4:15,0,25.3,25.1,45.9,20.5,9.3,8.6,18.6,20.41,95.43,0.11
101993,Divya,INST-4204,19:30,0,37.7,38.5,98.1,46,8.5,16.1,4.4,21.32,93.89,0
101994,Priya,INST-8855,21:15,0,40.9,41.1,99,36.4,7.9,3.7,10.7,22.75,95.24,0
101995,Priya,INST-3626,11:30,423.3,27.7,23,65.7,60.7,5.4,23.9,1,22.69,96.9,0.96
101996,Arun,INST-5140,20:15,0,25,23.4,60.9,84.8,12,1,14.2,21.3,95.67,0
101997,Divya,INST-4760,22:45,0,35.5,36.3,98.5,46.2,2.8,11.8,0.2,20.7,97.91,0.02
101998,Arun,INST-9925,15:30,249.9,35.1,34.4,74.7,66,6.4,22.2,18.9,18.96,93.1,0.49
101999,Meena,INST-6791,10:00,402.3,45.9,41,61.6,22.4,1.7,7.6,16.1,18.54,92.9,0.61
102000,Arun,INST-4407,22:00,0,30,28,21,30.1,3.6,0,1.1,21.47,95.7,0
102001,Kumar,INST-5451,21:15,0,32.1,33.4,90.2,54.3,12.1,14.4,29.4,21.61,92.99,0.18
102002,Ravi,INST-2832,13:45,802.6,46,39.6,19.9,48.9,8.4,0,21.8,18.83,93.74,1.4
102003,John,INST-7124,8:30,456.7,23.8,20.4,5.8,63.5,0.1,0,20.6,18.72,97.52,0.68
102004,Ravi,INST-2635,10:00,539.9,36.1,31.9,44.1,72,7.7,14.7,8.9,17.71,92.04,0.97
102005,Akash,INST-7810,3:15,0,38.9,38.1,29.8,47.9,10.5,0,20.9,17.8,97.55,0.02
102006,Ravi,INST-6314,16:15,136.9,33.3,33.3,88.6,89.1,11.1,23.9,25.5,18.84,98.97,0.09
102007,Meena,INST-4251,19:30,0,19,20.6,23.7,44.7,2.4,0,9.7,20.04,95.05,0
102008,Divya,INST-9901,17:15,169.7,42.1,41.6,36.2,64.1,14.5,0,0.6,22.45,94.51,0.52
102009,Ravi,INST-8715,3:45,0,40.7,39.3,25.4,82,2,0,18.3,22.36,94.58,0.08
102010,John,INST-6971,19:15,0,35.1,35.7,23.6,50.5,4.8,0,14.9,20.64,97.97,0
102011,Kumar,INST-8359,18:15,0,25.6,26,1.6,30.7,13.1,0,9.8,22.21,92.73,0.2
102012,Ravi,INST-6843,16:45,139.7,38.8,36.2,82,69.4,14.5,4.5,23.3,18.21,96.97,0.26
102013,Akash,INST-1995,0:15,0,29.4,28.4,41.8,29.7,7.6,14.4,15.5,20.7,93.59,0.07
102014,Divya,INST-5600,12:00,454.6,39.6,35.5,66.6,76.6,7.2,22.1,25.4,17.76,92.74,0.82
102015,Meena,INST-7454,1:15,0,35.2,34.2,36.9,86.1,10.1,0,26.5,17.87,94.56,0.06
102016,Akash,INST-9397,20:00,0,37.5,36.4,63.7,92.7,7,17.4,1.5,22.46,95.98,0.06
102017,Divya,INST-4886,15:30,399.9,43.5,38.4,55.4,69,4.5,6.9,13.9,22.4,96.62,0.95
102018,John,INST-5540,3:00,0,33.3,32,56.2,75.8,2,16,27.8,18.71,93.63,0.11
102019,Meena,INST-2787,22:45,0,36.2,37.2,22.5,45.6,9.8,0,15.5,22.53,95.61,0.18
102020,Ravi,INST-8570,19:45,0,38.3,38.5,49.1,76.7,13.8,12.4,12.5,22.92,95.87,0
102021,John,INST-4573,9:00,466.1,28.9,23.1,44,68.9,1.5,17.2,14,22.74,92.66,1.08
102022,Kumar,INST-6182,21:00,0,18.1,18.1,71.4,36.3,8.8,3.7,5.9,21.27,94.25,0
102023,Kumar,INST-7697,18:30,2.2,32.6,34.4,11.7,34,1.3,0,30,17.83,97.75,0.12
102024,Meena,INST-4204,5:45,0,35.5,34.7,39,80.7,4.3,0,13.5,18.57,96.83,0
102025,Arun,INST-5025,8:45,308.9,38.9,37,43.9,22.5,3.6,8.9,11,21.17,98.91,0.43
102026,Arun,INST-1602,1:45,0,22.8,24,29.1,93.1,4,0,28,19.16,93.92,0
102027,Akash,INST-2821,5:00,0,24.6,24,64.1,27,9.5,11.9,22,21.71,97.9,0
102028,Divya,INST-7639,3:15,0,23.5,21.6,33.5,68.7,9.8,0,19,19.19,94.07,0
102029,Meena,INST-5068,21:00,0,26.2,26.9,94.9,90.5,8.7,1.3,29.1,18.27,94.33,0
102030,Divya,INST-8983,17:30,68.3,34,33.5,83.1,84.3,2.9,18.1,1.9,21.07,94.88,0
102031,Arun,INST-5000,12:45,478.7,43.8,38,64.9,51.8,13.9,0.4,28.4,18.1,92.43,0.66
102032,Meena,INST-1382,12:00,660.8,35.6,28.4,41.2,54.7,13.8,1.7,10.2,17.65,92.27,0.9
102033,Kumar,INST-5142,9:00,468.7,45,39.5,41.1,48.7,10.9,13.8,5.8,18.43,96.8,0.7
102034,Priya,INST-3581,18:45,4.4,22.1,20.7,70.5,36.8,7.2,4,27.6,17.25,92.39,0.03
102035,Arun,INST-9370,7:45,163.7,28.5,28.9,40,41.5,8.4,12.3,16.2,22.33,97.53,0.48
102036,Arun,INST-2018,12:15,894.7,38.7,30.4,13.6,75.7,14.4,0,29.4,18,98.83,1.38
102037,John,INST-5238,13:45,704.2,28.7,21.3,32.9,56.8,0.2,0,17,21.91,97.75,1.44
102038,John,INST-8208,4:30,0,40.7,42,93.3,54.6,6.8,11.6,7.5,19.97,98.34,0
102039,Divya,INST-1059,22:30,0,29.3,29.5,53.3,85.1,14.9,2.2,27.1,20.08,96.25,0.18
102040,Arun,INST-9941,9:15,478,36.4,32.4,35.9,94.2,13.4,0,20.6,17.43,96.51,0.67
102041,Priya,INST-8168,0:00,0,37.1,38.8,47.3,58.7,6.4,8.4,21.9,19.39,95.61,0.12
102042,Priya,INST-7576,12:30,269.2,33.6,31.9,90,24.8,7,13.1,26.9,22.28,97.33,0.7
102043,Arun,INST-6914,7:30,119.1,40.3,38.1,60.5,26.4,9.1,24.4,16.7,18.57,92.14,0.16
102044,Priya,INST-8721,0:45,0,39,39.6,58.9,23,7,2.6,28.5,19.83,94,0
102045,Kumar,INST-7957,17:30,120.6,28.5,28.9,65.9,88.4,6.2,16.7,9.8,17.4,92.24,0.32
102046,Ravi,INST-1839,21:45,0,20.8,20.5,24.1,47.2,10.9,0,0.4,17.29,94.44,0
102047,Divya,INST-3678,21:15,0,31,32.8,76.3,20.9,10.1,15.5,26.6,19.19,96.37,0.04
102048,John,INST-8548,21:30,0,38.5,38.8,71.2,64.6,11.2,11.3,9.3,21.99,93.17,0
102049,John,INST-3715,1:30,0,24.2,24.8,26.7,73.9,6.6,0,1.2,21.76,96.76,0
102050,Kumar,INST-4905,14:15,313.6,39.3,37.1,78.2,63,11.8,15.2,11.4,17.69,96.73,0.46
102051,Ravi,INST-9686,10:30,527.1,40.7,37.1,44.7,69.3,12,13,18.5,19.35,95.56,0.79
102052,Ravi,INST-9446,1:15,0,37.1,37.1,96.5,32.8,11,16.8,13.3,18.59,92.19,0.05
102053,Akash,INST-4425,5:30,0,22.4,23.8,49.9,53.1,8.9,2.4,3.5,21.15,92.4,0.08
102054,Meena,INST-2160,17:30,176.1,32,30.3,36.9,94.7,4.8,0,6.7,18,93.7,0.42
102055,Akash,INST-2929,16:15,486.7,38.2,35.4,4.7,40.6,14.1,0,16,22.27,92.28,0.78
102056,Akash,INST-5336,4:30,0,41.4,40.8,69.3,30.1,5,8.3,16.4,17.98,96.02,0.15
102057,Divya,INST-9979,3:15,0,39.7,38.5,97.5,55.3,10.2,15.2,16.2,19.68,94.71,0
102058,Kumar,INST-8465,3:45,0,40.8,40.1,77.7,94,13.2,2,12.9,19.75,95.49,0.01
102059,John,INST-6638,4:15,0,40.1,38.7,53.9,66.5,7.6,16.2,13.6,22.96,95.67,0.18
102060,Meena,INST-5803,8:30,323.1,40.8,36.2,46.1,37.7,0.1,23,27.8,17.82,98.55,0.68
102061,Kumar,INST-7814,0:30,0,29.2,28.4,97,45,14.9,24.7,17.4,18.51,98.27,0.01
102062,Ravi,INST-2816,4:30,0,31.8,30.7,87.3,55.9,3.6,18,20.1,19.44,98.45,0
102063,Meena,INST-7710,17:45,217.7,43.4,40.1,12.2,24.7,14.1,0,14,20.94,94.35,0.3
102064,Ravi,INST-6178,7:00,170.5,23.1,21.1,34.1,42.5,3.7,0,6.4,19.64,96.73,0.44
102065,Divya,INST-2104,17:45,121.9,27.7,25.2,57.2,46.4,2.8,1.6,24.2,17.78,92.54,0.19
102066,Ravi,INST-9053,17:15,150.1,35.6,36.2,50.2,49.6,1.2,17.4,9,20.74,95.57,0.29
102067,Akash,INST-4795,11:45,743,27.8,19.9,29.3,32.4,12.8,0,20.4,18.06,92.98,1.3
102068,Akash,INST-8090,18:00,0,39.9,40.9,82,64.2,10.7,13.1,9.3,20.22,98.23,0.2
102069,John,INST-8356,1:30,0,24.5,23.8,32.3,83,2.5,0,18.5,20.33,98.33,0
102070,Arun,INST-4434,23:15,0,22.7,23,93.4,48.6,6.5,7.3,23.6,22.58,97.24,0.02
102071,Arun,INST-8003,17:30,208.4,30.4,29.1,16.8,22.2,3.6,0,0.2,22.96,95.38,0.48
102072,John,INST-8170,2:00,0,32.9,34,52.5,36.6,9.6,8.7,26.1,21.54,98.69,0.08
102073,Divya,INST-4976,10:45,771.5,28.7,21.1,15.6,82.9,7.5,0,21.4,17.22,93.78,1
102074,Meena,INST-8697,6:00,11,23.9,23.3,84.7,81.9,2.6,8.6,27.7,19.69,98.38,0
102075,Arun,INST-5170,1:15,0,27.7,26.1,46.5,59.1,10.9,17.5,6.7,20.47,95.15,0.17
102076,Divya,INST-1633,9:00,651,38.2,31.4,9.4,25.2,11.8,0,12.6,21.71,94,1.39
102077,Divya,INST-4814,16:45,203.9,28.4,26.2,75.7,42.3,14.5,12.9,27.8,18.59,96.7,0.32
102078,Kumar,INST-4395,5:15,0,20.5,19.7,69.9,41.3,9,8.8,14,21.14,92.2,0.06
102079,Akash,INST-3648,7:30,79.7,34.3,32.2,84.6,91.9,6.3,0.8,12.4,20.82,96.16,0.03
102080,Priya,INST-3109,22:00,0,41.2,40.9,38,22.2,1.8,0,21.6,20.03,92.64,0.1
102081,Arun,INST-9917,7:15,191.7,22.4,19.3,32,61.1,15,0,1.1,21.04,98.63,0.34
102082,Kumar,INST-4386,14:30,309.8,28.4,27.7,75.4,67.7,6.7,4.1,23,17.43,94.23,0.4
102083,Akash,INST-7030,14:30,636.2,37.4,31.6,31.8,47.8,5.5,0,26.7,18.95,96.54,1.08
102084,Akash,INST-3195,18:00,0,28.3,26.7,39.9,83,13.5,0,16.8,20.75,98.59,0.08
102085,Arun,INST-7012,4:00,0,40.6,39.5,95.4,68.4,7.5,19.4,2.2,20.9,92.67,0
102086,Arun,INST-2516,9:30,454.9,27.7,25.7,44.2,35.3,11.8,16.6,14.2,19.31,96.36,0.69
102087,Kumar,INST-1421,16:15,369.7,40.3,37.7,27,84.4,2.6,0,28.1,21.71,97.16,0.58
102088,John,INST-1157,23:15,0,41.7,42,66.6,41.7,12.5,19.6,17.3,17.54,97.58,0
102089,Ravi,INST-6926,22:15,0,32.1,31.7,48.3,24.6,0.4,23.1,14.4,22.48,92.62,0.12
102090,Kumar,INST-3520,10:30,585.4,42.8,39.6,36.6,92.5,1.7,0,24,21.45,97.11,0.97
102091,Meena,INST-8749,2:15,0,36.9,36.4,37.1,71.9,13.4,0,12.8,19.5,93.3,0
102092,Arun,INST-2900,3:15,0,20.3,22,22.1,72.2,3.1,0,2.5,18.34,92.65,0.04
102093,John,INST-1563,5:00,0,34.3,33.5,64.5,63.4,10.2,7.6,10.8,18.13,97.77,0
102094,Ravi,INST-9407,4:00,0,22.2,22.6,73.7,62.1,12.2,5.2,13.3,17.91,97.32,0.15
102095,Akash,INST-9012,1:30,0,35.9,35.1,97.9,25.2,7.3,0.3,19.7,21.14,98.31,0
102096,Priya,INST-9293,15:30,700.7,23.5,18.7,3.2,35.4,2.4,0,22.9,22.92,93.91,1.45
102097,Meena,INST-8042,0:45,0,39.4,39.5,26.1,49.3,0.9,0,21.5,19.72,97.26,0
102098,Divya,INST-3490,7:00,108.8,23.5,23,74.3,82.6,9.9,24,15.1,17.46,96.57,0.31
102099,Ravi,INST-6168,22:45,0,43.1,41.3,98.1,77,8.6,9.5,23.1,17.36,94.79,0
102100,Ravi,INST-6658,19:30,0,33.7,32.3,52.2,49.8,10.3,6.1,21.5,22.92,93.73,0.08
102101,Ravi,INST-1479,15:00,306.2,41.3,37.7,66.8,63.5,13,1.6,19.7,20.36,93.39,0.4
102102,John,INST-4530,0:45,0,30.8,30.8,47,41.4,10.4,17.3,16.6,20.74,96.56,0
102103,Meena,INST-1085,18:45,1,41,39.3,16.8,82.9,2.1,0,11.2,22.67,97.2,0
102104,Priya,INST-4466,19:00,0,42,40.9,91.5,92.3,13.8,13,5,21.51,95,0.02
102105,Kumar,INST-9975,22:45,0,40.4,39.1,35.6,34.4,14.3,0,16,17.2,96.86,0
102106,Divya,INST-6965,16:30,361,27.3,24.6,37.2,56,10.7,0,2.9,18.39,97.37,0.49
102107,Akash,INST-4735,3:45,0,39.7,39.4,46.6,56.1,0.6,6.5,15.4,17.03,92.72,0.1
102108,John,INST-5146,2:30,0,31.9,31.1,55.2,73.4,10.5,22.3,2.2,20.23,92.83,0
102109,Ravi,INST-4248,12:00,937.3,36.4,27.6,8,78.7,5.1,0,21.3,18.62,98.8,1.7
102110,Arun,INST-7524,16:15,367.7,45,40.2,34.2,92.8,14.9,0,15,17.54,93.87,0.37
102111,John,INST-5467,20:30,0,26.4,26.1,42.5,70.6,11.8,0.7,6.9,17.04,92.6,0.04
102112,Akash,INST-3255,4:45,0,42.8,41,82,48.2,8.8,22.7,20.6,21.14,96.56,0.09
102113,Divya,INST-4402,12:15,605,45.8,39,48.2,44.4,10.2,11.3,29.4,20.51,93.81,1.1
102114,Priya,INST-7658,21:30,0,19.5,20.7,22.7,80.3,11.9,0,25.7,21.52,98.63,0
102115,John,INST-5456,6:45,0,33.3,34.6,73.2,56.5,8.6,17.8,17.3,22.26,92.87,0.12
102116,Meena,INST-5179,9:45,473.4,23.6,21.3,38.5,75.6,10.5,0,25.3,21.19,94.48,0.8
102117,Divya,INST-6616,5:00,0,22.6,20.7,97.4,75.7,14.9,23.3,25.9,20.89,95.13,0
102118,Divya,INST-5662,22:30,0,24.3,23.6,66.8,81.2,10.7,13.8,24.7,19.54,98.37,0.01
102119,Divya,INST-2492,21:00,0,28.5,28.7,24.2,92.4,1.6,0,20.5,20.74,96.45,0
102120,Akash,INST-2227,23:15,0,26.5,24.5,23.3,91,8.5,0,16.8,17.54,98.45,0
102121,Kumar,INST-6134,22:30,0,38.4,36.9,81.9,86.9,3,5.3,5.1,20.21,95.3,0
102122,Akash,INST-9059,18:00,0,22.9,21.3,59.4,48.4,9.6,23.8,14.2,21.97,94.39,0.02
102123,Priya,INST-9596,14:00,428.4,34.1,32.3,60.8,74.1,0,18.2,3.6,22.93,92.83,0.82
102124,Akash,INST-5223,8:45,216.1,22.6,20.5,64.1,57.9,0.9,14.4,10.9,18.82,97.12,0.29
102125,Divya,INST-4487,23:30,0,22.4,22.4,97.6,74.1,7.2,7.3,20.2,22.83,95.47,0
102126,Divya,INST-2982,20:15,0,23.9,22.1,47.3,31.8,11.3,18.2,16.6,17.18,98.78,0.1
102127,Akash,INST-8914,18:00,6.6,26,27.9,55.3,60.6,5.4,18,6.1,22.96,97.8,0.07
102128,Meena,INST-8526,2:45,0,36.9,36.2,44.6,30,1.6,17.9,24.9,18.13,98.95,0
102129,Ravi,INST-8323,1:15,0,36.8,36.6,59,58.4,11,23,21.2,19.61,97.65,0.03
102130,Arun,INST-1599,15:00,420.1,32.9,30.4,51.4,40.3,2.3,17.4,13.1,21.34,95.79,0.95
102131,Arun,INST-7714,11:00,360.3,36.2,34.2,76.7,45.5,4.7,3.3,14.1,19.16,93.93,0.71
102132,Arun,INST-9227,3:45,0,24.4,24.5,99.8,46.3,12.9,20.2,5.8,19,92.93,0
102133,Arun,INST-8167,5:45,0,39.7,41.4,68.9,29.4,11.1,16.6,27.1,19.07,98.67,0
102134,Divya,INST-4648,7:00,148.7,22,18.8,55.1,76.5,12.3,19.4,1.2,19.29,94.35,0.24
102135,Meena,INST-3402,20:15,0,27.5,27.6,41.7,29.2,5.1,13.9,14.5,20.8,96.15,0
102136,Meena,INST-4439,12:45,538,25.5,21.3,54,36.3,3.9,3.7,28.3,21.18,93.12,1.09
102137,Kumar,INST-8624,4:15,0,21.6,22.2,59.8,63.5,1.5,5.8,6.9,19.83,97.37,0.08
102138,Ravi,INST-1113,17:30,219.4,40.4,40.5,12.8,75.7,0.2,0,5.9,18.4,97.33,0.45
102139,Kumar,INST-9738,8:30,361.2,22.4,20,35.9,56.5,8.2,0,27.7,18.62,93.53,0.38
102140,Meena,INST-2862,15:45,399.5,23.6,18.4,51.4,67.1,4.4,21.1,10.7,18.81,97.82,0.55
102141,Meena,INST-9019,21:15,0,33.8,34,57.1,22.3,3.1,3.6,24.7,18.19,98.79,0.19
102142,Akash,INST-9558,16:30,259.2,43.3,41.1,55.5,61.7,9.5,14.3,6.6,19.74,98.37,0.47
102143,Kumar,INST-4460,2:30,0,22.3,22,21.8,48.1,8.7,0,20.2,22.78,97.59,0.11
102144,Ravi,INST-3093,10:00,606.1,45.5,39.9,35.7,50.4,10.1,0,1.1,20.88,93.56,1.09
102145,Akash,INST-8717,2:30,0,32,31.8,86.3,38.5,8.4,9,18.5,22.34,92.01,0.01
102146,Arun,INST-6085,4:45,0,21,21.7,50.5,62.4,6,22.7,13.3,18.24,96.74,0
102147,John,INST-6518,19:30,0,30.7,31.4,20.6,79.1,4.3,0,10.9,21.67,96.57,0
102148,Divya,INST-1953,16:45,400.7,37.4,35.7,19.5,69.7,11,0,28.3,22.64,94.66,0.69
102149,Arun,INST-6749,23:45,0,29.9,29.1,72.5,82,2.6,18.2,8.6,20.03,93.88,0
102150,Priya,INST-7980,21:45,0,18.8,20.3,20.4,65.2,4.5,0,15.6,19.38,98.79,0
102151,Divya,INST-4405,23:15,0,26.3,25.3,53.1,78,8.4,14.3,20.7,20.99,95.6,0.05
102152,John,INST-2496,15:45,297,33.4,32.8,71.5,34.8,1.5,10.4,27.5,21.63,96.6,0.48
102153,Priya,INST-1237,9:30,321.3,37.5,35.2,67.6,92.1,12.5,6.4,14.8,18.28,98.72,0.43
102154,Divya,INST-9996,1:30,0,38.8,40.6,30.5,44.9,6.6,0,27.6,17.53,93.34,0.02
102155,John,INST-8362,14:00,497.5,34,31,53.4,53.4,3.7,6.6,1.3,21.92,95.56,1.08
102156,Ravi,INST-7472,5:30,0,23.8,23.8,24.6,62.8,8.9,0,20.2,18.68,97.62,0.18
102157,Arun,INST-5345,7:30,97.8,24.5,24,69.7,44.7,15,4.7,3.1,19.13,92.23,0.06
102158,Divya,INST-2040,0:00,0,38.5,38.8,36.8,41.8,6.4,0,27.1,20.52,92.41,0
102159,John,INST-8230,8:45,355.2,24.9,20.9,38.7,26.1,1.2,0,5.3,21.87,92.31,0.8
102160,Akash,INST-6128,11:45,459.9,39.2,34.8,63.9,87.7,0.7,19.7,9.1,18.88,96.22,0.68
102161,Meena,INST-3146,17:45,126.6,20.3,18,64.3,58.7,4.7,0,25.9,18,94.37,0.33
102162,Kumar,INST-9497,0:00,0,37.5,39.2,99.3,84.2,12.2,21.4,2.8,20.25,98.38,0.02
102163,Akash,INST-2484,19:30,0,35,36.5,68.6,88.5,9.4,18.1,1.1,19.14,92.85,0
102164,Kumar,INST-7746,17:45,240.3,34.2,33.8,7.3,20.6,0.2,0,9.3,22.69,96.18,0.38
102165,Arun,INST-6990,0:45,0,35.2,34.8,93.5,26.3,14.4,5.5,24.4,17.45,93.36,0.03
102166,Arun,INST-3208,1:30,0,21.2,19.3,23.3,36,13.1,0,2.2,22.57,95.47,0.01
102167,Meena,INST-7313,4:45,0,17.8,18.2,40.4,25.1,13.8,23.7,5.4,19.49,98.83,0
102168,Ravi,INST-4760,1:45,0,39.7,37.9,67.4,52.2,7.4,2.3,3.3,20.33,92.34,0.06
102169,Priya,INST-2989,21:15,0,36.2,35.1,89.1,85.6,9.2,15.2,6.6,17.36,94.27,0.03
102170,Divya,INST-3222,1:45,0,24.5,23.3,83,81.2,5.1,10.8,19.7,20.03,96.24,0.14
102171,Priya,INST-1330,18:45,2.8,27.9,27.7,57,92.5,5.4,8.6,2.7,17.85,92.34,0
102172,Akash,INST-1096,16:00,339.1,24.1,20.5,36.4,61.8,0.2,0,7.7,21.78,94.85,0.49
102173,Priya,INST-9184,3:30,0,37.9,36.6,23.1,40.5,8.5,0,7.9,20.4,94.47,0.13
102174,Ravi,INST-6446,16:00,330,42.5,40.7,37.3,49.9,8.9,0,6.6,20.71,95.82,0.77
102175,Ravi,INST-8980,8:15,262.8,28.2,25.3,54.8,69.3,4.4,9,27.9,22.98,95.1,0.47
102176,Meena,INST-4121,21:30,0,36.5,36.1,56.3,85.9,12.1,4.9,2.9,22.63,98.77,0
102177,Akash,INST-3022,15:30,345.6,33.7,30.5,60.5,21.1,14.5,24,11.6,20.65,95.12,0.59
102178,Priya,INST-7393,12:15,425.1,33.1,28.4,69.2,43.1,7.8,6.8,28.2,22.26,96.16,0.83
102179,Akash,INST-8915,20:00,0,25.5,26.9,30,57.3,7.4,0,20.5,17.27,92.44,0
102180,Divya,INST-3164,6:00,0,20.3,21.6,64.5,35.2,2.3,20.7,11.7,17.2,95.65,0.1
102181,John,INST-7397,2:45,0,28.1,26.7,34.4,45.5,2.3,0,18.8,22.45,98.28,0
102182,Priya,INST-4087,23:00,0,26.6,26.9,61.2,44.7,14.4,15.6,8.6,17.9,93.05,0.09
102183,Priya,INST-1108,19:00,0,40.4,40.1,90.7,88.7,13.3,5.7,3.3,21.89,98.36,0.06
102184,Priya,INST-5604,0:45,0,26,24.4,61,84.4,10.2,15.9,26.3,19.89,97.33,0
102185,John,INST-1739,4:00,0,28.4,28.3,94.2,37.1,3.3,15.6,17,21.09,97.22,0
102186,Priya,INST-1253,1:45,0,27.4,25.5,32,45.8,6.9,0,23.2,21.53,95.05,0
102187,Meena,INST-6924,16:45,321.9,42.7,40.7,40.6,29.6,3.2,17.6,15.1,22.7,93.01,0.73
102188,Divya,INST-3442,10:30,661.6,37.7,33.3,26.6,28.8,13.5,0,29.1,21.08,97.3,1.18
102189,Meena,INST-1754,7:30,182.7,35.9,35.7,30.3,92.2,2.4,0,29.6,19.65,95.31,0.24
102190,Akash,INST-1725,17:15,172.7,27.4,25.2,48.6,82.1,6.7,18.1,3.9,20.75,94.19,0.16
102191,Kumar,INST-7390,17:30,125.6,38.5,36.7,54.4,49.7,1.4,16.4,14.4,18.77,98.29,0.05
102192,John,INST-4602,0:00,0,26.4,27.3,21.2,41.5,2.1,0,23.7,20.59,98.52,0
102193,Divya,INST-6109,8:15,423.7,36.1,32.7,19.2,80.8,10.3,0,10.9,18.36,93.7,0.6
102194,Divya,INST-3697,19:45,0,27.6,29.2,87.4,76.3,11.2,19.8,9.1,18.77,96.2,0
102195,Meena,INST-7772,20:00,0,28.9,30.6,78.7,89.9,7.7,1.3,21.3,22.58,98.18,0
102196,Arun,INST-9177,19:30,0,30.2,28.5,37.4,58.6,7.4,0,8.7,22.2,98.67,0
102197,Priya,INST-3624,5:15,0,31.5,32.4,38.3,23.1,13.2,0,0.4,19.7,96.8,0.19
102198,Kumar,INST-7493,17:45,197.6,39.3,38.6,27.9,54.4,3.3,0,11.5,22.16,98.87,0.35
102199,Ravi,INST-1061,21:45,0,33.9,35.2,50.2,94.4,12.8,3,29,21.72,96.52,0
102200,Kumar,INST-9248,13:15,629.2,40.1,36.3,43.3,39.6,11.9,15,5.9,17.07,94.1,1.09
102201,Akash,INST-3721,21:00,0,29.5,27.6,92,22.4,4.1,8.8,6.9,18.09,93.77,0.17
102202,Kumar,INST-6571,16:30,303.1,24.6,20.2,52,69.3,14.7,20,10.5,17.92,93.83,0.33
102203,Akash,INST-4850,14:00,566.6,30.9,25.4,42.6,90.3,11.8,6.3,28.5,17.57,96.83,0.92
102204,Meena,INST-6921,23:30,0,22.5,24.2,65.8,38.5,8.6,4.9,3.1,21.58,94.87,0.16
102205,Akash,INST-6512,18:45,0,28.2,28.3,16,56.6,8.5,0,10.8,20.35,92.5,0.13
102206,John,INST-2463,15:30,160.5,28.7,26.3,89.9,94.7,0.4,13.7,16.3,18.79,95.03,0.26
102207,Arun,INST-4145,6:00,0,27.2,27.7,61.2,22.1,1.4,2,18.3,19.01,95.68,0
102208,John,INST-4005,23:15,0,24.5,24,53,76.9,3.9,14.6,0.4,17.02,97.08,0.18
102209,Priya,INST-7299,8:45,216.7,41.9,38.1,63.4,69.4,8.6,2.2,29.4,19.89,95.71,0.52
102210,Akash,INST-8441,19:45,0,23.4,23.5,56.9,93.3,8.8,9.9,1.4,18.09,93.36,0
102211,John,INST-4665,21:15,0,29.8,30.2,24.6,62.4,14.7,0,26.9,22.47,96.34,0
102212,Meena,INST-6929,21:45,0,23.3,21.8,69.4,55,1.8,17,9.2,20.71,97.83,0
102213,Divya,INST-4368,20:15,0,36.4,38.4,78.4,92.5,6.4,8.5,15.3,21.13,98.07,0.07
102214,Akash,INST-2029,1:30,0,31.1,29.4,73.9,57.6,14.8,12,24.9,22.52,96.14,0.13
102215,Kumar,INST-7729,8:30,150.7,27,27.2,79.5,49.7,7.4,10.6,24.1,22.25,96.16,0.41
102216,John,INST-6485,16:45,249.6,36.2,32.9,59,67.5,14.6,18.6,10.5,22.05,97.66,0.4
102217,Divya,INST-5140,10:00,385.6,21.2,18.6,64.5,53.2,2.5,16.2,16.8,18.64,97.82,0.65
102218,Akash,INST-6158,7:30,175.3,31.3,28.6,29.9,41,13,0,1,22.81,95.67,0.33
102219,Kumar,INST-4255,23:30,0,30.7,31.9,94,65.5,3.7,15,9.1,21.44,92.3,0.17
102220,Ravi,INST-8777,7:45,236.9,39.3,39,18.8,20.1,13.2,0,6.6,21.86,96.95,0.62
102221,Meena,INST-2693,1:15,0,31.9,30.4,52.6,53.9,8.7,5.1,26.7,22.55,95.27,0.06
102222,John,INST-7456,13:00,800.6,49.1,40.8,22.3,34.7,11.8,0,18.6,18.59,94.35,1.11
102223,Ravi,INST-5647,2:00,0,19,18.5,90.2,52.7,7.2,13.3,20.5,20.58,92.8,0
102224,John,INST-8560,15:45,587.7,29.9,23.7,18.2,52,4,0,6.4,18.93,98.04,1
102225,Divya,INST-9652,18:15,0,36.8,37.4,77,76.8,9.6,4.6,1,21.56,92.2,0
102226,Divya,INST-6474,13:45,905.5,46.7,38.3,5.4,71,1.8,0,4.8,18.09,98.18,1.52
102227,Priya,INST-4578,18:00,0,24.5,24.1,11.5,64.1,14.5,0,28.8,17.61,97.15,0
102228,Kumar,INST-9162,13:45,976.1,40.2,30.1,0.8,56.7,1,0,1.3,21.82,94.83,2.06
102229,Priya,INST-1490,13:30,917.8,35.4,28.9,3.7,60.3,9.7,0,13.2,21.38,95.59,1.63
102230,Ravi,INST-4735,8:30,323.9,42.1,38.8,41.6,71.8,0.1,7.3,7.9,17.78,93.29,0.34
102231,Ravi,INST-4098,3:45,0,36.6,37.7,64.3,69.7,5.8,24.7,7.4,22.69,95,0.1
102232,Meena,INST-9234,8:30,142.9,33,31.2,89.4,87.6,14.9,14.7,0.7,22.98,98.8,0.14
102233,Meena,INST-8138,0:30,0,34,32.9,32.4,29.3,5.4,0,6.2,22.47,92.26,0
102234,Akash,INST-7243,6:15,4,41.1,39.4,1.9,46.9,14.5,0,10.6,22.81,98.85,0
102235,Priya,INST-6787,8:00,205.7,23.4,23,72.4,28.8,13,15.7,10.7,17.56,98.83,0.27
102236,Ravi,INST-5787,4:15,0,39.3,40.7,26.3,22.9,15,0,25.6,22.6,92.88,0.16
102237,John,INST-9656,3:00,0,38.1,39.8,65.3,92.1,4.5,7.2,13.4,22.49,94.51,0.1
102238,Divya,INST-8324,6:15,8.7,32.7,33.3,24.4,59.5,1.6,0,25.7,20.21,95.4,0.16
102239,Kumar,INST-9441,4:45,0,38.8,38.4,94.5,85.1,1.5,8.6,26.1,19.19,95.27,0
102240,Priya,INST-6513,10:00,725.2,26.7,21,21.9,74.5,12.5,0,9.9,18.82,97.19,1.24
102241,Priya,INST-6547,0:30,0,25.7,24.8,61,86.4,12.7,18.4,15.3,17.82,93.79,0
102242,John,INST-1672,7:30,270.9,31.9,27.9,2.4,46,5.3,0,20.9,21.64,93.47,0.64
102243,Priya,INST-2015,16:15,248.8,37.9,36.6,59.8,77.6,6.8,12.4,14.8,19.23,98.12,0.38
102244,Priya,INST-3067,6:45,0,33.3,32.1,13.4,56.2,7,0,1.2,19.96,96.97,0.15
102245,Meena,INST-5656,17:30,157.8,29.5,29.1,51.2,74,13.4,10.9,4,21.07,94.39,0.28
102246,Divya,INST-2923,4:30,0,24.9,23.3,49.1,89.8,11.6,10.8,7.9,21.41,92.15,0
102247,Arun,INST-3507,15:15,342.6,23.8,22.7,61.2,41.2,5.5,2.8,18.8,18.66,95.48,0.72
102248,Ravi,INST-1915,10:30,235.7,24.9,23.8,86.4,46.7,14.5,22.2,10.9,19.61,93.31,0.26
102249,Kumar,INST-4334,11:45,473.7,31.9,28,62.9,62,11.7,8.9,0.2,22.93,97.21,0.89
102250,Akash,INST-1832,9:15,648.5,46,39.9,7.2,61.9,11.5,0,2.8,21.31,95.2,1.18
102251,Akash,INST-7286,1:15,0,33.7,34,89.6,59.3,14.3,22.1,29.5,20.28,96.52,0
102252,Priya,INST-1547,11:30,395.6,34,32.3,71.1,47.7,3.1,1.1,12.2,17.29,96.28,0.49
102253,Kumar,INST-4557,18:45,3.5,20.5,22.4,21.9,70.2,3.5,0,16.8,19.69,93.19,0.07
102254,Priya,INST-9721,19:15,0,26.6,24.8,62.3,59,11.3,10.3,13.6,19.43,97.23,0
102255,Arun,INST-1129,17:15,208.8,22.9,22.5,26.9,77.4,6.5,0,14.4,17.89,97.71,0.26
102256,Ravi,INST-5221,14:15,378.8,39.8,36.3,69,52.6,3.6,14.8,19.5,20.11,96.78,0.69
102257,Divya,INST-5953,8:15,384.4,36.4,33.9,28,91.2,5.8,0,18.3,22.9,95.98,0.85
102258,Kumar,INST-2504,10:30,337.3,35.3,33.7,72.7,40.9,14.1,15.7,23.8,20.5,92.08,0.58
102259,Akash,INST-5395,18:45,6.7,35.7,37.4,35.1,87.3,9.9,0,16.1,22.04,96.04,0.13
102260,Kumar,INST-3234,8:45,275.4,40.9,39.7,50.4,35.6,7.3,13.9,8.1,22.89,96.73,0.41
102261,Akash,INST-9059,9:30,434,45,40.3,44.6,44.6,5.8,20,26.7,21.05,95.15,0.71
102262,Meena,INST-8542,16:45,269.5,40.9,39.3,50.5,83.7,2,9.9,22.5,20.91,93.83,0.37
102263,John,INST-4519,13:15,827.4,33.8,27.9,14.9,52.6,2.9,0,7.5,18.52,92.3,1.28
102264,Priya,INST-9357,13:45,793.4,43.9,38.8,22.5,38.7,1.2,0,17.2,20.43,95.69,1.49
102265,Ravi,INST-6575,13:30,500.9,31.2,25.6,56.5,44,8.2,15.6,29.7,22.47,97.83,1.02
102266,Divya,INST-7935,13:15,830.7,40,32.2,16.8,78.5,1.9,0,6.1,17.57,94.82,1.51
102267,Priya,INST-9045,1:00,0,19.4,21,49.1,40,6.9,21,23.4,22.51,96.06,0.11
102268,Meena,INST-1342,10:15,566.9,31.6,26.4,42.6,27.2,1.7,7.2,9.5,22.88,97.75,1.03
102269,Ravi,INST-8929,15:30,623.2,25.4,19.8,11.1,31.5,13.3,0,4.2,19.41,96.11,1.05
102270,Kumar,INST-8535,3:30,0,25.1,23.7,99.9,23.3,3.7,15.2,13.3,18.49,92.61,0
102271,Akash,INST-6757,12:00,856.4,26.9,20.1,15.8,46.7,7.7,0,12.6,17.87,95.18,1.3
102272,Arun,INST-7897,14:15,292.2,31.7,27.7,80.5,76.1,2.2,18.1,3.4,17.05,98.72,0.64
102273,Akash,INST-8986,1:45,0,27.5,25.7,66.3,77.9,14.6,2.1,15.7,22.1,95.18,0.08
102274,Kumar,INST-3952,7:30,91.1,39.1,37.3,71.9,88.9,0.3,21.6,8.2,18.69,96.08,0.08
102275,Priya,INST-7858,10:45,350.8,33.6,32,73.6,84.6,10.6,5.7,4.4,18.06,96.78,0.56
102276,Meena,INST-6421,23:00,0,19.6,21.4,65.9,25.2,11.6,22.6,9.7,18.83,95.53,0.11
102277,Priya,INST-1817,19:15,0,26.9,27.4,35.2,38.6,14.7,0,6.1,18.43,94.21,0.08
102278,Meena,INST-5958,6:45,0,32,31.9,63.1,41.1,6.1,24.8,7,22.57,92.23,0.06
102279,Priya,INST-8576,0:30,0,19.4,20.7,55.3,72.8,13.1,4.2,27,22.01,93.57,0
102280,Divya,INST-2516,14:30,603.1,31.9,27.1,34.3,22.8,9.1,0,14.8,21.44,98.78,1.29
102281,Kumar,INST-1500,22:00,0,35.3,34.5,98.5,86.9,8.8,19.4,18.2,20.29,93.73,0.06
102282,Divya,INST-4471,12:30,498.4,37.9,32.5,57.9,74.2,0.6,8.8,21.5,20.78,98.5,1.06
102283,Arun,INST-6473,18:15,0,18.5,18.5,83.8,90.5,5.7,9.2,17.3,19.35,98.09,0
102284,Meena,INST-7969,4:15,0,33.2,31.9,56,50.8,11.4,24.5,24.9,20.95,97.51,0.13
102285,Priya,INST-2987,17:45,173.9,35.3,35.7,46.1,65.5,14.1,5.5,25.2,20.53,92.48,0.2
102286,Ravi,INST-2101,20:45,0,40.9,38.9,23.9,57.5,6.1,0,5,17.14,98.5,0.12
102287,Divya,INST-8617,15:45,274.2,36.2,34.1,70.6,72.3,7.6,22,3,20.38,94.99,0.59
102288,Akash,INST-6012,13:00,265.4,37.3,33.3,86.8,47.2,10.4,14.1,3.4,20.56,93.17,0.31
102289,Priya,INST-4353,11:45,809,46.5,38,21.6,69.7,12,0,21.9,21.69,96.27,1.43
102290,Ravi,INST-9126,11:00,668.3,45.6,39.1,38.2,51.2,7.1,0,10.9,17.72,92.92,0.88
102291,Divya,INST-5294,16:45,137.3,28.9,28.8,84.9,84.7,9.2,15.6,20.3,19,95.85,0.11
102292,Kumar,INST-7108,12:45,423.3,23.1,21.5,67.7,26,3,17.4,26.8,19.55,96.05,0.55
102293,Divya,INST-2833,18:00,18.5,30.8,31.8,51.2,37.9,0.6,15.7,7.4,20.33,95.9,0
102294,Akash,INST-9689,4:45,0,25,23.7,49.9,33.3,10.3,1.3,17.9,18.66,95.84,0
102295,Divya,INST-9260,3:00,0,22.1,21.8,34.9,69.8,3,0,22.4,17.73,93.62,0.19
102296,Arun,INST-3251,18:15,5.8,29.6,30.3,7.4,90,11.9,0,17,18.66,97.05,0.15
102297,Meena,INST-1908,10:30,246.7,31.9,29.9,86.9,83.4,1.2,7.5,2.2,17.75,94.11,0.33
102298,Meena,INST-4381,11:15,609.4,24,19.6,45.3,46.4,12.9,3.5,29.1,17.95,96.33,0.91
102299,Kumar,INST-7234,18:30,0,29.6,28,40.6,39.2,3,2.5,16.1,22.34,97.54,0.19
102300,Meena,INST-6316,0:45,0,25.6,24.5,65.8,63.4,13.7,6.7,3.2,21.72,92.47,0
102301,Divya,INST-8765,8:15,382.9,26.5,21.6,31.4,20.1,12.8,0,24,20.03,98.14,0.71
102302,Priya,INST-4508,4:15,0,40.6,41.3,49.6,59.7,11.9,22.2,2.3,17.53,97.02,0
102303,Kumar,INST-5908,14:30,614.8,45.4,38.9,35.6,41.5,14,0,20.6,19.31,94.11,1.18
102304,Meena,INST-5650,13:15,950.7,27.8,21,0.3,73.2,11.9,0,18.7,21.17,93.01,1.6
102305,John,INST-1064,15:00,298.8,26.7,25.1,67.6,48.7,0.9,23.8,18.7,19.04,98.48,0.5
102306,Ravi,INST-1829,13:00,379.2,36.3,31.7,71.6,25.8,6.6,24.9,10.7,19.35,94.36,0.48
102307,Priya,INST-3905,0:15,0,33.1,33.2,33.2,50,5.7,0,1.2,20.64,95.05,0.07
102308,Priya,INST-9663,23:30,0,23.3,22.6,41.6,52.6,5.4,20.1,4.2,19.04,98.58,0.12
102309,Priya,INST-6386,13:30,563.7,38.1,32.7,49.7,74.5,8.2,14.1,21.1,18.07,97.62,0.93
102310,Arun,INST-2403,18:00,0,25.1,24.8,57.9,88.3,4.1,2.8,3.3,17.04,92.59,0.13
102311,Meena,INST-7500,18:15,0,21.3,22,52.2,20.4,1.8,4.1,21.3,17.65,94.11,0
102312,Ravi,INST-9291,20:30,0,30.4,28.5,76.1,58.5,7.8,10.1,18.7,20.26,96.84,0
102313,Arun,INST-3041,7:45,176.8,44.1,40.8,41.1,88.5,4.7,6.8,19.2,17.74,98.36,0.2
102314,Arun,INST-2862,17:00,69.5,19.3,19.5,80.3,30.3,1.5,10.1,26.3,21.61,98.21,0.02
102315,Arun,INST-9898,8:00,213.2,38.2,35.4,65.5,38.9,2.6,9.8,25,20.78,98.99,0.25
102316,Arun,INST-6130,7:30,229.4,28.7,28.6,14.3,53.6,5.8,0,9.3,17.81,98.43,0.26
102317,Divya,INST-7989,22:45,0,27.1,25.3,92.8,72.6,13.4,12.5,25.9,17.45,95.14,0
102318,John,INST-1848,0:15,0,36.3,34.8,86.6,47.8,1.1,17.2,24.4,21.53,97,0
102319,Arun,INST-5647,14:15,629.5,33.1,26.3,31,52.8,12.2,0,29.7,20.56,93.45,0.9
102320,Akash,INST-4832,18:30,0,35,33.8,62.9,32.7,13.9,14.4,27.2,20.89,98.79,0.05
102321,Divya,INST-9999,20:45,0,31.4,29.5,61.3,88.9,4.1,16.3,7,22.42,95.2,0.06
102322,Priya,INST-9537,19:30,0,18,19.7,66.3,52,8.7,4.7,2.4,18.15,93.75,0.08
102323,Ravi,INST-6671,0:45,0,39.9,41.9,98.7,56,0.1,14,27.6,22.41,95.96,0.06
102324,Akash,INST-4241,11:45,688.8,45.2,41,34,25.3,8.2,0,0.3,18.95,96.05,1.08
102325,John,INST-5578,23:30,0,23.7,22.1,42.2,63.7,5,4.9,25.4,18.13,92.24,0
102326,Priya,INST-6751,9:00,386.9,36.2,34.5,52.4,76.1,13.9,2.5,17.9,19.99,94.4,0.73
102327,Akash,INST-4758,12:30,429.8,43,38.5,66.1,38.9,7.4,12.4,27.6,17.85,93.66,0.47
102328,Divya,INST-9230,14:00,209,43.4,40.9,89.4,36.2,12.4,2.8,15.5,19.65,98.21,0.52
102329,Kumar,INST-6788,9:45,327.8,27,25.7,66.8,81.6,1.1,4,22.5,22.69,94.96,0.73
102330,Divya,INST-4562,2:00,0,37,38.2,44.5,94.3,1.6,0.4,16.1,19.42,98.82,0
102331,Akash,INST-6477,18:30,0,25.3,23.6,60.6,27.2,12,6.1,12.5,20.28,94.61,0
102332,Ravi,INST-1729,4:00,0,26.1,25.3,60.1,21.8,1.3,1.1,15.5,22.84,92.44,0.05
102333,Divya,INST-9731,14:15,729.3,38,31.6,16.5,84.6,12.8,0,6.3,17.77,92.14,1.03
102334,John,INST-9119,8:15,220.7,21.1,21.1,65.2,47.1,13.1,20.1,8.8,19.37,92.46,0.43
102335,Priya,INST-4264,3:15,0,27,26,46.9,62.8,2,18,22.8,22.99,96.79,0
102336,Kumar,INST-6854,13:45,854.8,35.3,27.1,11.7,73.3,12,0,18,21.55,98.59,1.67
102337,Divya,INST-9046,13:45,449.8,41.4,38.8,66.2,56,9.8,3.2,6.4,20.22,95.73,0.87
102338,Divya,INST-3633,1:30,0,22.5,23.4,60.5,28.8,3.8,8.5,15,22.58,97.66,0
102339,Divya,INST-4659,8:00,314,23.2,18.7,48.5,63.4,6,7.8,20.3,18.49,96.44,0.35
102340,Divya,INST-6226,16:30,283.9,24.8,20.5,55.8,67.8,3.6,9.8,4.2,19.17,93.95,0.42
102341,Kumar,INST-4859,18:15,7,23.8,25.6,40.3,50.8,7.7,21.2,26.9,17.05,98.84,0.11
102342,Priya,INST-6818,6:45,0,20.9,19.3,50.3,46.9,9.7,18,22.7,21.04,93.87,0.17
102343,Ravi,INST-8375,16:45,336.9,33,30.1,41,92.9,8.8,21.9,19.3,22.38,92.95,0.82
102344,Priya,INST-1512,23:00,0,22,21.4,56.4,89.4,0.3,18.9,9.3,21.56,92.48,0
102345,Arun,INST-5834,12:00,478.6,34.6,29.8,61.9,86.9,4.2,23.6,0.7,21.16,94.17,0.92
102346,Divya,INST-2340,16:45,394.5,42.8,41,23.1,41.9,12.4,0,28.8,17.36,93.81,0.57
102347,Divya,INST-2346,3:00,0,29.9,30,98.4,21,3.6,8.2,23.3,21.16,96.62,0
102348,Ravi,INST-8595,7:15,194.1,29.9,28.2,27.7,94.4,13.1,0,19.7,18.54,97.68,0.39
102349,Kumar,INST-1934,8:15,291.5,32.1,29.1,46.2,85.9,7.5,14.7,4.3,19.42,96.02,0.45
102350,Ravi,INST-5628,16:00,477.9,25,22.6,9.5,52,14.7,0,7.4,18.48,97.7,1
102351,Akash,INST-7088,3:00,0,25.1,26.8,33.3,81.3,0.9,0,7.4,18.45,97.31,0
102352,Arun,INST-6801,12:45,796.9,44.8,37.1,26.6,44.8,5.7,0,9.5,22.25,96.7,1.52
102353,Priya,INST-6514,8:00,245.7,41.7,38.1,57.3,68,0.4,0.3,3.1,21.42,96.55,0.38
102354,Ravi,INST-6906,4:15,0,33.3,34.2,26,68.5,6.4,0,27.8,20.92,98.62,0.1
102355,Meena,INST-4279,17:30,121.4,27.7,28.2,60.3,50.7,14.4,7.8,22.9,20.43,96.28,0.12
102356,Arun,INST-7768,22:00,0,37.7,38.4,62.7,35.7,11.4,24.9,9.5,22.83,94.81,0
102357,Meena,INST-1983,17:00,210.9,40,37.6,24.3,92.6,2.7,0,5.7,18.17,95.89,0.39
102358,Meena,INST-9375,1:15,0,36.2,35.7,95.9,85.7,2.6,12.9,10.1,22.56,95.47,0
102359,Divya,INST-9330,2:45,0,27.8,26.7,84.7,81.7,13.7,9,8.4,21.21,95.45,0
102360,John,INST-5480,18:45,3.5,18.6,18.8,23.8,80.5,0.7,0,0.3,20.41,98.12,0.18
102361,Akash,INST-5876,17:45,244,32.2,29,11.3,80.2,7.5,0,17.8,21.71,97.71,0.5
102362,John,INST-7223,0:00,0,19.9,18.5,31.2,21.8,2.4,0,10.8,21.86,94.48,0
102363,Akash,INST-1713,2:45,0,38.5,38,24.8,94,3.3,0,25.3,21.46,95.28,0
102364,Arun,INST-7506,4:30,0,37.8,39.4,73.5,55.8,3,17.1,23.2,18.31,94.6,0.06
102365,Kumar,INST-5868,7:30,92.4,30.1,29,85.3,31.6,13.9,10.7,23.6,20,98.37,0.19
102366,John,INST-6507,9:30,324.1,31.7,29,64,28.7,6.7,4.8,3.3,21.26,94.02,0.73
102367,Arun,INST-8199,23:00,0,19.8,21.2,62.3,71.2,13.5,4,18,18.25,98.04,0.17
102368,Divya,INST-7348,3:45,0,38.4,37.6,52.7,77.5,4.2,1,21.9,19.34,96.65,0
102369,Arun,INST-7189,7:00,91.6,28.9,26.4,86.1,73.1,12.1,13.3,18.1,17.23,97.42,0.06
102370,Meena,INST-6841,5:15,0,40,40.4,55.4,56.1,4.1,5.2,6.3,21.2,93.52,0.1
102371,Divya,INST-4170,23:15,0,29.3,30.5,77.2,51.4,11.2,4.7,24.7,19.07,92.29,0
102372,Ravi,INST-9023,14:15,809.8,38.8,33.1,6.1,94.8,7.8,0,28.7,20.42,97.51,1.57
102373,Meena,INST-4548,15:00,509.8,30.1,24,32.5,46.7,0.1,0,17,18.17,95.89,0.7
102374,Meena,INST-1847,15:15,259.6,42.2,38.4,75.7,27.9,2,11.9,5.8,22.68,98.59,0.66
102375,Meena,INST-1846,5:45,0,42.4,41.9,73.6,82.2,10.5,13.1,12.4,21.3,92,0
102376,Arun,INST-3831,0:45,0,22.8,21.8,26.8,59.2,12.7,0,29.3,19.08,93.72,0.2
102377,Meena,INST-7775,1:15,0,19.1,19.8,38.8,66.6,11.7,0,18.7,21.33,98.62,0
102378,Meena,INST-8298,19:00,0,24,22.7,35.8,61.3,8.1,0,23.8,22.18,98.2,0
102379,Priya,INST-8616,10:00,767.9,32.9,24.7,15.2,90,0.7,0,15.4,20.28,95.46,1.31
102380,Divya,INST-6317,10:30,229.5,29.1,26.1,85.5,42.8,0.6,15.5,27.3,18.06,93.74,0.3
102381,John,INST-7444,4:45,0,27.7,28.3,34.2,60.5,1.9,0,23,17.81,94.16,0.19
102382,Kumar,INST-5430,21:30,0,35.1,34.4,93.1,88,2.2,12.2,11.6,20.97,98.5,0.04
102383,Kumar,INST-5694,3:45,0,41,40.1,82.7,86.5,6.7,24.2,13.2,22.37,95.92,0.15
102384,Akash,INST-9368,23:30,0,29.2,28.7,62.6,91.8,1.3,9.9,24.3,19.62,96.49,0.19
102385,John,INST-2501,16:45,271.8,31.5,28.8,56.2,43.8,6.8,1.3,29,18.67,93.49,0.54
102386,Akash,INST-5357,11:15,285.2,28,23.9,83.4,61,4.1,0.1,1.2,20.77,93.41,0.49
102387,Divya,INST-7115,12:15,276.7,40.5,39.7,88.7,23.8,14.6,19.4,28.8,21.01,98.64,0.35
102388,Kumar,INST-6608,15:00,627.9,33.6,29.6,12.7,25.4,12.8,0,0.1,20.32,94.39,1.27
102389,Meena,INST-2886,11:15,855.4,32.9,26.2,12.8,21.5,8.7,0,23.5,22.12,98.13,1.57
102390,Divya,INST-9809,6:45,0,39,40.9,58.8,87.6,4,20.5,29.3,21.93,94.84,0.06
102391,Arun,INST-9447,10:45,391.8,36.8,32.8,65.9,94.8,6.7,18,13.2,22.79,97.15,0.93
102392,Akash,INST-1720,0:45,0,28.4,27.1,41.8,79,3.7,11.1,29.8,21.7,97.13,0
102393,Divya,INST-6060,9:15,499.1,38.6,33.8,34.9,83.6,5.7,0,15.1,21.22,95.06,1.08
102394,Meena,INST-8831,22:45,0,38.9,38,84,39.1,5.6,12.5,12.9,20.14,94.03,0.02
102395,Divya,INST-6039,2:30,0,31.7,30.1,33.6,67.1,3.8,0,21.8,20.63,95.5,0
102396,Kumar,INST-5230,21:15,0,20.7,21.9,26.6,36.4,13,0,25,20.14,97.89,0.17
102397,Priya,INST-6145,18:00,7.9,22.5,21,1.3,30.4,10.4,0,8.7,18.64,95.58,0.18
102398,Meena,INST-7879,14:45,833.1,39.4,34,6.4,91.3,9.7,0,11.4,17.04,94.21,1.28
102399,Kumar,INST-2384,3:45,0,35.2,35.7,74.8,69,7.4,19.7,20,19.7,97.7,0.17
102400,Divya,INST-8094,12:45,353.2,30.6,27.5,77.5,29.4,7.5,18.4,10.3,20.84,96.1,0.6
102401,Meena,INST-4031,2:45,0,25.4,24.9,49.1,59,7.9,14.8,15,22.98,95.28,0
102402,John,INST-3322,5:00,0,34.7,34.5,54.5,71.9,6.2,15.2,17.8,20.22,97.49,0
102403,Akash,INST-5515,1:00,0,28.7,29.5,50.4,84.6,6.5,14.6,7.4,21.8,92.61,0
102404,Kumar,INST-2457,17:15,77.6,25.7,23.7,90,87.3,1.6,2.8,26.1,18.58,92.15,0.06
102405,Meena,INST-6621,16:45,365.4,26.6,24.9,28.8,49.5,5.2,0,8.3,19.47,95.2,0.55
102406,Divya,INST-9573,6:30,0,31.9,31.7,6.6,68.8,6.8,0,27.8,20.94,94.3,0.19
102407,Akash,INST-8078,7:15,103.7,37.6,37.3,72.7,86.4,8.1,16.6,2,20.92,98.46,0.14
102408,Akash,INST-1752,22:00,0,38,36,68,78.1,13.7,10.8,7.9,19.55,96.22,0.05
102409,Akash,INST-3754,18:15,15.4,39.7,40.5,35.4,52.4,12.9,0,25.1,19.91,96.13,0
102410,Divya,INST-1796,2:00,0,43,41.7,30.5,57.1,1.2,0,22.8,21.08,98.98,0
102411,Arun,INST-1147,6:45,16.6,22.6,21,14.3,47.4,1.1,0,1.2,18.64,94.46,0.15
102412,Arun,INST-5992,23:30,0,20.5,22.4,53.4,49.3,6.4,5.4,23.8,20.61,98.9,0
102413,Arun,INST-5717,6:15,0,32.5,34.2,34.5,40.7,3.5,0,19.3,18.88,98.61,0.04
102414,John,INST-2073,21:30,0,21,19.5,91.5,59.7,2.8,23.7,1.5,18.68,92.1,0.18
102415,Kumar,INST-5042,5:00,0,34.9,33.4,88.4,65.6,7,3.5,8.1,18.81,97.51,0
102416,Ravi,INST-8668,15:00,339.1,37.9,34.3,60.2,38.1,13.9,18.9,14.7,20.78,93.54,0.59
102417,Meena,INST-5214,14:45,809,35.1,26.6,5.8,45.3,4.6,0,27.8,18.73,98.56,1.16
102418,Akash,INST-7656,13:00,727.2,39.2,31.9,30.6,63.3,13,0,18.2,18.08,96.95,1.29
102419,Priya,INST-6664,1:00,0,25.5,24.1,36.6,67.7,8.5,0,13.1,19.84,97.98,0.02
102420,Meena,INST-9261,5:30,0,28.2,29.4,85,86.3,8.5,20.8,18.1,20.62,92.3,0
102421,Priya,INST-2796,4:45,0,24.6,23.8,47.7,47.2,6.9,23,28.5,21.81,92.59,0.1
102422,Akash,INST-4063,5:00,0,36.4,34.9,86.7,74.1,4.9,2.2,0.1,18.66,93.76,0
102423,Kumar,INST-7427,8:30,418.8,39.7,36,22.6,79.6,8.8,0,7.6,17.94,97.32,0.87
102424,Ravi,INST-1923,14:15,774.3,35.9,28.6,14.9,37.9,2.4,0,15.3,22.08,95.55,1.66
102425,Divya,INST-9935,10:45,801,30.1,23.2,9.6,47.9,0.6,0,1.3,17.26,92.42,1.24
102426,Arun,INST-6605,16:45,257,30.2,28.7,58.1,50.2,8.3,3,5,20.95,98.75,0.58
102427,Kumar,INST-5739,8:45,249.7,38.4,35.1,57.4,46.5,11.8,19,12.4,22.18,94,0.62
102428,Priya,INST-6475,9:45,310.7,31.7,29.2,66.1,43.5,14.8,1.7,29.7,19.2,97.51,0.63
102429,Divya,INST-7486,18:45,12.7,27.1,26.7,32.3,44.5,6.2,0,1.3,22.57,98.45,0.2
102430,Kumar,INST-4586,14:30,769.1,33,27.5,13.8,39.2,2.1,0,0.3,17.96,98.8,1.21
102431,Priya,INST-5351,10:30,557.8,32.4,26.8,43.2,54,2,12.1,12.4,18.64,93.99,1.09
102432,John,INST-4506,1:15,0,29.5,29.3,69.5,36.6,7.3,4.5,16.8,17.73,96.34,0
102433,Arun,INST-6101,21:15,0,22.5,22,68.5,22.5,10.7,16.8,28.3,18.83,94.76,0
102434,John,INST-1419,14:45,433.1,39.8,37.4,60.9,24.1,8.2,13.5,6.4,22.99,94.06,0.91
102435,Divya,INST-1393,1:45,0,25.1,25.5,60.5,93.5,5.7,7.7,16.9,19.59,96.79,0
102436,John,INST-4446,16:45,325.6,40.2,35.8,45.5,21.2,4.9,14.5,10,20.8,93.16,0.59
102437,Arun,INST-7176,12:15,858.5,28.4,21.4,19,81.1,7.3,0,19,18.83,97.8,1.4
102438,Arun,INST-8759,1:30,0,23.3,22.6,57.4,38.1,9.6,21.9,29.3,19.5,92.74,0
102439,John,INST-7329,2:00,0,38.5,38.9,98.4,57.7,8.2,18.9,22.4,21.17,98.69,0.18
102440,Arun,INST-5453,8:30,176.6,37,34.3,80.1,68.8,13.6,9,15.6,19.56,96.95,0.28
102441,Priya,INST-4760,21:30,0,40.3,38.4,41.8,37.1,9.8,21.7,16.3,20.27,92.85,0.03
102442,Kumar,INST-5388,15:45,408.7,38.1,33.5,52.7,35.3,14.5,15.1,23.6,20.79,96.27,0.84
102443,Priya,INST-3584,5:00,0,23.2,23.2,26.1,47.5,0.5,0,18.8,18.44,92.7,0
102444,Priya,INST-4192,7:45,142.6,34.6,34.3,57.3,20.4,8.3,2,14.6,18.1,92.86,0.26
102445,Akash,INST-8928,5:00,0,21.8,22.4,86.7,21.4,12.7,6.1,19.9,19.74,96.45,0
102446,Ravi,INST-1127,22:00,0,34.3,33.7,75.2,76.4,1.2,11.6,26.1,22.06,98.19,0.13
102447,Arun,INST-5817,9:15,559.5,45,38.7,23.1,56.1,5.6,0,2.2,18.71,95.45,0.96
102448,Priya,INST-2860,14:00,290.4,29.8,28.9,80.8,30.5,14.5,22.7,25.3,17.32,96.36,0.49
102449,Ravi,INST-9934,23:15,0,35.7,35.1,42.6,33.4,3.1,2.8,20,17.08,94.62,0.04
102450,Kumar,INST-3915,8:00,280.7,37.4,35.7,49.2,73.4,5.8,9,19.7,17.26,93.15,0.29
102451,Priya,INST-8154,14:30,381.4,45.1,40.9,65.3,32.6,5.8,17,3,21.54,94.81,0.77
102452,Priya,INST-8094,14:45,405.5,20.8,18.2,66.3,45,7.6,21.9,22.6,19.59,93.64,0.47
102453,Arun,INST-1668,19:30,0,36.2,34.5,26.7,45.4,9.6,0,0.7,22.67,92.08,0.12
102454,Priya,INST-9550,8:00,471,33.8,28.7,5.5,20.2,3.9,0,9.6,20.29,94.89,0.86
102455,Ravi,INST-4812,15:30,480.2,21.2,19.2,39.3,69.1,3.4,0,0.7,19.7,93.91,0.8
102456,Ravi,INST-6566,16:15,388,21.4,18.2,29,32.3,2.5,0,19.2,22.89,93.7,0.84
102457,Arun,INST-1422,3:15,0,25,26.7,30.4,31.8,12.4,0,7.7,19.56,93.37,0
102458,Ravi,INST-2195,19:00,0,20.5,22.3,49.1,43.6,1,11.7,21.4,18.64,98.66,0.12
102459,Priya,INST-8551,1:45,0,27.7,26.4,41.7,53,6.5,12.8,12.2,18.17,96.6,0
102460,John,INST-1917,14:00,657.9,41.7,34.4,27.7,60.7,9.9,0,3.6,17.37,92.87,1.24
102461,John,INST-6493,22:45,0,34.5,34.7,60,51.2,1.1,21.5,3.9,20.39,97.16,0
102462,Ravi,INST-3511,3:45,0,27.7,25.9,53.8,56.2,14.2,19,1.2,22.31,96.66,0.02
102463,John,INST-6734,7:30,186,30.7,28.6,40.7,44.2,2.8,3.7,18.5,19.12,96.12,0.39
102464,John,INST-9587,18:45,0,28.7,30,70.5,54.4,2.6,15.2,28.5,18.29,97.07,0.08
102465,Ravi,INST-3677,22:30,0,36.5,37.6,22.4,57.7,10,0,5.9,20.64,95.7,0.11
102466,John,INST-9744,9:30,633.5,36.3,32.1,12.2,74.2,5.9,0,20.3,17.79,93.68,0.78
102467,Akash,INST-8437,12:15,394.4,29.2,24,71,85,12.5,21.4,26.8,22.63,96.42,0.57
102468,Priya,INST-7734,13:15,799,28.2,20.8,22.1,30,5.6,0,20.7,18.53,96.82,1.22
102469,Akash,INST-4469,12:15,401.3,33,28.1,72,34.6,6.9,7.1,8,19.18,97.02,0.81
102470,John,INST-4332,8:30,133.1,21,20.5,84.1,86.7,4,24.8,10,20.85,93.17,0.37
102471,John,INST-3943,20:30,0,31.7,30.1,50.3,25.6,9.4,3.1,27.3,18.64,95.44,0.04
102472,John,INST-7347,9:15,411.1,43.9,41.8,52.8,53.1,3.1,5.4,27.2,20.71,98.18,0.67
102473,Priya,INST-6900,7:00,239.6,22.3,20.9,5.5,90.8,1.1,0,15.9,22.14,95.36,0.49
102474,Kumar,INST-1798,10:45,340.4,28,24.2,73.1,94.8,0.4,12.6,4.2,19.43,94.1,0.79
102475,Divya,INST-9766,20:45,0,26.4,25.4,95.2,94.1,9.5,23,19,17.08,94.95,0.1
102476,Akash,INST-2871,23:00,0,39.3,38.8,50.2,38.2,6.7,7.7,3.1,21.87,97.59,0.12
102477,Divya,INST-1605,12:30,976.4,44.4,36.5,0.8,46.2,0.1,0,3.2,17.99,92.02,1.68
102478,Kumar,INST-2333,13:00,954.9,28.9,19.3,0.1,56,8.4,0,24.3,20.25,97.52,1.84
102479,Kumar,INST-3189,3:15,0,25.7,27.4,24.8,76.1,9.3,0,8.9,19.23,97.95,0.05
102480,Akash,INST-8416,16:30,455.8,36.5,33.5,14.8,40.9,4,0,7.7,17.08,95.33,0.85
102481,Arun,INST-5041,22:45,0,41.8,41.5,25.4,32.7,10.6,0,25.3,21.44,96.96,0.04
102482,Divya,INST-6302,21:45,0,24.1,23.1,75.8,56.7,11.5,12.6,17.8,17.17,94.2,0
102483,Divya,INST-9759,6:45,0,26,25.5,39.9,23,8.8,0,18.2,21.38,95.75,0
102484,John,INST-4766,18:00,0,38.4,37.4,87.8,85.6,8,19.2,19,20.71,98.75,0
102485,Ravi,INST-7867,6:30,0,38.1,40,27.7,56.5,12.7,0,23.9,17.52,92.62,0
102486,Akash,INST-3706,21:15,0,37.3,38.1,50.4,27.8,0.4,19.6,25.6,19.07,94.05,0
102487,Kumar,INST-6269,12:30,806,30.3,24.6,21.6,78,11.5,0,28.4,18.99,97.76,1.37
102488,Akash,INST-6939,10:45,283.5,41.2,38.6,80.6,76.2,10.9,18.2,22.5,18.98,93.19,0.62
102489,John,INST-7869,14:00,812.2,31.2,25.8,7.4,31.8,7.2,0,22.5,22.45,96.35,1.58
102490,Akash,INST-6369,5:15,0,26.6,27.5,82.9,85.5,14.3,14.1,1.6,17.36,93.57,0.01
102491,John,INST-1623,14:00,818.3,27.3,20.2,5.3,26.2,1.9,0,4.3,20.39,94.24,1.69
102492,Kumar,INST-9902,10:00,394.8,45.4,40.6,63.6,48.1,3.7,4,8.5,17.42,92.92,0.58
102493,Arun,INST-1356,8:00,294,29,27.5,46,39.8,6.1,1.7,18,20.15,93.32,0.36
102494,Arun,INST-7265,11:15,496.2,21.5,19,59.3,91.6,1,2.1,26.5,19.31,98.95,0.7
102495,Kumar,INST-2001,16:30,374,35.7,33.6,26.3,69,13,0,1.6,18.08,92.11,0.66
102496,Kumar,INST-2428,7:45,83.7,37,35.5,82,25,8.7,23.2,14.6,22.86,98.52,0.17
102497,Divya,INST-8598,14:15,305.5,43,40.9,76.8,46.8,4.5,15.4,1.7,18.5,98.74,0.4
102498,Meena,INST-5097,6:30,8.9,18.9,20.6,69.4,48.6,3.1,7.9,6.2,21.94,95.76,0.11
102499,Arun,INST-4148,22:15,0,39,40.7,35.1,47.4,11.2,0,2.1,22.84,95.64,0
102500,Ravi,INST-8610,0:15,0,17,18.4,50.1,79.7,0.2,11,21.5,18.92,98.99,0.1
102501,John,INST-6008,16:45,320.4,45.1,40.5,39.3,91.9,8.4,0,7.3,22.93,96.63,0.67
102502,Divya,INST-5083,1:15,0,19.6,19.3,66.7,81.9,13.8,8.6,20,17.95,97.18,0.11
102503,Meena,INST-9310,19:15,0,35.1,36.4,56.3,61,8.1,13.3,23,20.62,92.59,0.07
102504,John,INST-6869,2:45,0,26.3,26,74.3,76.2,10.5,6.9,25.1,19.36,99,0.2
102505,Akash,INST-5119,10:15,714.6,23,18.7,21.4,47.8,4.5,0,4.7,22.26,97.98,1.53
102506,Divya,INST-9820,11:30,796.3,43.5,36.9,23,55.2,7.3,0,20.6,21.59,92.87,1.51
102507,Akash,INST-8396,1:15,0,22,21.4,53.9,45.8,0.7,3.2,15.1,17.17,97.58,0
102508,Priya,INST-8560,15:00,267.5,28.1,24.5,74.6,23.2,3.7,10.3,6.6,18.79,97.23,0.51
102509,Arun,INST-2438,12:30,730.4,27.7,22.3,31.5,68.6,10.8,0,21.3,21,93.41,1.13
102510,Akash,INST-9026,21:30,0,41.7,41,93.6,51.7,13.3,13,15.2,19.09,97.2,0
102511,Meena,INST-6976,13:45,904.1,39.3,31.4,7.3,42.6,0.6,0,7.2,22.61,93.67,1.75
102512,Ravi,INST-6597,18:30,7.8,22.5,20.8,28.2,36.4,8.8,0,12.5,18.13,92.92,0.17
102513,Priya,INST-9368,4:30,0,28.1,27.7,51.6,26.1,2.2,17.7,27.1,19.71,97.17,0
102514,Akash,INST-8964,17:30,159.6,39.7,37.9,47.3,94.3,11.1,2.1,12.7,18.35,94.43,0.26
102515,Ravi,INST-5257,22:15,0,41,39,51.1,33.5,5.2,14.1,2.4,18.5,93.65,0.18
102516,Arun,INST-8908,9:45,404.9,21.6,18.2,52.8,35.3,1.6,15.1,17.1,20.01,94.98,0.69
102517,Ravi,INST-9587,11:30,797.6,33.3,28.1,20.4,34.4,6.2,0,10.4,19.82,96.49,1.39
102518,Divya,INST-7122,12:30,879.7,31,25.4,15,79.9,13.2,0,25.1,21.26,93.52,1.63
102519,Divya,INST-4329,0:15,0,25.5,25.4,80.2,73.2,4.6,17.4,11.4,21.49,94.27,0.07
102520,Kumar,INST-6595,13:00,882.5,41.5,36.1,10.4,38.2,14.6,0,0.1,22.06,98,1.98
102521,Meena,INST-9283,21:45,0,34.1,33.9,97.3,35,9.7,16.6,1.9,17.62,96.59,0
102522,Priya,INST-8645,15:00,266.1,29.1,27.4,72.9,37.1,9.8,23.5,9.1,18.05,92.52,0.32
102523,Akash,INST-6347,18:30,0,41.4,41.5,30.3,23.7,2.6,0,19.9,18.67,98.95,0.13
102524,Divya,INST-6918,6:30,0,36.5,35.8,57,31.6,3.8,8.6,25.4,19.69,96.82,0
102525,Priya,INST-6608,1:15,0,27.5,27.7,24.4,24.6,11.8,0,3.8,22.15,94.79,0
102526,John,INST-9877,19:00,0,22.7,21.8,60,91.7,3.6,12.6,5.1,17.02,96.99,0
102527,John,INST-8648,14:45,600.3,29.8,23.9,37.2,50.6,5.3,0,12.4,19.08,95.56,1.22
102528,Arun,INST-7336,3:30,0,35.3,35,72.5,81.1,13.3,23.9,16.9,20.37,93.84,0.11
102529,Kumar,INST-5194,23:30,0,40,38,56.6,84.8,1.2,22,27.6,20.22,95.06,0.05
102530,Ravi,INST-1556,22:00,0,33.1,32.3,75.8,75.9,7.7,3.5,6.2,21.18,98.81,0.11
102531,Meena,INST-4084,12:00,310.4,26,24.8,83.1,54.5,6.2,2.7,23.3,21.03,94.87,0.63
102532,Divya,INST-9763,1:45,0,32.2,34.1,30.9,84.3,3.4,0,19,18.29,98.58,0
102533,Priya,INST-3587,0:45,0,31.4,29.4,51.7,53.2,14.2,5,13.3,18.77,93.75,0
102534,Akash,INST-6924,13:45,970.9,40.8,31.9,0.1,46.1,9.9,0,9.8,21.83,97.87,2.11
102535,Akash,INST-9013,15:00,534.3,33.7,28.8,28.6,25.7,3.8,0,17.9,20.54,97.2,0.91
102536,Akash,INST-9727,15:15,308,30.9,26.5,64.7,52.2,1.9,21.2,9.9,22.89,92.96,0.66
102537,Arun,INST-7920,13:15,756.2,44.5,36.7,28.5,71.5,8.5,0,15.5,18.84,97.95,1.4
102538,Akash,INST-3001,10:45,347.3,23.2,18.6,69.2,70.4,14.5,23.1,13.5,20.11,98.57,0.55
102539,Divya,INST-4797,20:30,0,26.2,24.8,78.3,76.5,3.5,14.3,29.1,20.33,93.93,0
102540,Meena,INST-7192,15:00,415.1,24.3,22.8,47.1,42,14,13.5,7.6,21.76,93.23,0.86
102541,Priya,INST-2418,18:00,0,26.2,25.2,17.7,63.3,2.5,0,17.3,17.38,93.27,0.03
102542,Ravi,INST-4739,4:15,0,35.8,35,64.6,94,5.8,10.8,29.8,19.32,93.16,0.09
102543,Meena,INST-2163,6:30,0,34.6,32.7,1.5,61.3,8,0,8.6,21.01,96.57,0
102544,Priya,INST-9364,6:45,7.6,30.5,31.6,21.5,66.8,10.3,0,13.4,17.05,94.69,0
102545,Arun,INST-1072,15:00,514.8,23.5,19.9,31.3,36.7,12.4,0,3.2,21.88,95.57,0.88
102546,Divya,INST-8357,12:45,633.7,48.1,41.7,44.4,81,8.4,15.2,22.9,22.25,92.41,1
102547,Divya,INST-6236,14:30,844.4,41.8,36.1,3,71,0.2,0,12.5,19.27,95.42,1.45
102548,Arun,INST-5362,19:45,0,21.5,22.2,73,76.3,7,4.7,12.1,20.46,94.9,0.18
102549,Meena,INST-2552,22:30,0,29.9,28.9,45.3,46.7,10.8,24.3,8.9,21.87,97.77,0.01
102550,Meena,INST-3285,23:45,0,41,40.8,72.4,23.6,1.7,13,28.4,21.57,92.72,0
102551,Akash,INST-8804,7:15,147.1,26.6,25.7,48.9,75.2,7.4,0.9,11,20.97,97.26,0.42
102552,Ravi,INST-9922,6:15,14.4,23.2,23.4,89.3,72.7,2.7,12.1,15.3,19.57,93.74,0.07
102553,Meena,INST-7173,6:15,11.1,30.9,31.9,76.9,66.8,13.3,3.5,23.1,19.71,94.37,0
102554,Meena,INST-8708,16:15,350.5,21.7,18.2,36.2,80.3,14.4,0,29.9,21.43,98.36,0.61
102555,Akash,INST-2803,21:45,0,35.9,35.2,81.8,88.2,5.7,23.4,28.8,18.51,94.93,0.12
102556,Kumar,INST-8690,0:15,0,28.2,26.3,74.8,55.2,11.4,18.8,20.9,19.48,92.67,0.2
102557,Kumar,INST-3012,19:15,0,30.8,31.7,34.3,77.9,10.7,0,5.3,22.78,93.56,0
102558,Ravi,INST-7418,5:30,0,33.4,31.9,39.3,27.1,7.5,0,8.2,19.21,92.45,0.02
102559,Arun,INST-6214,17:15,252.8,20.3,19.2,7.7,50.2,0.4,0,27.1,17.95,93.05,0.35
102560,Meena,INST-5960,19:00,0,30,28.7,44.7,61,5.7,11.1,12.8,21.76,96.09,0
102561,Arun,INST-2513,6:15,11.8,19.2,19.4,70.2,83.8,6.1,13.4,11.6,22.76,93.47,0
102562,Ravi,INST-9582,17:15,220.9,40.4,38.4,19,33.3,9,0,19.5,18.74,95.27,0.51
102563,Kumar,INST-7437,6:00,0,37.6,38.4,35.7,23.1,7,0,22.3,22.8,93.07,0.11
102564,Kumar,INST-4399,22:45,0,20.5,19.2,44.9,41.3,13.3,12.5,17.1,20.79,95.03,0.2
102565,John,INST-4646,21:00,0,21.1,20.3,38.3,71.7,5.8,0,7,19.25,93.25,0.1
102566,Arun,INST-9587,8:30,178.3,24.5,25,75.3,67.7,6.8,22.8,25.6,19.27,93.14,0.31
102567,Priya,INST-2705,20:00,0,29,30.6,60.9,48.7,14.7,10.4,1.3,20.96,92.42,0.15
102568,Ravi,INST-5852,13:00,502,36.2,32.7,57.3,58.3,9.5,2.6,24.7,19.28,97.74,0.99
102569,John,INST-2189,0:45,0,30,29.8,51.1,44,7.1,23.2,25.5,17.89,92.53,0
102570,Arun,INST-5486,4:15,0,31.1,31.7,81.9,75.7,12.7,0.3,2.3,17.41,98.48,0.07
102571,Arun,INST-9451,11:00,850,25.1,18.6,15.2,89.8,0.5,0,12.8,19.67,93.77,1.4
102572,Kumar,INST-4263,3:45,0,24.4,24.1,81.1,43.8,3.8,20.3,5.1,22.51,98.06,0.08
102573,John,INST-3912,5:00,0,24.2,22.3,85.7,87.5,1.1,19.7,5.4,20.05,98.02,0.07
102574,Arun,INST-2813,14:45,495.2,41.4,37.6,49.3,52.3,5,1.1,9.8,17.34,97.16,0.99
102575,Arun,INST-5563,23:00,0,31.4,32.4,38.5,38.5,14.5,0,22.5,19.19,97.19,0
102576,John,INST-7511,4:15,0,29.3,30.1,64.9,23.5,13.7,23.7,29.1,22.04,95.37,0
102577,John,INST-4448,19:30,0,36.6,35.6,32.3,75.3,0.3,0,6.7,17.16,94.88,0
102578,Priya,INST-5710,17:45,144.8,31.6,32.2,59,43.9,0.3,24.4,22.6,18.63,96.7,0.37
102579,Priya,INST-6481,18:00,0,19.9,21,75.3,56.6,1.6,15.4,14.5,18.73,95.29,0.08
102580,Priya,INST-2175,15:00,440.3,36.9,35.1,43.6,73.3,5.3,13.2,26.7,21.13,98.41,0.81
102581,Meena,INST-8975,6:45,0,26.6,27.1,26.4,20.4,2,0,11.8,21.38,97.37,0.14
102582,Divya,INST-5314,3:15,0,18.5,20.5,20.5,52.7,8.9,0,15,17.92,97.88,0
102583,John,INST-1077,9:15,410,22.3,20.8,52.3,49.7,11.6,8.2,29.2,19.24,96.83,0.62
102584,John,INST-1840,6:00,0,30.4,30.6,38.5,31.2,12.5,0,16.6,18.49,93.71,0
102585,John,INST-3567,19:15,0,22.1,23.3,80.5,66.8,14.7,6,11,21.44,98.18,0
102586,Meena,INST-4083,5:45,0,26.4,25,90.4,27,3.8,20.2,14.7,21.32,95.19,0
102587,Divya,INST-4304,21:45,0,19.9,18.9,88.5,91.5,0.6,24.6,13.8,17.41,94.17,0.13
102588,Akash,INST-6511,18:45,0,28.4,27.2,85.1,22.3,3,17.2,0.6,19.82,98.36,0
102589,Priya,INST-1838,16:00,374.4,39.2,34.2,26.4,43.5,9.4,0,8.3,18.29,95.32,0.71
102590,Arun,INST-2705,21:45,0,38,37.2,72.9,51.8,13.8,14.7,11.6,20.04,93.27,0
102591,John,INST-2149,3:00,0,38.4,38.6,41.1,61.7,10.7,11.2,27.4,22.65,94.7,0.12
102592,Arun,INST-9998,2:15,0,30.6,32.1,87.3,83.7,11.4,15.6,25.4,20.05,98.38,0
102593,Priya,INST-7624,0:30,0,35.4,34.7,28,62,5,0,11,19.79,93.59,0.08
102594,John,INST-4514,14:45,735.2,32.6,26.8,18.3,57.1,7.4,0,3.7,21.51,97.84,1.42
102595,Priya,INST-5439,23:30,0,20.4,19.4,20.2,22.7,6.7,0,12.3,17.89,97.42,0.2
102596,Ravi,INST-7927,9:00,491,34.1,29.7,40,59.3,2.4,18.3,15.1,22.39,97.24,0.91
102597,Divya,INST-4377,23:30,0,32.1,32.1,40.7,81.7,9,22.4,11.2,21.78,96.49,0.04
102598,Kumar,INST-7734,13:30,245.2,42.6,40.6,89.3,82.7,12.5,17.6,28.2,22.81,93.7,0.52
102599,Priya,INST-1980,22:30,0,32.9,32.1,35,46.6,10.7,0,1.7,19.58,97.65,0
102600,Meena,INST-4195,22:45,0,33.1,33.2,20.2,89.6,10.5,0,7.7,22.78,93.1,0
102601,Ravi,INST-1765,9:00,584.5,40.6,34.4,18.1,54.9,2.2,0,23.3,17,92.77,0.68
102602,Divya,INST-8679,3:45,0,35.1,35.8,54.4,50.8,12,7.4,30,19.75,95.99,0.04
102603,Ravi,INST-5818,6:00,8.8,27.7,29.1,43.8,84.8,12.7,11,4.3,19.09,93.73,0
102604,Kumar,INST-2093,10:30,210.3,30.7,29.6,89.6,24.1,4.2,20.2,29.7,20.07,98.87,0.17
102605,Kumar,INST-8140,19:00,0,39.1,39.8,51.3,79.7,5.3,16.6,5.5,22.46,93.66,0
102606,Divya,INST-4709,2:15,0,34.7,36.5,32.4,81,6.5,0,13.2,19.44,94.26,0.06
102607,Meena,INST-4838,23:15,0,33.7,33.1,42.2,71.9,6.2,14.1,6.6,18.34,93.17,0.19
102608,Akash,INST-2200,14:00,644.1,31,23.8,32.9,22.4,5,0,6.7,17.69,94.65,1.16
102609,Akash,INST-5859,11:30,348.4,22,20.6,74.9,53,14.9,8.7,11,19.99,94.55,0.81
102610,Meena,INST-1591,17:45,171.2,24.2,24.4,47.8,77.9,5.2,16.8,17.5,22.11,96.89,0.37
102611,Arun,INST-6209,17:45,158,25,23.9,53.7,22.6,9.7,8.4,10.4,19.2,95.38,0.38
102612,Divya,INST-6951,2:15,0,30.9,30.5,58,36.3,12.5,4.3,24.1,18.6,98.08,0.12
102613,Meena,INST-9682,20:00,0,33,33,73.5,71.6,1.7,23.4,12.5,17.54,93.94,0
102614,Meena,INST-3436,22:45,0,25.2,24,81.6,29.6,10.1,6.5,26.4,19.7,97.19,0
102615,Ravi,INST-2756,8:00,445.9,23.7,19.7,15.1,40.4,11.6,0,16.7,22.28,96.61,0.78
102616,John,INST-2956,4:45,0,31.4,29.7,61.2,38.7,10.9,13,0.5,20.09,97.64,0.04
102617,Ravi,INST-6401,20:00,0,23.2,24.4,63.7,41.2,12.6,8.5,1,22.03,92.79,0.09
102618,Ravi,INST-6555,12:15,749.7,42.2,35.3,30.7,80.8,8.9,0,1.1,18.11,92.74,1.15
102619,Priya,INST-2592,13:45,550.9,45.8,39.4,51.2,25.6,13.7,22,27.2,22.78,97.81,1.17
102620,Arun,INST-9285,3:15,0,34.8,35.4,76.5,59.3,2.9,19.4,1.5,21.91,93.87,0
102621,John,INST-6259,19:00,0,28.8,27.3,87.8,31.1,3.7,2,25.3,21.47,94.59,0.19
102622,Meena,INST-9117,22:00,0,27.3,27.4,80.7,84.5,7.7,2.4,0.7,22.88,96.37,0.14
102623,John,INST-4852,16:45,375,25.8,24.5,26.2,48.9,13.1,0,21.2,20.38,94.26,0.76
102624,Arun,INST-3082,7:00,153.2,26.7,24.5,42.5,93.7,13.8,9.6,2.8,18.12,92.69,0.14
102625,Meena,INST-6948,15:30,533,32.6,30.1,28.9,44.2,7.6,0,17.3,18.87,98.75,0.91
102626,Meena,INST-5444,20:30,0,34.1,34.2,87.2,59.8,8.5,23.2,3.7,18.03,95.03,0
102627,Akash,INST-4213,5:30,0,33.6,32.3,73.1,91.4,6.5,4.1,7.2,20.23,92.58,0
102628,Meena,INST-4779,8:00,304.9,36.1,32.6,47.9,45.8,5.1,24.8,25.1,21.93,97.45,0.38
102629,Arun,INST-9420,0:00,0,30.6,29.9,88.9,22,1.9,7.4,26,17.11,97.24,0.06
102630,John,INST-5382,14:15,368.1,29.7,24.7,69.9,82.9,4.2,6.2,2.2,21.46,93.3,0.62
102631,Priya,INST-9660,13:45,280.1,37.2,33.3,87,51.7,7.3,18.6,14.1,20.88,92.95,0.33
102632,Priya,INST-2302,21:00,0,31.3,31.2,43.6,38.5,7,13.9,11.8,21.75,96.5,0
102633,Divya,INST-6665,20:15,0,42.1,40.4,35.1,30.7,4.9,0,17.7,22.65,92.91,0
102634,Meena,INST-9069,15:45,297,26.3,24.1,69.3,45.4,2.5,2.7,24.1,20.15,94.41,0.33
102635,John,INST-9623,9:45,168.4,28.6,27.1,89.6,63.7,5.9,19.1,14.7,21.99,98.11,0.21
102636,Ravi,INST-5675,14:30,286.4,42.7,39.2,81,38.5,10,19.8,9.3,21.52,92.39,0.5
102637,Kumar,INST-3910,16:30,415.3,24.7,19.3,21.7,90,4.7,0,2.4,19.52,96.66,0.83
102638,John,INST-7742,23:45,0,31.8,30.6,71.6,59,11.4,12.9,13,21.31,97.22,0
102639,Kumar,INST-6334,19:30,0,27,25.9,82.4,30.1,14.6,2.9,16.8,21.49,93.21,0.18
102640,Meena,INST-1846,2:30,0,30.1,29.9,56.9,30.3,10.1,12.6,23.5,19.27,97.81,0
102641,Divya,INST-8614,18:00,2.2,34.4,33.2,63.7,79.6,0.3,13.8,19.3,17.14,92.21,0.1
102642,Arun,INST-9267,13:45,529.9,29.4,25.7,53.7,44.3,5.1,6.3,17.5,21.53,92.3,1.04
102643,Divya,INST-2608,20:00,0,19,18.2,73.1,67.3,5.3,17.4,27,18.64,96.61,0
102644,John,INST-7456,13:30,441.2,28.9,25.1,63.3,84,14.2,8.6,13.7,20.52,93.09,0.72
102645,Arun,INST-4557,8:15,204.8,25,23.6,68.3,48,6.7,12.1,13.3,18.5,97.06,0.47
102646,Akash,INST-6485,17:45,184.5,20.4,19.7,29,68.5,6.6,0,2.8,17.01,98.39,0.13
102647,Arun,INST-9355,0:45,0,34.2,33.8,26.8,22.6,12.6,0,29.9,19.36,96.96,0
102648,Divya,INST-5472,15:15,302.1,38.4,36,71.4,76.3,2.6,19.2,11,19.54,96.6,0.44
102649,Ravi,INST-4572,4:30,0,29.2,27.3,80.6,88.8,5.6,3.6,10.9,20.19,97.09,0.16
102650,Divya,INST-4389,10:00,560.2,23.1,20.2,42.7,57.4,7.8,5.6,17.9,21.87,97.89,1
102651,Akash,INST-2179,5:45,0,33.2,32.6,27.1,65.6,9.8,0,20.1,18.42,97.4,0
102652,Divya,INST-6468,12:30,811.5,43.4,36.3,23,24.8,9.1,0,10.1,22.33,94.81,1.83
102653,Ravi,INST-7453,6:45,17,35.4,37,13.1,70.9,5.8,0,1.7,20.06,98.09,0.22
102654,Ravi,INST-5922,16:00,475.7,32.2,26.7,8.1,76.5,13.1,0,20.6,19.86,96.42,0.89
102655,Kumar,INST-7809,11:15,621.4,28.3,21.9,43.4,43.8,11.2,9.8,13.8,21.18,94.34,1.08
102656,Ravi,INST-8769,2:15,0,39.6,40.1,75.5,77.4,14,8.1,21.1,18.1,97.75,0
102657,Ravi,INST-3085,18:15,7.8,22.5,20.5,19.5,49.3,8.6,0,14.1,18.57,92.14,0
102658,Akash,INST-9929,17:30,244.1,20.6,20,6.8,65.6,1,0,8,21.2,96.52,0.3
102659,Meena,INST-7777,2:45,0,41.2,41.7,54.9,61.8,2.3,5.5,11.1,22.3,96.84,0
102660,Divya,INST-1423,13:15,968.4,44.7,36.4,0.5,85.2,2.7,0,27.9,21.78,94.5,1.57
102661,Divya,INST-9636,19:45,0,34.2,35.4,28.3,80.2,9,0,12.3,19.91,93.1,0.01
102662,John,INST-9172,8:45,390.5,22.8,18.8,24.9,87.3,3.7,0,22.7,22.54,92.86,0.74
102663,Meena,INST-1807,16:00,148.7,28.2,27.7,84.1,90.2,5.3,0.6,20.3,20.26,96.55,0.19
102664,Ravi,INST-2783,0:45,0,31.7,29.8,58.9,39,6.5,14.7,13.4,21.87,97.11,0.18
102665,Akash,INST-4176,12:30,701.7,45.2,40.5,35,81.3,6.6,0,22.3,19.45,93.6,1.31
102666,Arun,INST-3559,22:45,0,20.5,22.1,93.6,89.4,5.2,4.5,14.5,18.24,98.2,0
102667,John,INST-6131,1:30,0,19.9,20.8,97.1,44,9.5,6.3,3.9,19.5,96.37,0.15
102668,Akash,INST-3684,19:00,0,40.7,40.8,41.6,37.7,14.6,9.4,17.2,21.51,98.55,0.03
102669,Priya,INST-8193,9:45,178.3,28.8,28.5,87.9,53.1,7.9,8.8,13.5,18.8,97.23,0.38
102670,Meena,INST-6934,14:00,719.1,37.7,32.7,22,39.7,14.4,0,21.7,22.6,92.45,1.31
102671,Meena,INST-3966,10:45,702.1,30.3,24.7,22.6,31.8,2.1,0,15.2,20.09,95.11,1.19
102672,Priya,INST-2333,17:45,194.1,40.7,38.9,29.9,93,1.9,0,5.6,20.57,96.47,0.19
102673,Ravi,INST-6303,18:00,0,19.6,20.7,28.8,44.2,5.5,0,1,21.38,92.47,0
102674,John,INST-4029,9:45,646.8,42.7,38.9,11.3,30.1,9.2,0,7.4,22.3,92.39,1.47
102675,Akash,INST-6508,7:15,198.3,40.2,39,33.5,90.9,4.7,0,27.2,20.51,95.79,0.36
102676,Arun,INST-9253,5:00,0,40.1,40,67.6,62,11.5,8.1,14.1,20.91,95.86,0.11
102677,Divya,INST-4118,14:45,708.8,34,29.3,22.3,68.1,7.7,0,7.4,19.62,94.69,1.08
102678,Divya,INST-9168,16:30,170.3,39.4,37,83.7,71.5,4.4,24.9,19.9,19.66,92.98,0.24
102679,Ravi,INST-2338,0:45,0,35.8,35.1,69,31.1,5.3,11.2,4.8,18.74,93.66,0
102680,John,INST-2284,23:30,0,20.7,20.9,54,44,8.8,21,28.7,22.67,95.1,0
102681,Meena,INST-2483,22:45,0,42.3,41.6,73.6,42.8,7.4,17.8,22.9,21.14,97.64,0
102682,Akash,INST-6549,19:45,0,32,30.5,31.4,90.9,0.5,0,13.6,21.19,92.17,0
102683,Kumar,INST-1744,13:45,623.7,24.7,21.1,40.4,49.1,3.6,11.2,0.8,22.59,95.38,1.52
102684,Meena,INST-4676,14:15,812.7,40.9,35.4,10,26.3,7.1,0,14.4,17.02,98.2,1.34
102685,Ravi,INST-9670,11:15,944.1,42.3,34.4,3,93.3,6.4,0,28,20.1,92.87,1.49
102686,Kumar,INST-9777,12:45,744.6,46.5,40.4,30.2,47.9,14,0,16.9,19.69,93.7,1.41
102687,Meena,INST-5761,3:00,0,36.4,35.9,45.5,86.6,7.2,16.5,10.6,17.07,92.27,0
102688,Priya,INST-1422,20:30,0,29.3,30.7,84.5,45.7,7.6,18.9,23.5,20.78,92.33,0
102689,John,INST-2870,0:30,0,19.3,19.4,26.9,91.2,11.4,0,17.4,17.7,94.65,0.01
102690,Priya,INST-8014,21:00,0,33.8,33.2,26.9,92.7,1.3,0,19.4,17.1,93.93,0.07
102691,Meena,INST-1737,1:00,0,25.7,25.5,89.7,22.5,9.6,14.7,3.9,19.87,94.84,0.16
102692,Ravi,INST-7298,9:30,369.6,37.6,33.6,56.1,83.9,9.7,12.7,1.2,21.07,97.52,0.71
102693,Kumar,INST-7610,9:45,619.4,33,26.7,12.6,88.7,1.5,0,1.2,21.38,93.65,1.06
102694,John,INST-4014,8:30,272.3,36.3,32.7,58.2,50.5,10.5,16.8,1.1,17.24,92.24,0.37
102695,Ravi,INST-5476,22:45,0,21.2,22,59.7,42.6,10.3,9.4,22.2,17.31,96.06,0.18
102696,Kumar,INST-2204,15:00,202.1,22.1,20.8,85.7,50.5,8,14,6.7,17.11,98.01,0.35
102697,Akash,INST-2779,21:15,0,25.2,26.8,64,38.9,3.9,10.2,29.9,19.22,93.62,0
102698,Meena,INST-4588,13:00,869.9,36.8,30,11.5,77.8,2.4,0,22.7,22.32,94.48,1.63
102699,John,INST-9000,8:30,468.5,35.5,31.5,3.3,78.8,1.8,0,27.1,20.91,92.63,0.72
102700,Divya,INST-2540,13:00,305.3,44.4,40.5,80.4,39.9,13.6,6.3,2.6,19.5,92.26,0.45
102701,Priya,INST-7061,5:45,0,42,41.2,40.9,57.5,9.5,15,23.7,21.43,94,0.19
102702,John,INST-2414,21:00,0,41.6,40.4,86.8,61.8,3.8,12.6,24.9,17.81,96.22,0.12
102703,Kumar,INST-8278,7:45,87.6,24.9,25.5,83.8,55.6,6.3,17.6,14.6,20.96,92.85,0.13
102704,John,INST-1055,5:45,0,21.3,22.6,75.5,31.6,5.3,9.6,16.7,17.86,98.61,0.09
102705,Priya,INST-4404,17:30,91.1,25.7,26.6,84.5,20.7,10,6.8,4,22.81,94.53,0.05
102706,Divya,INST-6558,0:30,0,31.5,31,52.2,58.3,4.1,21.9,27.7,21.18,95.07,0
102707,Arun,INST-7410,6:15,7.7,23,22.4,27.6,56.7,14,0,22,18.49,94.85,0
102708,Kumar,INST-4995,4:45,0,29.6,28.7,30,52.9,6.5,0,18.4,22.47,97.55,0.14
102709,John,INST-7304,17:45,132.9,26.9,25.1,57.6,93.2,4.3,15.2,5.8,17.44,94.92,0.15
102710,Divya,INST-3572,23:45,0,25.5,24.3,52.7,92.3,0.1,17.2,6.9,20.89,98.28,0.06
102711,Kumar,INST-4059,1:15,0,21.8,21,26.1,78.3,13.1,0,14.5,20.58,94.39,0
102712,Kumar,INST-9749,7:15,226.2,39.6,37.1,18,86.5,1.4,0,0.5,19.39,93.96,0.54
102713,Arun,INST-5088,13:15,591.1,42.7,38.9,48.4,59.6,10.4,22.9,19.3,19.19,93.36,0.8
102714,John,INST-4948,18:45,0,28.7,29.6,49,26.5,4.8,20.1,0.6,19.27,94.98,0
102715,Arun,INST-4861,22:45,0,23.1,25,48.3,30.6,13.7,16.3,24.3,18.87,98.66,0.02
102716,Arun,INST-3369,10:00,453.4,40,34.7,57.4,87,14.4,2.5,23.8,18.47,92.3,0.65
102717,Priya,INST-1988,16:30,480.5,34,29.5,3,63.6,13.8,0,0.5,17.82,96.31,0.83
102718,Ravi,INST-8825,20:30,0,41.1,40.9,34.7,51.4,5.6,0,29.4,18.29,95.87,0.11
102719,Arun,INST-2863,9:00,461.5,43.7,41.7,39.8,71.4,6.8,0,27.7,21.53,96.05,0.7
102720,Ravi,INST-3540,0:00,0,37.6,37,47.3,33.3,11.9,12.1,19,22.91,98.55,0
102721,Meena,INST-8354,19:15,0,21,22,25,28.8,5,0,5.2,20.58,97.78,0
102722,Divya,INST-3861,10:30,833.7,41.8,34.1,3.3,61.3,14.3,0,26.8,19.94,98.18,1.33
102723,Priya,INST-9288,17:45,100.4,25.5,24.4,70.9,24.3,12.2,20.8,17.2,21.42,93.89,0.16
102724,Akash,INST-7735,19:15,0,28.3,26.4,58.2,68.7,9.7,7,27.5,20.26,95.78,0
102725,Ravi,INST-9188,23:45,0,31,32.8,97.5,34.1,6.7,3.6,18.9,17.47,93.59,0
102726,Ravi,INST-5632,6:15,12.2,26.8,27,21.3,51.5,0.3,0,1.5,18.87,92.22,0.18
102727,Kumar,INST-4420,10:15,878.8,28,22,0.6,92.9,0.8,0,17,17.46,94.71,1.24
102728,Akash,INST-7530,7:15,219.9,21.3,19.3,10.5,31.7,1.6,0,1.9,17.51,95.14,0.4
102729,John,INST-6184,14:30,846.5,40.1,32.5,4.2,47.1,8.3,0,17.9,21.26,92.04,1.64
102730,Meena,INST-7767,14:15,438.1,30.6,28,57.4,64.9,1.3,20,7.2,18.09,92.77,0.77
102731,Ravi,INST-3458,22:15,0,42.5,41.3,84.5,48.2,14.9,1.4,12.4,21.45,92.15,0
102732,Arun,INST-4166,11:45,638.5,39.6,33.9,39.6,47.5,1.3,0,10.1,17.91,96.99,1.2
102733,Divya,INST-6699,5:45,0,25.4,25.6,98.8,88.5,9.4,22.8,27.7,20.57,97,0
102734,Kumar,INST-2616,15:00,557.1,23.9,20.2,28.6,74.2,1.7,0,8.8,21.84,94.18,1.04
102735,John,INST-7823,14:15,824.6,28.1,22.9,6.7,75.6,13.4,0,26.5,18.58,96.01,1.44
102736,Akash,INST-7591,19:30,0,41.3,40.7,44.8,60.7,7.1,20.4,5.8,17.04,92.86,0.19
102737,Priya,INST-9076,12:00,649.3,29.9,23,41.5,28.5,10.1,11.3,16,22.14,96.65,1.29
102738,Priya,INST-8455,5:00,0,41,41.2,95,48.6,14.3,10.5,0.4,17.38,92.45,0.11
102739,Meena,INST-5763,4:45,0,36.5,35,77.8,61.5,14.4,21.3,2.3,19.53,93.96,0
102740,Arun,INST-5963,21:00,0,26.1,24.1,86.9,43.8,4.4,9.9,13.1,18.65,97.27,0
102741,Kumar,INST-2023,20:45,0,37.7,39.2,91.6,25.5,1.2,23,7.9,17.33,95.63,0.18
102742,Meena,INST-2602,20:30,0,25.4,23.7,69.1,51.7,4.8,1.6,22.6,18.72,93.8,0
102743,Kumar,INST-2614,13:30,538,33.9,28.3,52.2,68.4,4.3,2.4,26.4,19.85,99,0.98
102744,Kumar,INST-5761,20:45,0,37.5,37,79.4,76.8,0.2,12.4,18,21.1,96.47,0.01
102745,Meena,INST-8419,23:45,0,32.4,31.4,24.3,37.1,0.2,0,3.2,21.04,96.44,0.19
102746,John,INST-9002,9:45,570.3,30,23.3,21.6,82.2,12.8,0,14.1,19.59,96.22,0.81
102747,Akash,INST-9224,11:15,354.7,27.4,23.8,75.2,83.1,7.3,21.6,1.5,22.9,97.57,0.67
102748,Ravi,INST-2353,23:00,0,33.1,32.9,61.5,72.2,4,0.4,18.6,18.01,92.15,0.09
102749,Meena,INST-1532,19:30,0,31.7,31.7,58.6,59.8,6.7,3.8,11.9,17.3,98.62,0.1
102750,Arun,INST-5718,2:45,0,20.7,20.3,95.2,84.6,0.5,17.2,21.7,22.39,97.8,0.12
102751,Arun,INST-8994,16:00,309.9,38.9,35.7,45.9,49.5,12,2.2,3.7,22.76,97.75,0.66
102752,Meena,INST-3286,17:15,122.9,25.9,23,70.1,33.9,5.9,12.5,10.4,21.95,96.96,0.13
102753,Meena,INST-8027,3:45,0,27.5,29.1,34,92.4,1.4,0,8.4,18.05,96.57,0
102754,Arun,INST-4302,10:45,714.6,31.7,24.1,20.9,27.6,13.4,0,21.7,17.07,93.77,0.83
102755,Kumar,INST-8883,8:00,361.7,23.4,19.6,33.3,41.6,5.1,0,29.3,20.98,98.97,0.5
102756,Meena,INST-4706,20:00,0,31.2,31.8,89.1,83.6,10.3,12.3,18.2,22.81,96.25,0
102757,Arun,INST-9004,6:45,0,24.2,23.3,52.6,27.5,14.4,19.6,2.1,20.5,92.6,0
102758,Priya,INST-2206,7:15,230.1,27.3,25.9,4.6,77.4,0.7,0,26.1,19.43,96.04,0.56
102759,John,INST-2697,5:15,0,34.2,35.5,31.2,84.2,13.6,0,16.7,21.71,95.67,0
102760,Divya,INST-1970,23:30,0,36.4,37.9,36.6,56,14.8,0,29.2,20.37,95.08,0.01
102761,Divya,INST-3776,3:15,0,21.9,20.7,96,75.5,2.8,9.4,1.6,17.04,98.97,0.04
102762,Divya,INST-2107,11:00,496.4,33.1,28.8,56.2,40.2,9,14,23.2,18.48,92.02,0.72
102763,John,INST-8170,23:15,0,21.5,20.3,63.5,53.4,10.1,14.4,11.9,18.84,94.56,0
102764,Divya,INST-8999,0:00,0,23,23.6,45.7,68.8,7.6,3.3,6.1,18.58,97.06,0.07
102765,Ravi,INST-3935,18:15,0,35.9,37.3,46.6,88.3,4.2,12,29.3,21.58,98.73,0.01
102766,Meena,INST-4591,14:00,218.7,26.2,25.1,89.3,83.7,14.2,5.4,1,21.63,94.67,0.41
102767,Divya,INST-1997,20:45,0,38.1,39.7,37.1,63,14.8,0,21.6,21.18,98.99,0.2
102768,Meena,INST-6520,23:15,0,22.7,23.9,22,28.6,2.9,0,20.6,18.38,95.45,0
102769,Divya,INST-1137,6:45,6.1,17.1,18.7,51.5,60.4,2.1,1.3,0.4,22.91,94.6,0
102770,Divya,INST-3357,3:45,0,26.4,24.5,34.6,42.4,4.5,0,16.8,22.59,93.71,0
102771,Meena,INST-1993,13:30,364.4,34.9,32.5,75.1,86.8,5.8,22.9,13.2,20.81,92.91,0.78
102772,Arun,INST-1560,19:30,0,39.4,37.5,58.1,21.7,3.5,17.4,21.1,17.07,98.85,0
102773,Akash,INST-9840,23:30,0,30.3,28.5,42.2,53.5,15,17.4,16.2,17.48,97.1,0
102774,Arun,INST-1550,10:30,848.3,32.1,26.7,5,87,5.5,0,20.7,18.95,95.39,1.57
102775,Ravi,INST-3855,1:00,0,34.7,33.5,78.3,65.1,9,6.1,27.7,17.14,93.57,0
102776,Priya,INST-5967,1:30,0,30.5,30.9,79,55.9,8.6,21.1,23.5,18.63,95.03,0
102777,John,INST-1091,1:00,0,23.1,25.1,23.2,73.5,3.8,0,10.8,20.74,94.7,0.12
102778,John,INST-9773,14:30,751.6,32.6,24.8,15.3,63.6,2.1,0,8.5,19.55,94.21,1.29
102779,Priya,INST-4152,16:00,242.8,36.1,35.7,62.7,58,2.6,22.3,23.8,19.3,93.24,0.45
102780,Ravi,INST-2925,11:30,522.4,26.7,20.6,54.1,52.9,12.6,21.3,23.3,18.54,96.42,0.9
102781,Divya,INST-8933,23:45,0,39,37.6,90.2,27.6,0.6,24.1,6.9,21.94,96.9,0
102782,Divya,INST-7586,15:00,613.4,31.8,27,14.6,39,4.4,0,11.4,19.52,94.56,1.25
102783,Arun,INST-5117,21:30,0,32.9,33.9,26.7,58.1,11.6,0,26,22.14,97.57,0.15
102784,Arun,INST-5454,23:30,0,40.8,40.4,81.4,73.3,11.7,11.4,21.5,22.87,92.65,0.14
102785,John,INST-9687,18:30,0,33.4,33.9,1.8,83.8,13,0,7.7,19.43,98.17,0.12
102786,Arun,INST-5738,17:45,155.8,29.7,29.4,50.4,49.8,9.6,20.1,12.5,18.53,96.01,0.43
102787,Divya,INST-9702,1:30,0,38,38.6,39.9,62.2,12.8,0,13.6,19.54,97.93,0.03
102788,John,INST-8234,13:45,660.3,31.3,27.6,38.9,65.8,8.8,0,18,22.36,93.15,1.39
102789,Arun,INST-6611,18:15,0,33.3,31.9,10.2,83.5,8,0,10.7,21.51,95.13,0.03
102790,Ravi,INST-7140,20:45,0,24.7,23.1,78.7,64.3,10.1,24.5,14.5,20.97,97.99,0.11
102791,Divya,INST-8885,3:30,0,38.7,37.3,22.7,55.1,13.9,0,4,19.19,98.66,0
102792,Priya,INST-6897,11:30,771.7,40.9,33.4,23,71.9,13.2,0,9.6,21.87,92.93,1.45
102793,Kumar,INST-9038,8:30,151.8,28.8,26.6,84,73.2,9.8,9.8,25,21.52,94.87,0.17
102794,Meena,INST-5448,5:00,0,39.7,41.6,76.7,62.4,5.1,5.4,0.3,19.7,95.29,0.09
102795,Arun,INST-9650,20:15,0,32.4,31.7,58,86.1,7.5,23.7,16.7,22.95,97.89,0.15
102796,Akash,INST-7604,0:15,0,28.6,28.2,52.8,22.3,9.5,19.4,13.1,22.25,93.85,0
102797,John,INST-4220,22:30,0,41.5,41.1,23.7,49.9,1.5,0,10.6,19.87,98.09,0
102798,John,INST-3286,8:45,479.9,33.8,31.5,9.6,28.4,2.9,0,20.4,20.49,92.15,0.95
102799,Divya,INST-3844,10:15,626.4,37.2,32.6,31,66,8,0,14.4,20.06,93.46,1.08
102800,Ravi,INST-1346,16:00,436.4,40.9,36,17.7,63.5,2.1,0,28.4,19.88,93.62,0.83
102801,Akash,INST-3876,8:30,443.5,39.1,34.7,8.8,67.9,13.6,0,18.4,17.71,96.86,0.72
102802,John,INST-7889,8:00,426.9,34.8,31,22.3,94.5,13.6,0,7.9,22.49,96.13,0.72
102803,Priya,INST-3377,0:15,0,33.1,31.5,86.1,93.6,14.9,15.1,11.5,19.59,95.03,0.03
102804,Arun,INST-4552,18:30,2.3,22.9,23,74.4,86,10.1,22.1,8.6,17.95,95.51,0
102805,Divya,INST-8853,7:30,142.1,27.9,25.8,56.5,20.7,14.7,4.5,13.5,21.74,96.79,0.11
102806,Divya,INST-4348,2:45,0,20.5,19.1,32.7,46.4,2.4,0,13.3,20.64,93.95,0.14
102807,John,INST-9372,7:45,249.1,38.4,35.2,12.9,56.6,13.3,0,22,22.28,95.69,0.61
102808,Priya,INST-3809,16:45,334.3,32.3,29.5,39.8,60.4,13.8,0,2.5,18.77,95.1,0.67
102809,Arun,INST-7179,19:45,0,37.2,38,45.1,75.8,7.3,1.9,15.4,17.84,94,0
102810,Ravi,INST-8539,3:00,0,35.7,36.6,30.8,79,3.7,0,1.7,22.56,94.96,0
102811,Priya,INST-5769,19:45,0,24.7,26.6,37.8,63.7,5.6,0,27.1,20.97,92.21,0
102812,Meena,INST-9374,9:30,511,43.5,40.9,35.6,36.4,0.9,0,1.4,21.18,92.46,1.06
102813,Divya,INST-5509,18:15,18,28.6,26.6,8.3,80.1,15,0,0.2,22.66,96.94,0.12
102814,Divya,INST-4491,14:15,716.5,44.1,37.5,21.2,26.3,13.3,0,0.2,20.96,98.61,1.51
102815,Akash,INST-3563,2:15,0,22.7,21.8,93.5,87.2,0.2,0,2.3,20.15,94.34,0.14
102816,Akash,INST-7600,1:15,0,23.9,25.5,93.2,91.3,3.7,13.6,1.2,18.66,95.3,0
102817,Ravi,INST-1533,9:30,695,43.4,35.9,4.7,73.1,8.6,0,9.8,22.8,98.26,1.65
102818,Akash,INST-1952,4:45,0,37.9,36.7,52.5,72.7,4.1,23.2,22.7,22.98,96.25,0
102819,Meena,INST-5205,16:30,351.7,30.7,26.4,33.8,32.7,4.6,0,25.9,21.54,94.71,0.78
102820,Akash,INST-2796,23:45,0,22.6,24.2,47,58.9,7.5,12.5,23.8,18.8,95.91,0.12
102821,Akash,INST-1909,11:00,282.4,37.9,34.1,85.3,46.6,7.4,13.9,12,21.43,94.67,0.72
102822,Ravi,INST-5303,8:30,457.7,46.4,41.6,8.2,66.8,13.9,0,23,21.49,95.46,0.88
102823,Ravi,INST-6677,1:00,0,20.7,21,46.3,58.4,6.2,19.3,5.3,20.06,98.14,0.18
102824,Divya,INST-1704,9:15,568.4,36.3,31.5,22.9,42.1,13.1,0,27.8,19.67,94.68,0.93
102825,Divya,INST-1173,1:45,0,38.5,39.6,62.8,47,7.1,16.8,6.8,21.49,97.51,0
102826,Priya,INST-1776,10:30,785.5,24.7,20,10.9,79.7,6.5,0,2.4,21.99,95.2,1.73
102827,Priya,INST-9796,0:00,0,40.1,39.9,91.9,33.4,4.3,9.2,13.7,17.62,96.38,0.17
102828,Divya,INST-1749,13:45,619.8,36.3,32.5,43.9,82.1,8.3,5.8,17.6,17.7,93.44,1.12
102829,Arun,INST-2814,11:15,625.2,31.9,26.7,40.7,36.7,6.3,20.7,27.3,18.68,96.82,1.13
102830,Priya,INST-3794,21:00,0,31.1,32,47.6,41.5,7,22,11.7,21.41,95.73,0.14
102831,Ravi,INST-2484,5:15,0,26.2,27.7,47.4,59.9,6.2,18.6,25.8,20.24,93.04,0
102832,Ravi,INST-2144,12:15,471.1,30.4,27.6,64.6,24.7,13.5,23.2,18.6,22.31,96.36,0.85
102833,Akash,INST-8178,12:00,669.8,46.8,41.6,39.2,80.4,5.2,0,25.8,22.54,97.22,1.22
102834,Ravi,INST-3175,11:15,250.4,33.5,29.7,88.3,80.7,9.3,4.4,26.2,19.16,97.64,0.6
102835,Ravi,INST-7344,19:30,0,29.7,28.5,21.5,54.7,3.1,0,28.8,20.9,95.91,0.16
102836,Kumar,INST-5710,3:00,0,33.1,33.4,98.6,44.2,4.4,7.2,28.8,22.77,97.96,0.1
102837,Kumar,INST-1447,0:30,0,24.7,23.4,54.4,82.7,10.7,0,16,21.18,98.66,0
102838,Ravi,INST-7288,8:15,328.6,20,18.1,42.3,86.3,14.7,15.9,28.4,21.49,97.75,0.42
102839,Divya,INST-1241,4:45,0,30.5,31.8,72.4,54.2,3.9,2.8,5.6,21.11,97.38,0
102840,Ravi,INST-2937,19:30,0,25.8,25.9,93.2,87.7,7.6,0,8.5,19.91,92.17,0
102841,Arun,INST-9214,10:00,571.2,26.2,23.4,40,72,14.4,0,10.8,18.92,94.59,0.79
102842,Kumar,INST-6398,5:30,0,20,20.2,57.4,58.3,10.1,24.5,10.4,21.32,92.85,0.19
102843,Priya,INST-9693,20:30,0,19.6,18.6,27,81.6,1.5,0,0.7,21.28,97.77,0
102844,Ravi,INST-5503,23:30,0,28.7,28.3,25.4,82.8,3.2,0,23.2,19.84,96.9,0
102845,Akash,INST-5345,14:15,547.7,27.7,22.9,46,31.3,5.5,21.3,18.1,19.25,92.36,0.85
102846,Akash,INST-1743,14:00,782.6,43.7,38.3,13.4,35.4,12.7,0,18.5,17.82,94.19,1.39
102847,Priya,INST-4634,13:45,561.5,31.8,28.3,52.1,52.1,10.2,4.9,19.7,22.41,98.78,1.2
102848,John,INST-7108,13:00,709.4,39.9,32,33.1,88.7,5.7,0,7,20.92,98.85,1.43
102849,Divya,INST-7731,7:15,79.8,19.8,21.1,87.8,31.7,12.4,6,6.7,20.11,96.42,0.05
102850,Akash,INST-1066,4:30,0,36.1,35.4,22.2,57.2,3.9,0,0.7,18.86,97.42,0.02
102851,Akash,INST-7218,13:30,639.9,38.5,33.7,42.1,75.4,7,11.9,15.2,19.51,94.99,1.06
102852,Ravi,INST-6847,6:45,0,31.4,31.3,17.4,92.1,3,0,26.5,17.26,95.22,0
102853,Arun,INST-5826,14:45,840.8,33.8,26.7,4.5,89.2,2.1,0,0.1,20.04,96.38,1.74
102854,Akash,INST-4082,12:45,623.9,28,22.2,47.5,25.1,6.4,23.7,11.6,17.08,97.43,1.14
102855,Priya,INST-3615,15:00,556.5,31.7,26.9,28,40,4.8,0,27.9,19.53,97.43,0.98
102856,Arun,INST-3568,20:30,0,33.8,32.7,28.1,94.5,6.6,0,6.5,17.25,92.44,0
102857,Ravi,INST-9946,11:30,780.7,35.7,28.9,23.2,90.8,12,0,8.2,22.67,93.73,1.49
102858,Meena,INST-9834,12:45,318.4,28.7,27.3,82.4,36.2,10,12.6,0.9,21.22,97.23,0.62
102859,Ravi,INST-6245,20:45,0,25.9,25.3,70.8,59.8,10.9,0.2,21.1,19.67,93.21,0.19
102860,Meena,INST-4951,14:00,793.1,45.7,39,11.4,21.7,14.9,0,2.4,21.72,94.24,1.61
102861,Priya,INST-4849,20:45,0,21.1,19.9,36,93,1.8,0,14.3,19.03,98.88,0
102862,John,INST-5129,7:15,96.6,31.7,31.1,75.2,74.2,0.6,16.2,18.5,19.45,92.94,0.17
102863,Ravi,INST-8217,16:30,227.9,42.5,39.5,64.3,44.9,6.7,10.2,11.6,17.7,96.3,0.36
102864,Meena,INST-8003,10:15,654.5,42.5,38.5,28.4,45.1,11.8,0,12.1,18.05,93.25,1.08
102865,Divya,INST-3654,4:45,0,24.2,24.5,57.8,21.8,4.7,19.3,3.1,20.1,95.07,0.17
102866,Kumar,INST-7670,21:15,0,34,32.8,99.1,82.6,10,15.1,11.7,17.93,96.53,0
102867,Akash,INST-4059,18:45,19.3,19.1,19.4,80.4,48,4,13.9,16.8,18.87,95.43,0.2
102868,John,INST-3636,13:15,622.5,22.9,18.1,43.3,23.9,1.2,20.5,12.4,18.71,94.73,1.17
102869,Akash,INST-2236,9:00,420.9,22,18.2,51,52.2,5.3,16.7,26.2,18.85,98.6,0.85
102870,Kumar,INST-1634,1:00,0,29.5,30.5,58,50,9.8,21.7,21.8,22.17,96.56,0
102871,Ravi,INST-6157,5:15,0,34.5,34.2,47.2,90,6.9,23.3,5.9,19.99,98.71,0
102872,Akash,INST-7501,11:45,537.6,38.7,36,51.3,59.9,10,18.8,2,17.71,95.46,0.79
102873,John,INST-1015,20:15,0,40.4,40.8,48.6,33.2,14.7,24.8,27.2,18.54,94.17,0.03
102874,John,INST-7781,10:15,277,40.5,39.9,82.6,44,2.9,12.5,14.7,22.1,92.56,0.72
102875,Ravi,INST-3571,16:30,252.2,26.1,22.6,63.1,87.7,8.2,18,10.3,20.6,98.3,0.48
102876,Meena,INST-4068,1:30,0,35.7,34.2,77.9,32.3,11.8,13.2,23.5,22.5,97.34,0
102877,Priya,INST-7543,8:15,498.7,39.2,33.1,1.8,65.2,7.4,0,21.1,18.77,97.42,0.71
102878,Arun,INST-6064,11:45,603.3,45.8,40,47.3,74.9,13.2,1.3,29.9,22.39,98.6,0.98
102879,Akash,INST-5488,19:45,0,39.8,38.8,32,58.2,9.9,0,8.9,20.38,92.07,0
102880,Priya,INST-1356,1:45,0,23.7,25,64.7,58.1,8.7,6.2,11.4,18.56,92.85,0
102881,Akash,INST-6824,16:30,138.6,39.6,36.6,86.4,85,2.7,12.9,2.1,19.05,94.55,0.27
102882,Priya,INST-6925,16:30,421.4,29.4,26.4,20.6,92.1,9.8,0,29.8,18.34,93.43,0.52
102883,Ravi,INST-8657,22:00,0,19.9,18.5,61.1,36.2,14.1,6,9.9,20.89,93.67,0.17
102884,John,INST-6343,19:00,0,23.8,23,79.4,82.5,2.3,4.1,19.1,21.76,93.28,0
102885,Arun,INST-2550,21:00,0,24.3,24.3,45.5,61.5,8.8,19.2,19.1,19.73,95.41,0
102886,Ravi,INST-8273,0:30,0,35.9,35.3,95.8,89.9,5.8,5.4,13.3,18.08,93.79,0.06
102887,Kumar,INST-3129,13:30,617.9,42,36.5,40.8,23.9,11.1,1,15.4,22.99,97.2,1.33
102888,Divya,INST-9472,15:45,341.7,42.9,41.3,59.7,64.2,6.5,20.9,11.7,21.83,97.68,0.61
102889,John,INST-5386,3:15,0,39.8,39.9,98.5,73.9,8.5,13.2,12,17.88,96.23,0
102890,Meena,INST-2714,10:30,775.4,36.4,28.7,14.9,82.3,14.9,0,28.7,19.17,94.32,1.09
102891,Kumar,INST-2157,20:45,0,34.9,36.6,65.9,69.9,9.6,20.4,9.9,19.3,92.45,0.13
102892,Priya,INST-8615,12:30,512.9,42.7,37.3,56.7,78.9,2.6,13.2,9.2,20.66,95.94,1.13
102893,Divya,INST-1924,0:30,0,20.3,21,29.6,58.5,9.8,0,26.2,21.71,93.35,0.05
102894,Ravi,INST-6421,6:45,0,31,32.4,75.1,61.7,9.5,22.7,20.5,21.25,98.48,0
102895,Akash,INST-4068,5:45,0,34.1,34.2,92.9,34.6,1.2,22,4.9,18.56,97.55,0.02
102896,Arun,INST-1430,14:30,564,26.5,20.3,40.1,42.5,9.8,6.7,23.5,17.69,96.95,0.8
102897,John,INST-6170,21:45,0,23.1,24.3,34.1,40.8,14.5,0,28.4,21.3,92.99,0
102898,Priya,INST-6812,14:15,430.2,30.1,26,59.9,24.4,10.1,22.4,4.7,17.53,98.36,0.84
102899,Kumar,INST-2468,20:45,0,41.8,41.9,56.2,63.4,4.1,20.7,11.2,19.58,98.38,0.05
102900,Akash,INST-8522,21:45,0,42.1,41.2,83.7,24.1,4.1,6.8,0,17.49,98.91,0
102901,Meena,INST-6606,14:45,413.5,32.1,28.1,62.5,77.7,13.9,9.1,13.7,18.16,92.97,0.71
102902,Divya,INST-5929,2:00,0,27.7,28.4,47,21.6,11.3,18.2,7.2,17.33,97.48,0.16
102903,Akash,INST-4044,3:30,0,34.7,33.3,76.2,82.8,12.6,23.8,10,22.1,98.28,0
102904,Ravi,INST-6275,6:30,3.9,41.7,40.8,14.8,25.3,13.4,0,12.5,20.47,92.44,0.04
102905,Akash,INST-2825,11:00,633.3,24.1,19.2,43.1,49.8,0.8,10.8,26.1,17.35,96.03,0.82
102906,Priya,INST-8538,21:45,0,27.1,28.3,55.4,64.6,14.7,10.3,1,22.58,94.71,0
102907,Divya,INST-5442,19:45,0,37.3,38.7,86.2,84.7,7.7,0.5,20.1,19.94,95.62,0.08
102908,Divya,INST-9833,16:15,392.7,29.2,26.4,23,59.8,5.9,0,20.6,22.98,95.13,0.67
102909,Arun,INST-4839,0:00,0,30.2,28.6,65.6,39.3,12.2,14.8,10.6,17.69,98.96,0.14
102910,Kumar,INST-7302,14:15,377.5,40.7,38,65.4,77.4,7.8,1.7,0.5,17.96,95.74,0.83
102911,Akash,INST-6055,19:00,0,28.5,28.8,71.3,44.5,8.5,16.8,5,21.86,93.52,0
102912,Akash,INST-4863,15:00,269.5,36.4,33.7,71.7,47.3,7.7,1.9,7.2,21.84,97.62,0.36
102913,Divya,INST-1789,9:45,309.3,27.9,24.3,66,71.2,8.2,8.2,18.1,18.34,93.78,0.35
102914,Priya,INST-2190,19:15,0,38.6,38.2,54.7,21.6,7.5,24.8,28.7,17.3,94.96,0.17
102915,Priya,INST-5775,9:00,485.2,42.5,38.9,38.6,27.7,11.4,0,20.5,22.01,93.95,1.09
102916,Akash,INST-8680,1:00,0,32.4,30.5,47.4,61.6,4.2,17,7.6,20.89,95.39,0.07
102917,Meena,INST-8932,5:30,0,17,18.8,99.9,26.3,1,19.7,25.9,17.55,94.43,0.02
102918,Akash,INST-3917,4:30,0,33.1,33.2,68.9,39.8,14.4,15.3,17.7,22.06,98.05,0.17
102919,Arun,INST-6945,2:00,0,22.7,21.3,26.6,50.3,3.2,0,28,22.01,98.88,0
102920,Divya,INST-8757,1:30,0,37.1,38.4,66.2,58,3.5,16.5,10.8,19.22,93.39,0
102921,Arun,INST-2497,7:00,228.6,40.4,38.6,10.5,65.2,11.7,0,20.2,19.22,98.82,0.27
102922,Meena,INST-7036,7:15,71.2,27.3,26.7,81.5,36.2,7.4,2.9,9.6,18,94.24,0.19
102923,Kumar,INST-3411,8:15,391.6,39.3,35.7,22.6,79.8,7.2,0,17.3,19.59,98.6,0.56
102924,Ravi,INST-9041,6:15,0,36.5,35,33.6,44.4,4.9,0,15.7,22.99,94.13,0.01
102925,John,INST-1682,15:15,419.1,39.2,35.6,46.7,76.1,8.6,21.7,22.5,17.14,94.99,0.71
102926,Meena,INST-9300,14:15,619.8,32.1,26.8,34.2,82,2,0,4.3,18.22,96.95,0.9
102927,Akash,INST-8539,11:00,914.7,46.6,38.4,5.7,53.7,0.4,0,23.3,22.01,97.37,1.85
102928,John,INST-8271,15:30,319.6,34.5,31.1,68.1,51.6,11,2.2,29.6,22.93,96.11,0.59
102929,Ravi,INST-6452,7:15,157.4,35.3,35.7,48.6,33.2,2.3,19.6,6.7,20.95,96.28,0.43
102930,Meena,INST-8420,22:30,0,36.2,36.2,87.6,77,4,7.2,3.4,20.76,98.49,0
102931,Arun,INST-3509,0:15,0,37.8,36.5,82.8,70.7,12,3.3,17,21.4,92.85,0.01
102932,Divya,INST-2231,17:45,259.4,35,31.7,4,35.2,9,0,10.2,17.22,94.69,0.54
102933,Kumar,INST-9498,23:15,0,18.3,19.7,69.3,63.7,15,9.4,9.2,18.11,95.55,0.08
102934,Priya,INST-1937,7:45,137.8,28.2,26.6,58.6,68.9,9.8,10.4,5.3,20.76,96.81,0.22
102935,John,INST-2201,4:15,0,31.3,31.1,45.5,63.7,11.9,0,29,20.29,95.6,0.11
102936,Akash,INST-1508,16:00,481.4,32.2,29,8.3,75.8,13.7,0,6.1,19.4,93.71,1.04
102937,Ravi,INST-9316,20:30,0,33,33.9,98.5,78.7,4.1,20.1,14.6,21.68,97.88,0
102938,Divya,INST-9122,13:15,351.3,28.1,23.4,77.8,73.6,1.1,23.1,1.6,18.83,95.59,0.55
102939,Kumar,INST-1764,18:45,0,40.5,41,51.3,73.7,3.9,2.9,3.6,21.56,92.23,0.12
102940,Divya,INST-5575,14:15,485.9,37.6,34.6,53.9,29.2,14.5,8.9,20.8,18.86,92.05,0.58
102941,Kumar,INST-2751,4:00,0,21.9,20.7,59.1,21.3,2.7,6.1,4.2,22.14,95.68,0.02
102942,Priya,INST-9733,10:15,839.1,44,38.6,2.2,45.8,13,0,5,19.38,95.87,1.55
102943,Ravi,INST-6638,7:00,58.2,38.3,39.6,84.1,65.1,12.6,18.9,1.9,19.38,96.46,0
102944,Ravi,INST-2231,6:45,0,39,38.4,85.9,62,12.7,20.8,9.4,17.45,98.41,0
102945,Akash,INST-2349,22:15,0,18.7,18.9,85.3,30.7,7.4,0.9,22.3,19.19,96.87,0.03
102946,Ravi,INST-8109,23:15,0,38.7,39.3,75.2,38.1,3.1,0.7,28.6,21.26,94.95,0
102947,Priya,INST-1584,9:30,491.5,29.5,23.9,34,47.2,1.1,0,21.9,19.03,93.45,0.84
102948,Ravi,INST-7484,14:15,844.8,40.9,32.1,5,79.5,4.4,0,0,18.86,96.46,1.42
102949,Akash,INST-7797,10:15,694.4,41.8,37.1,21.3,93.5,14.3,0,10.9,18.67,93.55,0.99
102950,Meena,INST-9263,0:00,0,29.7,31.3,22.2,30.6,5.7,0,10.8,17.56,94.17,0.01
102951,Priya,INST-5390,12:30,1000,27.1,18.4,0.5,77.6,13.6,0,11.1,22.05,95.58,2.06
102952,John,INST-7365,23:30,0,19.4,19.4,71.4,77.2,13.7,0.5,6.4,17.01,94.63,0
102953,Ravi,INST-7651,23:00,0,20.6,20.7,87.4,46.2,6.8,8.6,27.6,21.46,98.47,0
102954,Divya,INST-8752,20:30,0,23.1,24.7,84.2,49.4,2.4,3.6,19.1,20.09,98.62,0.2
102955,Akash,INST-6665,13:45,384.1,22.6,21.4,70.6,83.4,14.2,24.5,2.4,17.18,93.59,0.72
102956,Meena,INST-4727,9:45,499.2,29.4,24.1,33.9,74.2,10.7,0,22.4,17.69,98.35,0.95
102957,John,INST-6523,6:00,0,24.9,26.8,77.7,62,0.8,3.6,18.5,17.11,94.99,0.03
102958,John,INST-8708,6:30,16.7,21.2,21.2,38.2,30.4,3.8,0,12.4,17.56,98.68,0.07
102959,Arun,INST-5277,10:00,431.8,39.3,35,58,53.1,2.3,5,0.2,18.77,95.44,0.89
102960,Ravi,INST-3742,5:30,0,27.4,25.8,33.6,69.6,1.2,0,7.6,17.56,94.95,0.2
102961,Ravi,INST-6675,9:00,436.9,22,18.8,44.3,93.3,6.7,0.9,23.1,18.61,93.15,0.52
102962,Kumar,INST-4345,6:45,16.2,20.4,18.6,55.7,77.2,14.3,4.1,17.6,20.91,98.83,0
102963,Priya,INST-3238,1:45,0,24.3,24.7,42.8,90.7,7.2,6.5,16.7,19.13,93.19,0.16
102964,John,INST-6783,1:00,0,43.7,42,71.9,38.6,14.8,24.1,17.4,17.93,95.28,0
102965,Arun,INST-9431,13:00,960.8,42.2,33.1,0.7,28,3.6,0,20.3,17.92,96.78,1.35
102966,Kumar,INST-4041,21:45,0,31.7,31.5,47,92.3,12.9,14.1,25.6,17.21,94.44,0.01
102967,Kumar,INST-1699,10:15,853.5,28.4,23.3,1.4,70.3,3.4,0,1.6,20.37,95.69,1.46
102968,Akash,INST-8778,14:45,489,43.3,38.9,53.3,68.5,11,8.2,25.3,22.29,96.05,0.73
102969,Meena,INST-8946,9:30,530.6,22.8,18.6,31.4,90.8,14.9,0,26.7,18.48,95.18,0.78
102970,Kumar,INST-6000,7:00,126,27.9,25.6,69.5,51,6.4,7.9,27.4,20.75,95.94,0.09
102971,Akash,INST-4712,5:45,0,42.9,41.1,37.5,56.7,0.6,0,20.3,20.81,92.55,0.07
102972,Ravi,INST-6348,13:45,419.2,46.6,41.4,68.8,39.9,10.3,7.7,0.6,19.69,95.63,0.92
102973,Arun,INST-9306,14:45,341.4,37.2,33.4,73,22.5,5.3,18,2.6,17.62,97.55,0.44
102974,John,INST-4048,7:45,111,35.3,35.5,67.4,38.7,0.7,5.4,2.3,22.97,93.35,0.07
102975,Meena,INST-8889,22:00,0,34.6,36,84.4,29.3,1.6,25,13.8,22.55,93.19,0
102976,John,INST-8557,17:45,96.9,35.6,35.6,79.7,41,14.5,23.3,23.8,19.51,94.14,0.32
102977,Kumar,INST-2052,20:00,0,29.6,30.3,82.3,33.2,6,11.8,21.8,17.08,98.08,0.01
102978,John,INST-4663,17:15,241.9,35.9,34,4.1,75.2,13.4,0,12.1,22.41,92.07,0.48
102979,Ravi,INST-5335,2:00,0,33.2,34.1,80.1,91.1,12.1,4.6,15.8,18.02,92.46,0
102980,Akash,INST-1556,17:45,228.9,38.2,38,19.6,62.3,10.3,0,15.5,18.14,98.38,0.48
102981,Kumar,INST-9521,23:00,0,17.1,18.2,44.4,78.2,9.6,19.7,6.9,20.41,96.58,0
102982,Divya,INST-7757,8:15,215.9,36,34.6,65.3,80.7,3.1,5.8,21.8,20.89,98.22,0.26
102983,Divya,INST-2691,17:00,204.1,34.3,33.8,32.7,71.6,8,0,1,18.05,93.4,0.34
102984,Akash,INST-1841,20:15,0,27.1,25.5,39.5,55.5,7.8,0,12.1,17.93,95.45,0.04
102985,Ravi,INST-8734,5:45,0,34.6,34.5,93.1,25.3,5.1,0.8,17.6,19.5,95.76,0
102986,Kumar,INST-8278,19:15,0,32.6,31,68.1,62.5,14.1,24.9,23.3,22.36,98.76,0.12
102987,Divya,INST-9468,3:30,0,26.7,26.4,54.1,38.4,11.6,14.8,21.9,18.46,98.77,0
102988,Divya,INST-3742,20:30,0,29.4,27.9,85.1,26.4,6.5,22.2,24.9,21.69,93.12,0.2
102989,Akash,INST-9164,17:00,249.3,27.5,27.3,5.8,26.3,10.6,0,2.3,17.9,98.21,0.23
102990,John,INST-8168,3:15,0,32.5,31.5,23,29.6,8.2,0,9.2,18.98,93.3,0.13
102991,Akash,INST-2150,15:15,266.5,32.9,28.9,72.3,21.9,6.2,19,18.3,20.9,94.32,0.3
102992,Kumar,INST-7678,17:00,186.9,27.4,25,38.4,64.5,3.8,0,6.6,22.33,94.83,0.47
102993,Kumar,INST-8792,23:30,0,21.5,20.1,53.3,40.4,3.3,12,14.4,19.98,95.67,0.03
102994,John,INST-6557,16:15,346.2,38.5,34.3,37.3,88.4,2.9,0,8.7,20.25,95.96,0.51
102995,Akash,INST-1614,9:15,557.6,28.4,22.4,24.2,49.2,9.6,0,4.7,22.92,97.68,1.09
102996,Meena,INST-9954,2:45,0,37.2,35.4,80.7,52.9,6.2,19.1,17.7,17.02,97.84,0
102997,Ravi,INST-5981,6:45,5,30.1,28.5,23,61.2,0.1,0,21.9,18.91,98.01,0
102998,Akash,INST-2665,19:45,0,18.1,18.1,93.4,74.4,7.5,15.6,6.2,17.48,92.9,0
102999,Arun,INST-8716,11:30,850.4,28.4,19.6,16.3,48,5.5,0,9.6,18.81,94.65,1.5
103000,Priya,INST-1176,21:45,0,37.2,36.1,73.6,49.6,13.1,8.4,9.4,18.26,97.02,0.11
103001,John,INST-2897,1:45,0,18.4,18.7,20.5,48.5,1.7,0,26.4,21.82,98.03,0.06
103002,Kumar,INST-2299,14:45,614.6,26.2,21.9,36.5,48.1,9,0,21.1,17.55,92.59,0.78
103003,Akash,INST-8398,10:45,661.8,31,24.3,29.9,48.8,2.9,0,23.2,18.08,92.15,0.85
103004,Arun,INST-6083,19:45,0,25.3,27.1,67.1,72.8,12.8,18.1,20.6,20.08,97.3,0.01
103005,Ravi,INST-5725,3:30,0,24.6,22.6,71.2,90.3,7.9,6.5,3.2,21.81,94.73,0.16
103006,Kumar,INST-8375,19:00,0,22.8,21.8,89.3,65.5,13.2,15,20.6,18.77,98.61,0
103007,Arun,INST-2388,6:30,8.5,25.8,25.9,89.4,65.8,0.5,1,5.6,19.41,97.47,0.16
103008,Divya,INST-3148,7:00,173.1,29.3,28.1,34.3,59.5,3,0,20.9,20.88,94.59,0.49
103009,Ravi,INST-5666,3:15,0,30.7,28.9,51.9,94.8,9.1,20.1,19.7,20.86,97.2,0.09
103010,Arun,INST-5445,19:45,0,29.6,29.2,58.4,55.4,4.9,11.3,29.5,21.85,92.21,0.04
103011,Meena,INST-5324,21:00,0,31.4,30.9,93.8,71.6,13.5,5.1,27.8,20.17,94.64,0.04
103012,Akash,INST-5568,3:15,0,26.4,27.3,74,60.9,6.4,12.7,29.7,19.35,98.1,0.01
103013,Divya,INST-9490,13:15,539.9,43.9,40.9,50.8,72,4.9,1,21.7,20.74,96.27,1.04
103014,John,INST-5266,14:30,727.2,26.6,21.3,16.8,45.8,2.3,0,16.8,17.38,96.21,1.01
103015,Arun,INST-8786,8:00,348.1,40.8,38.9,41.1,29.3,3.8,19.9,7.2,20.28,98.87,0.85
103016,Ravi,INST-4741,10:45,530.1,39.7,34.5,47.1,21.4,9.8,9.3,14.8,19.75,98.23,0.94
103017,Ravi,INST-2741,6:15,4,21.5,22.2,75.4,92.6,6.8,15.3,29.9,22.95,96.84,0
103018,Akash,INST-5011,2:45,0,19.2,19.6,82.2,50.5,11,18.4,25.5,19.47,94.83,0
103019,Kumar,INST-7427,6:00,17.5,22.8,21.4,21.8,29.7,10.3,0,18.4,19.53,92.19,0
103020,Akash,INST-7000,8:45,341.4,25.4,23.4,40.7,92.3,12,20.4,29,20.9,94.01,0.43
103021,Divya,INST-7230,5:00,0,35,33.7,92.4,72.5,13,15.4,26.9,22.51,93.14,0
103022,Ravi,INST-3668,0:30,0,25.4,27.2,39.7,67.5,6,0,12.8,19.51,92.28,0.17
103023,Arun,INST-4579,6:00,0,35.4,37.3,70.7,40.4,14.3,23.2,19.1,18.96,96.83,0.08
103024,Arun,INST-8572,13:45,242.6,39.4,37.5,87.8,81.1,10.9,21,22.3,18.18,93.69,0.26
103025,Meena,INST-8141,19:30,0,18.7,18.5,92.4,39.2,4.8,9.8,11.3,19.49,97.78,0.07
103026,Arun,INST-6963,1:45,0,16.6,18.3,42.5,43,9.5,23.4,29.7,22.33,96.68,0.06
103027,Meena,INST-3302,6:30,0,36.4,34.8,57.1,41.1,11.2,3.2,19.8,17.37,97.33,0.02
103028,Akash,INST-8454,21:15,0,23.5,25.3,54.8,85.5,14.2,18.8,18.5,21.23,95.57,0.04
103029,John,INST-4443,10:15,658,28.5,24.3,30.6,67.2,14.5,0,12.9,21.98,95.73,1.44
103030,Ravi,INST-9134,22:00,0,25.8,24,86.9,58,14.5,11.4,10,17.44,97.17,0
103031,Ravi,INST-8589,21:30,0,31,30.1,69.5,21.4,10.5,13.4,29.1,21.02,92.36,0
103032,Meena,INST-5414,13:30,891.7,40.9,32.8,7,68.4,1.6,0,18.7,21.69,94.44,1.69
103033,Kumar,INST-8202,4:30,0,16.5,18,39.1,60.1,5.7,0,6.8,21.58,97.48,0
103034,Arun,INST-9962,0:30,0,18.7,18.4,40.3,32.4,13.7,18.9,3.2,19.13,98.47,0.18
103035,Divya,INST-4980,0:30,0,33.4,32,74.8,38,4.1,18.3,19,22.67,97.22,0
103036,Akash,INST-3329,0:30,0,35.9,36.5,74.5,46,13.9,24.8,24.6,22.33,94.11,0
103037,Akash,INST-6654,23:45,0,25.2,23.3,63.7,37.2,3.6,14.5,8.7,17.43,96.05,0
103038,Meena,INST-8289,17:45,143.3,42.1,39.1,47.8,21.1,12.7,8.5,5.4,22.21,95.57,0.34
103039,Kumar,INST-1198,21:00,0,32.8,31.5,64.9,67.3,8.8,19.2,15.7,19.43,97.55,0.08
103040,Ravi,INST-8387,9:30,232.5,28.6,25.7,78.2,68,0.1,5.2,4.7,17.6,95.74,0.44
103041,Divya,INST-6843,16:45,173.7,34.8,31.9,74,69.8,0.5,8.5,29.4,22.44,92.32,0.27
103042,Ravi,INST-8581,9:15,404.3,42.9,37.8,52.3,38.9,14.9,4.8,5,17.89,96.4,0.58
103043,John,INST-1213,21:45,0,20.4,20.4,38.8,88.2,9.8,0,22.5,17,92.47,0
103044,Kumar,INST-7513,15:15,402.2,22.7,19.7,54.9,80.4,3.8,3.1,13,22.87,97.44,0.79
103045,Akash,INST-5498,15:00,181.1,32.7,31.8,89.2,53.2,6.3,3.4,21,17.15,93.74,0.44
103046,Kumar,INST-1187,20:00,0,27.8,27.3,26,59.4,2.7,0,9.9,22.94,98.54,0
103047,Divya,INST-5836,2:45,0,34.1,35.1,90.1,91.2,8.2,0.6,8.9,20.34,96.64,0
103048,Divya,INST-3298,6:15,0,37.1,38.1,76.6,41.1,1.7,9.5,23.7,17.37,95.18,0.06
103049,Divya,INST-8424,16:15,457.7,22.9,20.8,6.5,32.1,9.1,0,15.1,18.54,96.34,0.93
103050,Ravi,INST-2715,20:00,0,36.7,35.6,56.5,40.4,9.6,17,22.2,20.24,94.59,0.1
103051,Divya,INST-1348,7:15,179.9,37.5,35.5,35.9,76.3,13.8,0,23,22.59,98.84,0.49
103052,Ravi,INST-4562,23:45,0,32.4,31,62.3,43.6,3.3,1.1,0.1,18.89,93.5,0
103053,Kumar,INST-1406,8:15,488.8,20.9,18.8,2.3,49.4,11.5,0,10.5,18.57,94.43,0.94
103054,Akash,INST-5761,22:00,0,21.6,23.1,95.9,26.1,7.1,20.5,24.6,20.81,92.37,0.14
103055,Meena,INST-9305,5:00,0,42.9,41,58,91.7,10.3,21.6,16.3,22.44,97.48,0.1
103056,John,INST-1213,17:45,71.1,22.1,22,79.2,21.6,4.6,22,1.8,22.89,96.77,0.27
103057,Divya,INST-3078,2:00,0,20.2,20.6,30.7,27.9,8.5,0,27,22.79,97.96,0.15
103058,Akash,INST-8027,7:30,227.2,42.2,40.4,11.6,82.1,6.8,0,2.2,19.71,92.05,0.37
103059,Akash,INST-9617,20:45,0,43.1,41.8,41.9,27.6,7.1,5.9,26.2,22.04,94.99,0.03
103060,Kumar,INST-8644,9:15,518,32.5,28.7,30.9,63.7,8.5,0,20.8,21.3,97.68,0.85
103061,Meena,INST-2448,12:45,983.5,50.2,41.4,3.1,69.2,11.1,0,0.9,18.59,97.07,1.87
103062,Meena,INST-2012,21:45,0,36.9,37.5,83.7,94.7,1.5,15.2,11.4,21,97.16,0
103063,Ravi,INST-6029,15:45,635.8,34.2,28,13.6,47.1,14.5,0,18.3,21.23,96.81,1.24
103064,Kumar,INST-4770,16:30,450.7,40.7,36.2,8.2,63.5,14.6,0,27,17.1,93.3,0.72
103065,Priya,INST-6257,23:45,0,35,33.9,51.8,34.5,14.6,14.4,1.7,22.65,96.47,0
103066,Kumar,INST-5491,18:15,0,31.4,30.7,36.7,90,7.5,0,18.5,22.51,98.76,0
103067,Divya,INST-3375,9:30,654.2,31.1,27.3,8.5,60.3,11.2,0,7.2,20.7,94,1.15
103068,Kumar,INST-3294,12:15,453.9,23.2,18.6,65.6,67.9,8.8,8.4,12.6,18.01,96.97,0.56
103069,John,INST-6708,8:15,355.9,41.6,39.7,34,84.6,2.8,0,15.6,17.78,97.38,0.7
103070,Divya,INST-7444,12:15,790.8,26.9,20.5,23.9,85,3.8,0,27.6,19.81,94.39,1.15
103071,Arun,INST-5970,12:45,606.2,41,36.3,46.4,33.3,7.1,1.8,3.1,19.23,96.6,1.16
103072,John,INST-6369,8:45,494.1,30.5,25.9,2.6,46.6,13.3,0,7.8,19,95.69,0.68
103073,Akash,INST-7873,9:45,417.2,33.6,31.1,46.6,33.4,6.5,12.4,23.2,18.18,96.25,0.66
103074,Arun,INST-5196,11:15,776.2,42.8,36.2,25.8,49,0.2,0,5.7,19.19,93.74,1.2
103075,Akash,INST-6781,9:45,641,26.9,20.5,9.6,69.2,0.5,0,3,21.04,95.24,1.15
103076,Priya,INST-3775,18:15,0,24.2,24,84.7,87.1,0.1,2.5,13.8,17.44,98.21,0.19
103077,Priya,INST-6270,12:30,867.4,25.7,18.1,17.5,71.1,4.2,0,14.6,22.46,93.77,1.86
103078,Ravi,INST-4150,0:15,0,34.7,33.2,33.3,39.6,1.5,0,18.5,19.33,95.89,0
103079,Arun,INST-5015,14:45,687.5,33,28,22.7,53.9,1.9,0,0.4,18.01,95.85,1.14
103080,Akash,INST-3923,13:00,252.7,29,26.8,88.9,70.2,1.8,13.1,16.6,17.08,96.89,0.18
103081,Meena,INST-4196,14:15,507.2,34.7,30.6,49.2,32,10.9,21.2,4.6,22.45,98.99,0.91
103082,Priya,INST-2006,17:00,81.2,38.1,35.7,81,35.4,10.6,11.7,28.3,19.35,92.79,0.03
103083,Meena,INST-2110,18:00,13.5,32.9,34.3,40.1,75,9.3,4.2,24.6,20.57,97.94,0.2
103084,Akash,INST-4549,10:15,653.7,43.4,39.2,27.6,63.7,13.4,0,24.6,19.92,96.59,1.15
103085,Meena,INST-2449,1:15,0,37.7,35.9,81.7,47,12.7,12.6,13.7,22.8,98.25,0.06
103086,John,INST-7553,20:15,0,36,37.6,71.8,52.6,9.9,0.7,9.6,22.46,95.42,0
103087,Arun,INST-7707,2:30,0,33.5,32.4,77.6,93.6,13.1,21.5,28,18.79,95,0.03
103088,Arun,INST-1690,5:45,0,40.5,40,67.7,74.8,1.4,8.2,7.9,20.25,97.67,0.02
103089,Priya,INST-8753,20:15,0,26.2,26.1,61.1,60.2,7.3,14.7,1.3,17.26,98.08,0
103090,Akash,INST-6678,23:00,0,28.6,29.8,98.4,21.6,0.8,15.9,0.7,19.74,92.14,0.03
103091,Divya,INST-5673,6:30,7.4,34.3,33.8,40.2,44.8,14.9,22.6,22.8,22.24,94.95,0
103092,John,INST-7952,19:00,0,26.8,26.1,20.1,28.3,11.7,0,11.4,17.91,96.93,0
103093,John,INST-8921,21:00,0,40.7,41.4,20.4,62.9,0.6,0,26.9,19.69,92.97,0.08
103094,Akash,INST-1829,19:30,0,29.3,29.4,84.7,32,4.3,12,8.7,19.32,98.67,0.18
103095,Kumar,INST-6460,14:15,435.4,42.7,40.7,60.2,78.8,0.9,17.9,24.9,18.5,96.49,0.6
103096,Priya,INST-9272,0:30,0,21.9,21.2,91.2,31.8,0.2,19.5,16.9,22.25,95.2,0
103097,Akash,INST-4067,16:45,376.5,29.2,26.6,34,30.4,7.6,0,16.7,22.64,98.14,0.71
103098,Akash,INST-7299,8:45,309.4,29.9,25.4,47.3,55.5,3.4,1.3,5.3,19.11,94.84,0.45
103099,Kumar,INST-4910,9:45,371.4,35.7,32,56,93.2,4.3,11.4,8.6,17.71,96.89,0.56
103100,Meena,INST-7318,6:15,0,40.4,39.8,43.4,84,7.8,14.8,19.4,18.19,96.51,0.14
103101,Meena,INST-6705,10:30,762.8,47.6,40.5,14.7,38.5,14,0,4.6,17.46,96.67,1.23
103102,Divya,INST-2427,2:00,0,34.6,35.1,88.9,72.3,6.9,23.5,5.8,17.31,93.85,0.05
103103,Ravi,INST-9515,10:15,601,28,23.4,39.5,77.7,7.1,0,30,18.23,96.45,1.01
103104,Akash,INST-9466,17:15,116.7,29.3,27.4,64.4,72.5,7.9,12,13.8,18.84,97.09,0.21
103105,Ravi,INST-9841,9:15,668.7,37.5,33.2,7.3,25.1,10.4,0,25.1,21.42,96.48,1.02
103106,Meena,INST-4173,21:00,0,27.6,28.1,30.7,72.3,7.4,0,1.9,22.44,98.96,0.01
103107,John,INST-6505,19:30,0,41,41.2,63,63,5.6,21.8,2.8,18.02,95.61,0
103108,Divya,INST-9493,7:45,74.9,31.9,30.5,78,46.1,13.8,2.7,22.1,21.59,98.92,0.07
103109,Arun,INST-4306,5:30,0,20.3,19.3,75.4,41.7,4.8,12.5,27.5,21.6,98.96,0.12
103110,Divya,INST-5423,6:30,11.3,32.5,32.3,9.2,50.9,2,0,21,17.92,92.7,0
103111,Ravi,INST-3125,16:00,478.5,42.1,36.7,4,49.1,12.5,0,8.2,18.25,96.76,0.61
103112,Akash,INST-4408,7:30,164.5,27.8,27.7,35.8,80.4,10,0,14.9,21.87,94.32,0.15
103113,Priya,INST-5407,21:15,0,36.9,38.5,95.8,29.8,3,9.5,15.2,17.26,97.11,0.12
103114,John,INST-9781,11:15,689.8,43.1,36,35,94.4,5,0,19.7,17.92,93.18,0.85
103115,Meena,INST-6901,7:00,126.3,44.1,41.1,68.7,66,0.1,9.1,15.9,20.63,95.31,0.37
103116,Arun,INST-4216,8:00,291.5,29.7,27,45.6,87.7,14.9,5.6,10,22.7,94.81,0.6
103117,Priya,INST-9614,4:30,0,33.8,32.7,90.6,42.3,11.9,14.5,1.3,22.25,97.02,0
103118,Kumar,INST-4316,16:00,346.1,43.8,41.3,41.5,49.1,8.7,7.2,9.1,19.74,98.36,0.45
103119,Divya,INST-6154,0:30,0,37.5,38.1,53,44.2,8.9,15.3,29,17.23,94.78,0.01
103120,Akash,INST-9140,23:15,0,20.8,22.1,33.1,38.9,0.3,0,12,21.14,96.02,0.15
103121,Akash,INST-8689,3:15,0,24.2,23.8,50.5,77.1,12,2.3,9,21.31,97.83,0.19
103122,Arun,INST-9971,12:00,885.6,28.8,21.8,12,84.2,14.6,0,3.6,17.01,97.4,1.5
103123,Meena,INST-5881,4:15,0,31,32.3,40.9,38,2.2,17.3,23.2,17.33,92.19,0
103124,Divya,INST-9624,19:15,0,33.2,34.1,63.6,37.7,0.9,14.7,14.6,17.58,98.52,0
103125,Arun,INST-6287,12:00,522.2,32.6,27.9,57.3,87.1,10.4,6.9,22.1,21.8,94,1.11
103126,Divya,INST-8509,18:30,0,24.8,24.6,19.4,20,7,0,17.9,19.35,98.27,0
103127,Ravi,INST-3111,15:15,233.4,27.8,26,81.9,74.3,6.3,12.2,28,21.68,95.01,0.45
103128,John,INST-6263,19:45,0,37.5,38.8,76.6,74.5,2.7,7.5,28.4,17.94,93.96,0
103129,Arun,INST-3715,5:15,0,37.3,38.5,95.7,74.1,1.2,12.5,27.8,18.06,93.14,0
103130,Ravi,INST-7304,4:45,0,38,36.5,74.5,41.8,14.8,21.3,26.3,21.12,98.99,0
103131,Arun,INST-6103,10:15,765,29.9,24,16.7,53.2,0.4,0,20,20.87,93.54,1.43
103132,Meena,INST-1566,8:45,166.9,32.9,32.7,81.8,68.2,6.9,2.8,27.7,22.15,95.87,0.43
103133,Kumar,INST-4395,22:45,0,40.1,40.6,60.7,66.8,11,20.2,18.3,19.04,97.34,0.03
103134,John,INST-6575,17:45,182.5,33.7,30.2,32.5,45.9,13.6,0,3.9,18.09,96.89,0.19
103135,Ravi,INST-8897,0:45,0,19.4,19.7,89.9,81,7.5,7.4,20.4,18.71,97.03,0.1
103136,Arun,INST-2605,8:15,240.7,28.6,27.1,66.6,61.7,11.6,14.3,19.9,17.84,97.91,0.52
103137,Ravi,INST-3829,10:15,420.7,41.4,37.2,61,39.8,9.4,19.9,22.4,17.37,97.25,0.58
103138,Akash,INST-3915,20:30,0,22.1,21.4,98.3,53.4,13.4,12.7,23.6,22.6,97.79,0.18
103139,Meena,INST-7591,9:45,676.3,42,37.7,3.2,41.7,11.5,0,22.8,22.87,93.09,1.25
103140,John,INST-4685,4:45,0,24,25.1,70.7,85.1,10.4,22.6,25.2,22.97,93.45,0
103141,Arun,INST-5366,6:00,0,36,34.2,3.9,60,9.8,0,0.9,22.48,97.16,0
103142,Priya,INST-4052,5:30,0,38.2,38.6,33.1,64,4.2,0,16.5,17.37,95.07,0.05
103143,Akash,INST-5759,9:15,443.7,40.7,38.9,45.6,93.7,11.1,11.5,2.4,17.24,92.48,0.51
103144,Arun,INST-5822,9:00,514.1,27.9,25.1,33.5,28.4,7.6,0,9.2,20.52,92.14,0.84
103145,Priya,INST-1895,21:00,0,35.5,34.8,55.1,74.9,12.1,22.9,5.2,17.18,95.98,0
103146,Akash,INST-5737,1:30,0,19.6,19.8,26.8,70.3,4.1,0,29,17.45,97.61,0
103147,Ravi,INST-4555,2:30,0,30.5,30.3,78.2,22.9,6.2,19.3,13.3,21.86,96.53,0
103148,John,INST-9558,7:30,70.2,18.5,18.5,84.4,39.9,2,11.4,1.6,17.94,94.4,0.01
103149,Akash,INST-2881,3:30,0,20.7,19.9,29.8,33.1,10.9,0,25.4,18.54,97.26,0.05
103150,John,INST-2832,1:45,0,40.4,38.6,28.4,20.8,3.8,0,20.9,19.99,98.63,0
103151,Priya,INST-1590,15:15,425.3,24.8,21.5,44.9,44.1,0.5,16.2,9.2,21.88,97.23,0.78
103152,Ravi,INST-9991,16:45,211.7,35.1,32.6,64.7,29.6,11.5,5.8,7,17.23,96.71,0.51
103153,Kumar,INST-2218,18:00,8.2,22.8,24.5,85,80.9,9.2,12.6,4.9,21.31,96.37,0.19
103154,Priya,INST-3223,21:15,0,30.3,28.7,61.3,75,5,14.8,27.1,20.74,97.6,0
103155,Kumar,INST-5880,22:30,0,21.3,21.6,85.7,68.4,7.2,13.3,21.3,20.75,97.98,0.14
103156,John,INST-9989,2:00,0,20.7,19.7,23,62.4,10.9,0,21,19.81,97.73,0
103157,Akash,INST-9072,15:45,369,30.2,27.2,55.6,25,7.4,12.8,26.7,18.51,92.38,0.59
103158,Kumar,INST-6873,2:15,0,38.3,36.3,35.3,54.1,2.7,0,16.9,21.03,97.54,0
103159,Akash,INST-3686,0:00,0,40,41.4,55.7,80.9,4.9,2.9,4.2,20.87,98.12,0
103160,Akash,INST-7934,3:00,0,17.6,18.5,88.1,70.5,9.4,18.6,5.4,20.93,98.62,0
103161,Divya,INST-4544,13:00,401.5,41.5,39.3,69.7,81.2,8.9,24.3,1.3,19.35,94.83,0.93
103162,Akash,INST-1140,22:30,0,28.7,30.6,48.3,22.8,12.5,1.2,18.3,20.29,92.3,0.05
103163,Arun,INST-6909,1:00,0,40.9,41.4,48.1,52.3,4.4,20,17.6,21.49,97.42,0.14
103164,John,INST-4460,13:00,676.5,40.8,34.8,35.3,76.4,8.8,0,29.1,19.64,92.65,0.9
103165,Priya,INST-6087,19:15,0,31,30.5,53,37.8,12.6,2.3,13.3,20.38,98.69,0
103166,Priya,INST-8835,13:45,705.7,41.2,34.6,30,23,2.8,0,14.8,20.85,93.39,1.42
103167,Meena,INST-8303,11:15,323.7,22.1,19.3,80.4,81.7,5.9,22.7,28.4,17.35,94.97,0.37
103168,Akash,INST-8243,11:45,618.7,29.2,22.9,42.5,90.7,13.3,6.2,19.8,22.89,95.46,1.1
103169,Arun,INST-9134,0:00,0,27.2,29,33.7,82,0.4,0,14.8,17.53,92.01,0
103170,Arun,INST-1090,16:15,172.6,22.8,20.3,76.2,20.7,10.3,0.6,13.9,19.93,95.64,0.43
103171,Meena,INST-2864,12:45,917.5,45.8,39.1,7.6,39.9,9,0,8.4,21.7,94.02,1.85
103172,Akash,INST-2227,13:15,862,37.7,29.2,11.3,53.3,6.5,0,0.6,18.61,96.54,1.69
103173,Ravi,INST-3775,23:45,0,38.5,38.4,21.5,42.7,11.9,0,10.7,18.99,92.99,0
103174,Meena,INST-7276,17:45,98.4,35.4,33,81.3,83.7,10,11.2,8.2,18.14,96.25,0
103175,Ravi,INST-3887,7:30,147.2,37.3,36.8,50.1,39.1,11,21.2,20.1,21.61,98.33,0.23
103176,Ravi,INST-2014,16:30,324.5,38.8,35.7,39.5,53.2,11.3,0,3.1,21.29,96.58,0.53
103177,Ravi,INST-1213,5:30,0,21.9,22,94.6,90.3,5.1,21.2,8.9,21.35,96.61,0
103178,Arun,INST-2824,13:45,654,36.4,30.6,36.3,23.3,0.3,0,28.4,19.56,94.22,1.19
103179,Divya,INST-9225,21:15,0,20.6,21.1,76.5,51.6,8.3,18.9,6.6,21.91,93.75,0.06
103180,Ravi,INST-5924,23:30,0,17.4,18.4,70.1,63.1,6,13.2,27.2,21.48,94.64,0.18
103181,Akash,INST-1371,16:00,117.2,33.7,30.7,89.9,30.3,10.7,19.8,29.6,18.1,95.89,0.33
103182,Priya,INST-6645,21:15,0,20,18.4,21.8,79.8,1.6,0,1.3,18.75,95.69,0
103183,Akash,INST-1374,2:30,0,35.6,35.1,25,36.9,14.4,0,27.9,18.66,94.23,0
103184,Arun,INST-5120,11:30,420.3,26.3,22.8,67.8,59.1,4.6,12.3,27.2,18.85,98.18,0.48
103185,John,INST-4643,16:15,470.8,31.1,26.5,4.1,68.8,12,0,13.3,19.57,95.13,0.75
103186,Ravi,INST-1566,10:15,227.6,40.4,37.1,87.5,67.4,12.3,17.8,19.6,19.35,95.17,0.27
103187,Akash,INST-2113,8:15,134.3,20.6,20,87.5,82.1,12.5,18.4,4.5,18.9,94.91,0.06
103188,John,INST-9328,22:15,0,23.3,24.3,96.9,42.6,5.1,11.1,4.9,19.7,94.53,0
103189,Kumar,INST-1985,12:00,821.2,25.5,18.7,23.4,39.1,1.3,0,11.3,17.15,97.08,1.11
103190,Arun,INST-6364,13:15,317.4,43.5,40.3,81.4,52,1.9,13,18.8,22.79,95.32,0.62
103191,Meena,INST-5271,0:15,0,40.4,40.5,38,29.1,5.2,0,26.6,19.71,96.61,0
103192,Arun,INST-9711,20:15,0,27.8,26.5,53.5,77.9,14.5,4.5,6.7,21.01,95.35,0
103193,Divya,INST-7059,8:30,237.5,24.8,23.6,60.7,67.5,7.7,24.7,17.2,20.63,94.53,0.37
103194,Kumar,INST-7542,21:30,0,22.8,22.1,70.3,84.2,3.9,0.8,7.7,18.56,98.06,0
103195,Kumar,INST-1183,2:45,0,35,34.6,50.8,82.6,0.9,21.4,15.3,18.99,97.06,0.15
103196,Divya,INST-2028,11:15,788.2,42.1,36.7,24.4,29.9,8.7,0,20.7,19.8,97.02,1.38
103197,John,INST-5428,5:30,0,34.7,32.8,24.9,39.5,13.3,0,22.9,18.81,94.97,0.01
103198,Ravi,INST-9835,22:45,0,40.7,39.3,52,90.4,2.6,4.1,13.2,19.79,92.78,0
103199,Divya,INST-4170,15:00,522.3,42.1,38.1,30.7,24.9,7.3,0,11.3,19.84,92.6,1
103200,Divya,INST-4235,2:30,0,32.2,33.4,21.6,25.7,10.4,0,3.5,19.55,98.07,0.09
103201,Akash,INST-3778,9:45,381.5,39.1,35.4,55.6,52.4,13.2,9.8,28.1,17.46,92.97,0.46
103202,Arun,INST-3063,8:45,367.2,43,40.3,36.4,23.2,10.3,0,3.1,22.05,92.64,0.65
103203,Meena,INST-8540,19:15,0,31.7,30.9,46.7,34.4,4.7,3.8,15.1,22.89,92.18,0.05
103204,John,INST-2149,7:45,206,21.9,21.1,21.5,82.4,12.3,0,2.9,17.39,98.13,0.35
103205,Arun,INST-3961,2:00,0,25.8,26,86.1,78.7,14.5,11.3,0.8,19.74,96.57,0.19
103206,Kumar,INST-2916,6:00,0,38,38.7,71.4,61.5,2.9,22.2,4.8,18.93,92.06,0
103207,Meena,INST-5011,7:15,84.1,20.5,20.4,73.4,42.5,6.1,8.2,25.7,17.41,96.06,0.19
103208,Meena,INST-8356,15:00,591.9,33.9,29.5,20.9,60,10.9,0,11.1,18.18,92.29,1.1
103209,Kumar,INST-6402,9:30,517.7,26.5,22.6,35,55.3,7.7,0,20.6,22.9,93.61,1
103210,Kumar,INST-7870,20:30,0,24.7,25.5,98.6,63.5,13.1,0.8,12.1,22.73,97.26,0.11
103211,Divya,INST-4160,18:15,0,33.1,35,57,30.5,14.9,7.4,18.5,22.18,97.29,0
103212,Arun,INST-5363,14:30,250.1,38.4,37,86.1,52.3,10,13.5,5.1,20.46,97.17,0.49
103213,Arun,INST-2944,3:15,0,21.8,23.2,94.5,64.4,7.6,14.7,24.6,20.57,97.84,0
103214,Meena,INST-1042,21:30,0,40.5,40.6,69.7,51.9,6.5,24.7,1.8,20.77,94.72,0
103215,Kumar,INST-1624,9:00,722.8,41.2,34.4,0.6,85.3,7.8,0,2.4,21.2,93.4,1.54
103216,John,INST-4460,7:45,252.9,25.1,24.3,0.1,75.2,1.6,0,27.3,19.06,96.02,0.45
103217,Arun,INST-2343,21:45,0,41.6,41.2,67.6,83.2,14.9,15.5,19.7,20.61,92.47,0
103218,Priya,INST-9029,20:45,0,33.3,34.8,45.4,88.2,12.4,24.5,9.1,20.81,97.5,0
103219,Ravi,INST-2221,13:00,871.4,48,39.5,9.7,36.3,11.1,0,0.5,19.31,93.47,1.46
103220,Kumar,INST-5370,19:45,0,20.8,19.4,36.6,51.1,14.2,0,11.1,19.01,97.63,0.19
103221,Ravi,INST-6878,7:15,98.4,27.9,28.4,71.5,43.1,14.8,14,22.3,20.37,98.76,0.3
103222,Ravi,INST-5922,19:45,0,28.1,27.9,23.5,72.6,4.8,0,29.4,17.58,94.83,0.09
103223,Arun,INST-5633,1:30,0,33.1,33.3,91.4,79.5,14.3,7.2,2.4,20.84,93.43,0
103224,Priya,INST-1024,7:00,136.8,28.5,27.6,62.4,22,13,24.6,4.7,22.89,98.4,0.23
103225,Akash,INST-9694,22:00,0,42.3,41.9,40.9,30.8,0.2,24.9,15.4,20.96,96.11,0
103226,Meena,INST-8930,16:15,284.5,32.2,31.1,54.8,21.8,6.8,5.2,2.5,17.31,98.77,0.6
103227,Akash,INST-6011,16:30,405.5,27.3,24,18.5,61.3,12.1,0,7.7,17.13,96.15,0.72
103228,Priya,INST-5485,0:30,0,18.1,19.7,24.6,73.3,10.6,0,2.2,22.27,92.02,0.19
103229,Meena,INST-5987,23:00,0,37.5,36.5,77.9,71.2,10,12.7,3.1,22.25,96.08,0.07
103230,Arun,INST-6215,10:15,407,28.6,25.8,63,25.9,4,23.4,19.9,21.3,96.85,0.85
103231,Divya,INST-2003,2:00,0,32.4,33.9,69,30.9,3.8,12.4,12.9,17.66,98.19,0
103232,Kumar,INST-3581,8:00,285.4,41.2,40.3,53.9,70.8,12.2,3.3,11.6,21.73,98.97,0.6
103233,Priya,INST-1988,0:00,0,33.9,35,25.1,72.2,1.8,0,13.6,21.95,94.36,0
103234,Akash,INST-8613,7:15,224.9,41,37.2,19.9,49.1,4.6,0,8.8,18.84,94.75,0.25
103235,Ravi,INST-8973,8:00,370.3,38.7,34.2,28.2,62.9,9.6,0,10.3,20.68,92.05,0.77
103236,John,INST-3651,16:00,325.8,26.2,21.7,39.2,56.9,1.3,0,21,19.94,95.27,0.74
103237,Priya,INST-1825,11:00,318.6,40.1,35.8,82.5,62.9,11.2,18.7,2.5,19.04,92.64,0.48
103238,Meena,INST-7030,5:45,0,31.6,33,40.5,27.2,3,13.8,4.2,21.66,95.36,0.06
103239,Arun,INST-9761,1:15,0,20,21.7,21.8,89.7,14.8,0,11.5,21.65,96.58,0
103240,John,INST-3385,1:30,0,38.2,38.2,70,28.3,14.8,2.7,10.9,21.57,94.66,0.09
103241,Kumar,INST-1992,6:00,0,17.6,19.6,79.5,28.7,3.2,7,9.1,18.84,92.59,0
103242,Divya,INST-9227,21:00,0,27.6,26.9,97.2,66.3,11.1,22.3,29,17.14,96.62,0
103243,John,INST-8641,12:45,550,34.8,30.4,55.1,33.8,6,14.8,19.4,18.83,92.45,0.8
103244,Divya,INST-8118,9:45,475.6,37.7,35,40.7,62.4,7.6,23.6,13.3,22.46,96.31,0.87
103245,Meena,INST-1781,21:30,0,19.5,21.1,70.8,30.8,12.7,20.8,24.4,22.84,97.13,0
103246,Meena,INST-4660,7:15,220.1,38.2,37.4,18.9,28.4,13.4,0,28.5,19.59,94.84,0.5
103247,Divya,INST-6036,21:30,0,27.9,27.9,92.9,56.6,1.7,24.9,24.2,20.48,98.28,0.12
103248,Priya,INST-7063,15:45,642.3,45.3,39.9,11.6,44.1,5.5,0,27.7,19.4,93.27,0.92
103249,Kumar,INST-7606,5:30,0,31.1,30.2,47.1,41.4,5.6,14.5,6.2,17.42,93.97,0.06
103250,Divya,INST-6675,0:00,0,35.2,34.6,48.6,25.1,14.6,21.1,15.9,20.79,93.95,0
103251,Divya,INST-5267,16:30,428.5,27.5,23.5,15.3,35.4,5.8,0,28.7,18.72,95.77,0.62
103252,Divya,INST-2912,3:00,0,31.6,30.6,52.6,73.8,9.7,7.4,13.4,18.73,94.92,0.19
103253,John,INST-7142,22:15,0,25.6,23.6,57,68.2,9.6,16,24.9,22.42,92.73,0
103254,Meena,INST-5667,3:15,0,25.7,24.7,83.3,67.5,5.2,11,13.7,21.84,97.07,0.04
103255,Ravi,INST-8801,14:00,330.6,31.6,27,74.9,22,0.3,12.1,3.1,22.57,92.73,0.67
103256,Meena,INST-3873,3:15,0,30.8,31.3,66,71.8,3.9,9.2,10.3,20.87,96.39,0
103257,Priya,INST-9160,15:30,364.7,30.4,25.7,57.1,50.3,13.7,19,22.5,18.3,94.15,0.56
103258,Arun,INST-3521,0:15,0,22.6,24.6,30.2,41.9,8.6,0,1.3,17.97,94.38,0.09
103259,Priya,INST-5564,16:45,347.7,30.7,28.8,37.7,32.8,0.5,0,17.2,22.95,98.82,0.81
103260,Meena,INST-7385,23:15,0,20.4,19.4,83.1,51.7,5.2,9.9,17,22.46,92.79,0.09
103261,Meena,INST-9863,16:30,391.9,25.5,23.2,24.5,88,1.1,0,27.2,17.16,92.23,0.69
103262,Arun,INST-1543,17:45,173.2,28.4,25.1,44.3,50.9,3.7,4.7,25.1,17.72,98.74,0.25
103263,Priya,INST-7165,15:15,231.1,27.7,26.1,80.2,37.6,14.2,17,6.4,22.39,93.26,0.47
103264,Ravi,INST-5698,6:00,0,27.6,28.9,71.1,30.8,7,15.4,28.5,22.22,98.39,0.03
103265,Akash,INST-8973,9:15,416.2,24.5,20,48.7,93.8,10.4,11.8,26,19.7,93.49,0.67
103266,Ravi,INST-2934,3:00,0,18.2,18.8,84.5,71.5,8.7,23.6,15.9,19.18,98.76,0
103267,Divya,INST-9090,10:00,702.6,42.7,37.2,24.3,38.2,2.8,0,8.4,21.09,94.79,1.25
103268,Ravi,INST-5566,3:15,0,28.5,27.5,53.4,44.4,4.7,11.7,7.4,20.95,96,0
103269,Priya,INST-5879,21:45,0,28.6,27.3,26.2,76.8,4.7,0,20.1,17.44,93.04,0.04
103270,Akash,INST-7008,8:30,479,39.2,36.2,7.4,56.7,13,0,5,20.96,95.21,1.08
103271,Meena,INST-1173,6:30,13.1,23.9,22,37.2,81.3,14.7,0,8.2,21.01,97.4,0.22
103272,Akash,INST-1157,9:30,227.9,35.8,32.2,78.5,44,5.9,5.9,25.8,21.04,95.4,0.23
103273,Priya,INST-2260,15:30,640.5,41.1,35.1,10.3,33.4,14.5,0,2.3,20.58,98.61,1.39
103274,Arun,INST-3327,11:15,553,34.4,28.6,49.2,55.9,13.9,2.2,12.2,21.08,93.13,1.09
103275,Meena,INST-9532,16:15,317.1,33.6,32,39.2,94.8,4.2,0,15.4,21.4,97.62,0.6
103276,Kumar,INST-7428,20:00,0,32,33.2,48.1,49.2,7.8,9.6,15.5,20.25,92.15,0.04
103277,Akash,INST-6503,7:00,241.4,25.4,21.4,2.3,21,3,0,12.3,21.89,93.97,0.62
103278,Arun,INST-1584,7:15,154.4,21.1,21.4,40.7,80.3,4.3,20.6,15,20.41,96.05,0.33
103279,Akash,INST-9246,19:30,0,24.5,25.9,89.9,81.7,11.1,3.1,7.4,21.37,93.73,0
103280,Kumar,INST-3315,9:00,333.9,41.1,40,61.1,94.4,12.4,15.3,3.1,22.46,94.92,0.53
103281,Ravi,INST-9293,0:00,0,31.9,33,41,74.2,6.6,24.9,23.3,18.98,92.89,0
103282,John,INST-3229,12:45,810.9,42.5,34.9,20.9,33.5,13.4,0,3.1,18.89,94.44,1.28
103283,Ravi,INST-2578,12:15,404.4,43.5,40.4,70,47.1,1.3,16.6,10.1,21.21,97.46,0.62
103284,Ravi,INST-9956,12:15,410.7,35,32.2,69.7,28,3,10.6,24.4,17.03,97.15,0.53
103285,Divya,INST-6303,4:45,0,27.2,25.3,51.6,24.9,10.2,12.8,6.4,22.38,96.61,0
103286,Kumar,INST-2944,18:00,18.9,25.5,25.9,48.4,24.1,6.2,5.4,17.4,20.99,95.56,0.23
103287,Priya,INST-7196,14:45,439,38.3,32.9,58.4,63.5,14.1,14.9,29.9,19.47,95.1,0.52
103288,Arun,INST-3259,6:45,0,36.2,35,24.7,46.1,1.6,0,8.7,19.7,92.03,0
103289,John,INST-3540,9:00,241.7,24.7,22.7,76.6,55.2,4.1,22.5,4.4,17.87,98,0.49
103290,Arun,INST-2764,22:45,0,31,30.3,35.3,85.5,10.2,0,0.8,18.4,95.11,0
103291,Meena,INST-2653,1:15,0,25.7,26.8,67.3,62,0.2,18.4,7.1,19.84,92.17,0
103292,Meena,INST-2434,6:30,9.3,42.5,41.6,58.5,94.7,1,11,2.3,21.04,96.43,0
103293,Akash,INST-4772,6:30,5.1,36.4,34.8,23.5,84.9,3.2,0,28.1,20.8,98.62,0
103294,John,INST-2765,15:45,436.9,36.8,34.5,49,49.9,8.1,14.2,19.3,22.41,93.78,0.94
103295,Ravi,INST-3846,16:30,354.8,34.6,31.4,31.2,71.5,1.5,0,16.9,20.87,98.8,0.64
103296,Arun,INST-7048,9:15,642.6,29,24,9.6,27.5,3.3,0,15.5,19.6,97.51,1.1
103297,John,INST-7324,2:45,0,37.1,37.8,28,38.1,6.8,0,0.6,21.51,97.55,0.13
103298,Akash,INST-8694,2:15,0,22.2,24.2,59.9,65.4,13.7,9.4,7.2,17.47,92.76,0.12
103299,John,INST-1006,21:45,0,30.8,28.8,69.7,52,14.8,21.4,8.2,20.33,93.19,0
103300,Priya,INST-7177,14:45,670,37.7,31.4,28.2,56.9,3.9,0,26.7,22.3,96.25,1.1
103301,Meena,INST-6644,7:00,164.3,37.6,37.2,40.8,82.8,6.5,7.4,7,22.07,98.32,0.25
103302,Kumar,INST-8635,4:45,0,24.5,24.8,58.1,81.4,9.5,14.5,2.7,17.78,98.54,0.1
103303,Meena,INST-7427,6:45,0,30.8,30.2,61,32,11.3,4.7,3.5,18.26,96.32,0.2
103304,Divya,INST-9384,6:30,0,35.5,34.8,18.2,66.3,1.6,0,18.2,22.29,95.26,0
103305,Meena,INST-9385,12:15,902.2,41.3,34.7,12.8,56.6,6.1,0,12.6,18.06,95.48,1.29
103306,Priya,INST-8163,11:15,260.4,37.7,36.2,86.9,34.6,4,9.2,1.4,20.99,95.65,0.45
103307,Arun,INST-5319,17:45,225.2,35.4,32.6,21.2,72.8,7.8,0,9.8,20.77,92.85,0.45
103308,John,INST-4593,2:30,0,34,34.9,91.8,88.3,5.3,7.8,26.2,22.25,96.06,0
103309,Akash,INST-3408,9:15,433.4,31.6,29.9,49.5,21.7,11.7,4,20.1,19.91,96.84,0.95
103310,Ravi,INST-4294,11:30,296,44.1,40.4,82.9,37.4,14.5,19.7,19.8,19.65,97.68,0.51
103311,Priya,INST-1007,18:00,6.2,38.3,36.4,35.6,27.4,12.8,0,0.7,18.02,97.6,0
103312,Akash,INST-2680,11:00,777.4,24.2,19.5,24.5,31.5,2.3,0,1.6,17.86,94.22,1.4
103313,Kumar,INST-1464,0:15,0,24.8,26.5,66.8,75.2,4.6,6.4,20.2,22.08,93.24,0.03
103314,Meena,INST-7064,10:15,709.9,38.7,34.7,21.7,66,13.7,0,10.3,21.21,94.05,1.29
103315,John,INST-5645,4:45,0,24.8,23.1,38.6,78.3,12.8,0,16.7,22.35,98.19,0.15
103316,Meena,INST-2084,18:00,0,21,22.8,18.6,30.3,1.3,0,1.2,19.53,92.34,0.06
103317,John,INST-5308,18:00,5.6,33.1,31.6,18.1,41.8,14,0,29,21.1,97.18,0.06
103318,Kumar,INST-4340,9:15,219.4,21.9,19,84.2,82.6,13.7,2.8,21.6,17.91,98.83,0.4
103319,Arun,INST-2507,12:00,343.2,36.4,31.7,79.6,25,13.9,11.5,19,20.13,96.73,0.67
103320,Ravi,INST-9913,1:15,0,23.8,23.7,94,38.1,6,14.4,14.4,17.04,96.73,0.12
103321,Meena,INST-8368,19:30,0,25.8,26.6,39.2,69.5,13.6,0,18.2,21.09,94.44,0.16
103322,Divya,INST-4028,16:45,425.8,37,34.8,22.4,80.5,10,0,6.9,21.21,98.77,0.72
103323,Kumar,INST-2152,15:30,367.1,19.5,18.2,56.1,68.2,9.8,15.6,11,19.88,95.65,0.61
103324,Kumar,INST-6570,7:00,268.1,30.7,29.5,2.2,89,2.8,0,11.5,22.92,97.74,0.75
103325,John,INST-9851,21:00,0,34.9,34.6,88.7,49.3,9.2,17.6,7.1,20.34,95.83,0.09
103326,Arun,INST-1445,2:00,0,21.2,20.7,74.4,91.3,10.4,20.3,10.9,18.86,97.42,0.02
103327,John,INST-9049,19:15,0,24,24.5,20.3,79.9,12.4,0,16.5,22.82,92.1,0
103328,Arun,INST-3786,3:45,0,31,32.8,56.5,45.8,3.8,22.4,17.9,22.98,93.69,0
103329,Kumar,INST-3882,0:30,0,19.8,19.3,28.5,29.8,11.4,0,1.6,17.9,97.27,0.04
103330,Arun,INST-6596,14:30,236.1,22.4,20.7,89.4,54.7,9.7,12.3,18.2,21.62,98.52,0.55
103331,Kumar,INST-1378,5:15,0,28.9,29.2,47.9,82.7,9.3,4.4,27.2,19.93,94.93,0
103332,Kumar,INST-4507,9:30,409.7,35.5,31.5,51.9,91,14.4,23.4,11.9,17.38,98.68,0.7
103333,Meena,INST-1538,18:30,0,24.6,25.2,78.7,35.6,6.6,21.1,22.7,21.57,98.35,0.19
103334,Arun,INST-6715,13:30,402.5,30.9,28.3,69.3,57.3,6.3,9,19.9,21.06,95.4,0.53
103335,Priya,INST-7665,11:00,682.8,41.9,36.6,35.7,41,5.1,0,3,20.52,92.04,1.32
103336,Meena,INST-7763,16:45,513.9,32,28.2,0.3,65.8,9.3,0,1.4,21.38,92.33,1.12
103337,Akash,INST-7672,0:45,0,36.2,34.9,37.6,33.8,5.6,0,21.5,17.61,93,0
103338,Ravi,INST-3666,0:15,0,20.9,22.2,34.4,78.2,3.4,0,0.4,20.49,96.7,0
103339,Akash,INST-3202,15:45,596.2,26.8,20.3,21.9,58.4,4,0,25.6,20.78,94.21,0.86
103340,Meena,INST-5518,11:15,438.8,27.6,23.4,65.7,84.9,5,21.6,8.8,20.65,97.85,0.92
103341,Priya,INST-8098,18:30,0,36.9,36.3,20.1,73.4,2.1,0,16.5,19.84,96.76,0
103342,Ravi,INST-1723,2:00,0,25.5,25.2,59.7,38.7,0.9,2,26.8,19.54,93.47,0.14
103343,Priya,INST-1881,10:00,702.8,32.6,25.7,25.4,67.6,1.5,0,19.6,22.4,98.74,1.23
103344,Meena,INST-9040,11:15,783.2,31.9,25,23.6,40.4,1.3,0,21.5,17.98,96.73,1.38
103345,Priya,INST-9416,5:45,0,33,31.7,45.6,61,2.6,8.2,21.2,18.86,94.34,0.15
103346,Ravi,INST-4359,14:30,334.1,46.3,41.6,75.1,84.1,12.4,14.5,11.4,22.42,98.91,0.77
103347,Priya,INST-7942,18:30,10.4,36.4,37.6,10.1,60.6,11.8,0,16.7,19.28,96.21,0.21
103348,Meena,INST-6971,17:15,174.3,36.4,34.6,43.6,83.5,13.3,10.4,25.2,17.66,94.62,0.28
103349,John,INST-1468,13:00,355.3,31.4,29.9,76.6,20.8,10.7,8.9,2.3,17.83,98.46,0.72
103350,John,INST-6987,18:45,0,35.6,36.7,52.5,39.6,3.9,4.9,10.4,20.81,94.96,0
103351,Meena,INST-9387,22:30,0,21,20,67.4,75.2,13.4,13.2,26.1,17.68,95.61,0.05
103352,Priya,INST-2965,23:15,0,28.7,29.4,38.7,70.1,2.4,0,6.1,18.6,93.16,0
103353,Divya,INST-1204,21:45,0,34.9,36.3,90.3,57.7,11.6,10.4,7.4,20.06,97.32,0.05
103354,Ravi,INST-9399,23:00,0,39.4,40.7,35.4,23.8,7.6,0,4.3,22.28,94.14,0.01
103355,Kumar,INST-6211,3:45,0,39.3,39,61.2,51.2,3.8,8.8,3.3,21.55,97.61,0.19
103356,Meena,INST-1279,0:15,0,21,21.9,60.9,27.3,0.7,3.1,24,20.92,98.62,0
103357,Priya,INST-4908,15:45,337,23.6,18.8,60.8,88.1,12.6,18.5,14.2,18.02,96.95,0.6
103358,Divya,INST-4657,7:15,80.7,24.3,23.6,83,77,0.7,15.7,10,17.94,98.69,0.21
103359,Akash,INST-7029,9:45,597.6,43.9,40.9,15.8,24,2.5,0,15.4,22.67,97.76,1.13
103360,Divya,INST-7184,13:30,450.5,36.6,34,64.7,31.4,8.6,2.9,20.9,22.33,94.33,0.9
103361,Priya,INST-2718,7:30,213.3,33.5,31,23.1,93.8,12.3,0,9.8,20.54,97.74,0.24
103362,John,INST-9335,18:30,6.7,34.5,35.3,32,64.5,2.1,0,8.8,22.06,96.61,0.12
103363,John,INST-9019,8:30,135.3,29.3,28.7,89.2,37.3,3.9,0,7.9,19.31,92.71,0.15
103364,John,INST-5999,13:30,615.2,43.2,37.2,43.6,32,2,22.2,22.7,20.2,97.58,0.99
103365,Meena,INST-1281,17:15,75.1,42.1,41.5,80.6,61.9,2.3,5.9,17.9,18.34,95.06,0.16
103366,Divya,INST-6574,8:15,268.8,33.8,29.6,55.4,76.1,14.9,18.4,30,18.51,93.06,0.3
103367,Arun,INST-6199,0:15,0,33.4,34.3,88.1,27.3,4.3,3.4,6.9,22.19,95.19,0
103368,Divya,INST-5874,2:45,0,36,37.8,47.6,70.6,12.8,5.9,7,22.5,96.23,0.07
103369,Divya,INST-8471,6:15,0,41.9,41.8,86,88.7,2.8,16,11,21.09,95.82,0.11
103370,Arun,INST-7800,7:15,76,27.3,24.7,85.3,77.4,13.2,18.2,16.7,19.08,95.55,0.21
103371,Priya,INST-9646,3:00,0,31.5,32.4,83.9,62.1,7.5,22.2,16.8,18.71,97.46,0
103372,John,INST-4108,6:30,12.4,21.9,22.7,30.5,70.8,10.7,0,23.1,19.67,96.38,0
103373,Kumar,INST-4035,9:15,548,38.7,33,24.9,83.7,13,0,18.4,17.49,97.18,0.95
103374,Kumar,INST-2828,12:15,825.6,31,23.5,19.9,69.2,10,0,22.9,18.02,93.78,1.24
103375,Ravi,INST-8961,3:15,0,39.2,39.7,26.7,66.5,8.1,0,17.6,22.61,98.89,0
103376,John,INST-2826,18:15,0,25.3,24.7,42.4,47,15,11,17.1,20.77,92.54,0
103377,Kumar,INST-2396,2:45,0,30.3,31.8,59.4,50.4,12.8,1.4,3.2,20.21,92.37,0
103378,Ravi,INST-3358,14:45,597.5,42.6,38.8,35.1,49.2,5.1,0,14.1,17.55,98.88,0.77
103379,Akash,INST-7733,17:30,159.8,35.1,32.1,42.4,55.6,9.6,13.7,25.7,19.71,96.47,0.38
103380,John,INST-6998,16:00,164.4,19.2,19.1,77.9,33.1,12.1,13.4,5.8,18.16,97.97,0.47
103381,Meena,INST-2854,2:15,0,28.6,30.5,67.7,85.3,14.3,18,1.6,19.28,93.63,0
103382,Ravi,INST-7284,14:30,521.6,37.2,34.2,50.1,94.7,8.6,8.2,25.5,21.81,94.36,1.06
103383,John,INST-9098,12:15,388.5,22.9,20.2,73.1,87.5,14.3,1.3,11.5,18.35,98.99,0.84
103384,John,INST-3597,6:45,19.1,28.5,28.5,14.3,48.8,12.7,0,5,22.47,95.37,0
103385,John,INST-8212,18:00,0,37.8,36,25,76.7,4.4,0,22.7,21.15,94.52,0.11
103386,John,INST-3413,11:30,529.4,30.3,27,54.4,26.2,12.6,24,27.8,17.24,96.53,0.67
103387,Divya,INST-4639,2:00,0,20.5,20.9,54.3,45.7,13.3,14.2,11.1,22.56,92.67,0.1
103388,Meena,INST-5586,5:30,0,27,26.3,20.4,39.6,12.6,0,14,22.85,92.43,0.01
103389,Ravi,INST-9703,16:15,381.8,29.5,26.9,30.5,57.7,14.2,0,6.7,18.57,93.84,0.67
103390,Meena,INST-8355,18:45,0,23.7,25,23.4,63.6,14.8,0,21.9,22.09,93.49,0.01
103391,Divya,INST-6351,12:30,560.9,38.1,34.1,52.7,80.5,13.3,11.3,25.9,22.24,98.35,1.06
103392,Arun,INST-6200,7:00,95.7,31.7,30.7,68.3,50.3,6.6,16.9,27.7,20.57,94.61,0
103393,Kumar,INST-3600,9:45,457.1,37.7,33.4,43.4,31.6,5,5.4,27,17.12,92.06,0.48
103394,Meena,INST-7318,6:30,10.7,37.8,38.3,6.6,24.2,3.1,0,5.4,20.38,93.72,0
103395,Ravi,INST-2066,9:30,270.1,43.9,41.2,72.6,56.2,10.7,20.8,19.7,17.43,92.4,0.36
103396,Meena,INST-9693,0:45,0,33.9,35.3,65.5,74.8,11.6,13.1,17.7,17.24,98.72,0
103397,Kumar,INST-1554,7:45,251.8,32.4,30.7,2.5,54.4,0.9,0,14,21.8,93.64,0.36
103398,Priya,INST-7818,18:15,4.4,29.5,29.8,40.3,23.5,0.6,24.2,19.1,22.47,97.7,0
103399,Ravi,INST-1026,19:45,0,28.9,30.3,24.4,67.2,10.3,0,11.9,21.46,92.5,0
103400,Priya,INST-1052,16:30,217.5,20.8,19,70.8,82.2,1.5,23,22.5,17.79,92.82,0.4
103401,Kumar,INST-1685,10:00,298.7,44,40.1,76,77.1,13.4,22.7,22,20.4,97.53,0.62
103402,Priya,INST-1085,12:45,673.4,33.3,29.4,39.3,82.9,1.6,0,18.4,17.48,97.54,1.22
103403,Akash,INST-4758,5:15,0,27,26.7,79.5,39.3,2,24.2,17.7,18.98,96.42,0
103404,Divya,INST-3389,3:00,0,31.1,29.6,91.9,31.7,4.9,21.3,23.6,20.57,94.21,0
103405,Arun,INST-5512,23:15,0,20.1,20,92.1,92.3,2.1,8.1,24,20.82,92.35,0.08
103406,Meena,INST-6385,0:15,0,41.8,41.2,43.6,30.4,3.2,24.1,5.4,17.69,95.24,0
103407,Divya,INST-9154,3:15,0,21.3,21.7,32.3,71.8,9.2,0,19.1,17.09,92.74,0.01
103408,Divya,INST-7968,23:45,0,29.1,30.4,42.4,58.3,7.3,0.3,27.4,20.69,92.31,0.13
103409,John,INST-8084,7:00,139.9,30.7,28,62.8,76.8,6.6,14.2,0.9,17.94,97.54,0.29
103410,Akash,INST-6109,19:00,0,32.3,33.3,92.6,73.6,1.8,10.4,24.7,20.57,98.05,0.19
103411,Meena,INST-9226,8:30,152.8,32.1,29.1,81.8,38.4,12.2,15.8,3.3,18.19,93.17,0.26
103412,Kumar,INST-3859,16:45,197.2,37.1,36.8,69.3,55.1,5.7,24,7.7,21.4,96.42,0.24
103413,John,INST-5745,13:30,708.6,26.9,19.4,30.8,22.3,0.4,0,19.3,22.1,93.64,1.29
103414,John,INST-6883,6:15,0,40.7,41.5,88.5,91.7,10.8,5.5,11.6,20.09,93.13,0
103415,Akash,INST-6977,15:30,562.3,24.3,21.6,27.3,79,3.3,0,21,20.28,92.79,0.84
103416,Divya,INST-7499,2:00,0,34.1,34.1,92,20.6,13.7,21.9,3.5,17.47,97.24,0.01
103417,Akash,INST-3519,6:00,4.4,20.2,21.9,31.8,46.9,6.9,0,21.7,19.43,92.27,0.12
103418,Akash,INST-4309,19:45,0,26.2,26.7,90.4,52.9,11.1,18.8,22.8,17.72,97.62,0
103419,Priya,INST-2017,0:30,0,16.9,18.4,43.6,56.6,2.1,0.4,11.3,19.38,94.02,0
103420,Akash,INST-4091,17:00,97.9,26.8,27.2,75.1,32.4,5.9,11.1,22.1,21.17,92.7,0.09
103421,Priya,INST-2006,14:30,721.4,46.3,38.8,20.6,55.7,1.2,0,3.3,22.1,98.75,1.51
103422,John,INST-3195,18:15,0,40.9,41.9,2.8,48.6,1.7,0,28.2,20.04,93.41,0.16
103423,Priya,INST-7767,15:30,316.6,34,31,63.8,43.5,4.7,1.3,16,20.94,93.82,0.6
103424,John,INST-9004,10:15,366.7,34,29.6,71.7,68.9,5,15.2,27.4,20.34,96.13,0.49
103425,John,INST-6568,11:30,952.9,31.1,24.7,2.4,20.7,4.5,0,17.7,19.4,92.77,1.69
103426,Divya,INST-8299,16:30,194.8,34.5,31.6,72,22.4,5.2,17.6,16.4,19.31,92.9,0.42
103427,Arun,INST-4521,7:30,120.3,34.6,35.5,72.1,76,9.4,3.2,10.4,19.11,93.37,0.14
103428,Arun,INST-7049,12:15,672.1,38.5,34,40.9,33.2,5.4,7.8,15.9,22.04,97.65,1.18
103429,Priya,INST-2916,2:45,0,30.4,29.8,48.1,47.4,2.9,3.6,8.8,20.38,93.23,0
103430,Meena,INST-8024,18:30,2.1,39.2,39.3,28,54.3,1,0,9.7,21.1,96.26,0
103431,Priya,INST-1924,11:30,586.7,46.1,41.9,48.5,31.9,13.6,5.3,12.7,18.68,96.71,0.87
103432,Priya,INST-8052,2:15,0,31,32.4,20,61.2,9.9,0,19.8,21.22,95.91,0
103433,Divya,INST-8887,10:00,657.6,32.6,28.6,28.3,72,6.6,0,28.3,22.67,92.25,1.13
103434,Priya,INST-3104,23:30,0,35.8,35.7,97.3,62.4,4.1,2,8.6,20.43,93.44,0.11
103435,Priya,INST-2427,10:45,382.8,30.7,25.6,68.1,32.8,11.2,3.1,15.5,19.36,96.85,0.78
103436,Kumar,INST-7698,7:15,208.8,22,20.9,20.8,32.9,8.9,0,2.7,21.91,94.79,0.31
103437,Ravi,INST-8212,23:15,0,30.1,30.4,84,68.6,4.4,7.2,9.6,18.63,98.47,0
103438,Ravi,INST-8605,20:30,0,38.6,37.6,82.6,92.5,11.1,11.7,8.7,20.89,94.05,0
103439,Meena,INST-2642,16:15,453.4,41.5,36.2,8.7,36.6,11.8,0,26.7,21.23,93.38,0.71
103440,Meena,INST-8591,22:45,0,21.3,19.3,52.3,34,13.6,8.4,13.7,22.93,94.99,0
103441,Akash,INST-6851,0:30,0,30,28.2,76.9,51.6,9.2,9.3,25.8,21.41,92.95,0.11
103442,John,INST-9133,8:00,247.2,23.5,22.3,58.4,70.6,12.6,4.9,13.1,18.7,97.91,0.35
103443,Akash,INST-1820,0:00,0,32,31.3,90.5,20.6,7.7,2.6,19,20.19,95.86,0.04
103444,Arun,INST-8811,2:00,0,30.7,31.8,60.5,83.1,1.6,15.3,14.3,20.62,92.67,0
103445,Priya,INST-9597,2:45,0,29.9,29,79,27.7,0.5,13,21.4,21.1,94.24,0
103446,Akash,INST-3149,9:00,537.5,35.9,32.8,30,28.1,11.9,0,25,22.23,94.36,1.09
103447,Divya,INST-9015,6:00,13.8,36.4,36.4,18.6,41.7,3.7,0,7.2,17.83,98.8,0.12
103448,Akash,INST-3987,11:30,537.2,32.1,28.2,55.5,27,7.8,3.2,13.1,22.26,96.38,1.01
103449,Akash,INST-4514,19:00,0,30.3,29.3,56.5,38.9,10.4,10.3,16.1,22.21,98.91,0
103450,Priya,INST-4838,10:00,735.4,24.3,18.3,16.9,94.4,6.2,0,19,20.03,94.28,1.18
103451,John,INST-8010,22:30,0,22.6,24.1,44.4,58.6,13.3,24.9,6.5,22.88,96.62,0
103452,Arun,INST-6405,10:45,234.7,22,19,86.3,24.4,11.5,8.5,6.2,21.58,94.65,0.29
103453,Akash,INST-6295,22:45,0,40.8,40.1,69.6,36.4,7.4,6.7,14.4,19.95,93.6,0
103454,Meena,INST-4905,20:15,0,36.1,37.9,41.1,47.6,6.9,22.4,18.3,21.35,98.82,0.18
103455,Akash,INST-7265,11:45,430.1,41.7,36.6,68.8,81.3,9.5,21.7,26.8,18.4,98.85,0.65
103456,Divya,INST-8440,8:30,163.8,39,35.6,76.2,61.9,3,11.7,3.7,21.63,92.78,0.2
103457,Ravi,INST-1200,6:30,9.4,27.1,26,3.2,33.7,11,0,3.4,22.3,93.39,0.11
103458,Arun,INST-1868,6:00,0,29.1,27.5,59.8,72.7,1.4,23.7,28,19.85,97.53,0
103459,Divya,INST-9617,17:30,191,36.5,34.9,31.5,74.9,5.3,0,21,19.86,92.69,0.46
103460,Priya,INST-8505,19:30,0,34,33.5,53.3,89.8,8.8,22.7,5.3,18.35,97.02,0.12
103461,Priya,INST-1339,17:15,85.2,36.7,34.1,85.3,49.4,12.8,13.5,19.8,20.64,95.68,0.01
103462,Ravi,INST-4751,5:45,0,26.5,25.9,95.1,94.7,13.2,22.9,7.8,17.58,97.28,0
103463,Divya,INST-7668,11:00,231.5,29.4,26.1,89.9,41.2,5.6,10.9,7.5,22.94,97.27,0.46
103464,Priya,INST-1496,17:30,123.8,34,34.3,70.8,73.9,7.2,7.5,9.5,20.13,94.97,0.2
103465,Priya,INST-3350,22:45,0,25.5,27,52.9,67.8,12.9,8.4,18.9,19.42,92.48,0
103466,Kumar,INST-2974,11:15,305.6,36.3,33,84.1,42.8,12.3,16,26,21.28,94.54,0.73
103467,Priya,INST-3920,1:00,0,27.7,26,61.6,43.4,14.6,0.7,5.3,17.62,96.74,0
103468,Akash,INST-5121,5:15,0,34.2,35.3,83.9,35.3,12.3,3.7,1.9,22.31,95.08,0.12
103469,Divya,INST-7447,5:00,0,36.7,36.8,80.8,84,9.9,18.3,28.4,21.37,98.73,0.06
103470,Arun,INST-2614,1:00,0,29,29.9,59.6,77.5,1.2,8.5,2.6,19.88,94.36,0
103471,Divya,INST-7911,7:00,206.1,22.6,19.4,20.2,90,8.8,0,24.5,20.73,94.94,0.41
103472,Meena,INST-2508,19:45,0,28.7,29.6,51.4,56.3,14.8,7.9,20.7,22.41,95.03,0
103473,Arun,INST-4509,14:30,411.7,25.3,20.3,62.7,54.7,2.7,14.4,17.1,18.17,96.86,0.81
103474,Priya,INST-9071,12:45,1000,50.4,41.5,0.1,20.1,2.6,0,13.2,22.17,97.42,2.06
103475,John,INST-6518,5:45,0,40.1,38.3,60.5,20,14.5,5.5,16.4,20,97.28,0
103476,John,INST-7940,10:30,370.3,39.6,36.3,66.4,60.7,11,20.8,18,20.07,96.88,0.7
103477,Kumar,INST-3923,0:15,0,20.9,21.4,77.7,84.4,6,11.8,19.4,18.24,94.57,0.19
103478,Divya,INST-9704,11:30,736.7,47.2,39.5,29.5,36.1,8.7,0,7.8,22.72,94.02,1.3
103479,Priya,INST-4645,4:15,0,41,41.5,33.9,39.4,2.1,0,12.6,18.84,93.67,0.12
103480,Ravi,INST-5607,10:30,243.4,29.1,28.6,87.1,77.8,2.3,23.9,12.7,17.87,96.6,0.39
103481,Akash,INST-1039,6:15,18.7,21.4,19.4,72.5,24.6,2.2,7.9,23.2,21.3,96.74,0.01
103482,Priya,INST-8533,20:15,0,38.6,38.1,67.8,65.2,9.9,18.9,23.7,18.34,97.57,0.11
103483,Kumar,INST-9281,6:15,12.8,30.2,31.3,47.4,74,6,14.5,15.9,19.07,92.86,0
103484,Akash,INST-9823,3:45,0,34.8,35.8,47.9,22.8,12.1,15.9,25,20.79,93.65,0.02
103485,Divya,INST-4814,23:30,0,32,31.9,30.6,48.3,7.7,0,27.7,20.58,92.21,0
103486,Kumar,INST-5740,5:30,0,26.1,27.5,24.6,74,6.1,0,18.9,18.11,92.62,0
103487,Akash,INST-8214,14:45,343.7,30.6,27.9,72.6,73.4,10.5,12.1,16,17.41,96.26,0.47
103488,Divya,INST-5337,13:15,803,40.4,34.6,19.5,70.1,2.4,0,7.7,19.33,92.39,1.27
103489,Arun,INST-5581,17:45,157.7,22.1,20.6,44.8,78.5,1.7,13.4,12.3,19.36,93.48,0.3
103490,Ravi,INST-7557,7:30,57.5,31.1,29.2,87.5,65,5.2,19.1,24.2,20.96,95.66,0
103491,Divya,INST-3291,17:30,95.4,35.3,35.1,75.9,78.1,11.9,0.7,18.7,20.53,95.58,0.14
103492,Arun,INST-5386,20:30,0,38.6,40.3,75.2,40,0.4,12.6,14,18.34,97.05,0
103493,John,INST-4697,9:30,577.8,30.1,25,21.1,27.5,0.9,0,15,22.51,96.24,1.14
103494,Arun,INST-3449,5:15,0,27,25.4,75.8,74.8,1.3,24.8,28,18.42,92.24,0
103495,Ravi,INST-3225,14:30,398.2,32.4,29.4,66.8,85.5,14.8,11.8,26.8,19.62,95.94,0.79
103496,Ravi,INST-6229,3:30,0,38.4,38.9,48.7,64.6,0.1,23.3,15.5,22.24,93.08,0.18
103497,Ravi,INST-9158,10:00,826.6,47.1,38.6,4.9,71.3,14.3,0,11,22.31,94.42,1.66
103498,Arun,INST-3353,8:30,398.2,28.3,26.1,28.7,29.5,4.6,0,29.2,22.91,94.16,0.84
103499,Kumar,INST-7121,20:00,0,28,27.6,92.8,35.6,0.8,13.8,9.5,20.5,96.11,0
103500,Ravi,INST-6721,23:45,0,33.1,35,67.8,52.4,12.3,10.3,3.4,21.71,97.65,0.01
103501,Divya,INST-5772,1:00,0,39.8,37.9,25.1,71.5,8.7,0,18,22,93.02,0
103502,Arun,INST-9932,14:45,781.4,45.1,40.5,12.1,68.1,8.3,0,1.7,17.87,95.52,1.14
103503,Akash,INST-1855,17:15,117.2,22.2,21.6,67,39.7,10.9,8.8,30,20.4,94.28,0.24
103504,Priya,INST-9977,8:30,143.3,26.8,23.8,86.5,82.2,5.3,7.7,2.1,21.62,98.33,0.36
103505,Ravi,INST-7107,8:45,384.1,28.8,26.1,27.5,36.9,12.9,0,27.8,17.28,94.6,0.74
103506,John,INST-5459,20:45,0,28.1,26.7,89.7,30.4,13.3,19.5,23.4,18.33,94.34,0
103507,Meena,INST-7162,13:00,365.9,21.1,18.7,76.2,21.6,7.7,9,11.2,19.75,94.31,0.66
103508,Kumar,INST-8803,18:15,17.1,24.6,25.4,52.5,54.6,13.1,21.1,1.3,18.14,98.09,0
103509,Akash,INST-1299,18:00,0,38.8,39.8,2.4,25.3,11.5,0,26.1,18.12,96.73,0
103510,Priya,INST-2650,2:00,0,34.6,33.6,30.5,30,7.3,0,5.8,20.79,95.87,0.11
103511,Kumar,INST-1121,19:15,0,26.2,24.3,27.8,38.7,8,0,23,17.08,94.16,0
103512,Kumar,INST-3960,16:45,387,29.3,26.7,23.8,92.3,13.6,0,11.8,21.56,92.24,0.79
103513,Meena,INST-1667,1:00,0,40.1,39.8,77.2,46.2,13.2,18.8,16.3,18.97,97.83,0.15
103514,Ravi,INST-2516,10:30,724.3,41.8,34.5,19.9,45,8.1,0,16.8,17.3,95.37,1.14
103515,John,INST-2746,9:00,533.1,38.8,33.2,31.3,28.6,4.4,0,12.8,17.56,96.18,0.88
103516,John,INST-2810,14:00,857.7,34.4,27.8,3.2,83.3,13.7,0,11.7,20.22,94.53,1.69
103517,Meena,INST-6448,7:45,233.4,31.6,29.9,19.8,65.3,13.3,0,18.5,17.27,96.64,0.26
103518,Arun,INST-4817,17:00,84,29.7,27.1,75.1,58.3,4.6,16.2,15.8,19.35,94.18,0.3
103519,Kumar,INST-7617,6:30,0,25.8,27,48.4,26.5,5.4,15.7,2.3,22.87,94.42,0
103520,Priya,INST-8279,0:15,0,23.7,24.9,58.8,43,14.7,14.4,5.7,18.02,93.23,0.11
103521,Priya,INST-8906,12:00,561.3,31.1,27.8,54.9,32.8,7.8,8.5,28.4,22.93,98.53,1
103522,Kumar,INST-2968,6:30,7.2,25.5,25.3,62.7,43.1,4.1,21.6,5.9,19.86,96.02,0
103523,Divya,INST-6688,13:30,651.3,41.1,37.4,39.5,29.4,13.5,0,22.2,18.58,94.3,0.85
103524,Ravi,INST-6181,8:30,385.9,42.5,40.8,28.2,27.8,13.8,0,15.4,19.59,94.18,0.56
103525,Priya,INST-7978,2:45,0,38.6,38,23.8,38.9,13.7,0,9.1,18.95,99,0
103526,Meena,INST-3936,0:00,0,25.5,27.1,85.5,52.7,10.1,9.5,28.4,22.96,94.45,0
103527,Kumar,INST-8785,13:30,965.5,29.2,22.8,0.6,56.9,1,0,18.6,19.92,96.02,1.67
103528,Priya,INST-5900,11:00,734.5,32.3,24.7,28,68.9,4.9,0,23.2,20.26,98,1.24
103529,Ravi,INST-8651,5:45,0,21.3,19.9,54.1,23.7,3.9,22.4,15.6,17.41,97.79,0
103530,Arun,INST-8674,22:15,0,31.7,33.7,98.3,64.6,0.5,23.2,23.6,21.34,94.7,0
103531,Ravi,INST-4868,0:00,0,17.5,18.1,50.2,74.3,10.1,15.4,15.3,22.03,95.36,0
103532,Ravi,INST-3905,15:45,600.1,42.2,37.4,21.5,32.5,11.7,0,6.7,19.56,98,0.94
103533,Kumar,INST-3394,20:45,0,24.2,26,91.2,54.8,5.3,8.2,4.2,19.51,97.77,0.16
103534,John,INST-4375,1:30,0,41.3,41.1,88.9,86.6,11.5,21.1,2.9,21.06,94.43,0.05
103535,Akash,INST-5849,4:45,0,25.4,27.1,24.7,21.9,8.4,0,21.2,17.94,93.79,0
103536,Meena,INST-2469,8:15,471.2,30.1,25,10.3,65.6,12.8,0,21,19.61,94.94,0.87
103537,Arun,INST-6909,9:15,461.8,25.9,21.1,38.5,63.1,2.7,0,5.7,18.56,94.52,0.77
103538,Kumar,INST-9810,20:30,0,26.7,25.2,93.9,62.2,2.5,8.2,19.2,18.67,95.4,0
103539,John,INST-8294,14:30,600,28.3,21.9,35.8,80.8,10.1,0,18.5,19,95.05,1
103540,Akash,INST-9035,13:45,712.7,29.9,23,31.2,25.9,1.9,0,2.1,18.35,97.32,1.34
103541,Divya,INST-6839,6:30,0,34.5,35.7,16.1,79.5,4.3,0,23.3,18.99,97.49,0
103542,Kumar,INST-7962,16:15,274.4,25.4,21.6,50.6,36.1,9.3,4.8,10.2,18.49,97.29,0.34
103543,Priya,INST-6766,2:45,0,42.8,41.6,35.7,51.5,12.7,0,28.2,19.6,95.73,0.03
103544,Arun,INST-5190,15:00,195.7,28.9,25.7,86.6,21.3,0.7,22.8,1.2,18.28,92.14,0.2
103545,Priya,INST-3291,6:30,0,21.6,20.3,86.5,64.7,3.4,4.8,16.7,22.47,92.69,0.19
103546,Arun,INST-7705,7:15,198.7,21.9,21.1,37.1,44,13.6,0,3.2,20.88,93.87,0.23
103547,Akash,INST-9003,17:45,163,21.5,18.8,44.4,25.9,1.9,8.8,18.2,18.25,94.96,0.18
103548,Kumar,INST-3865,22:45,0,25.6,26.5,35.2,65.8,0.6,0,5.8,19.32,97.15,0.08
103549,Priya,INST-1575,10:45,810.4,29.8,22.2,7.5,27.5,4.4,0,10.2,19.72,98.92,1.52
103550,Divya,INST-8160,20:15,0,16.9,18.2,70.4,36.1,6.4,0.5,20.3,18.4,96.36,0.1
103551,Akash,INST-9336,19:00,0,26.9,27,68,62.1,7.4,14.2,11.8,20.43,95.96,0.07
103552,Priya,INST-3020,20:30,0,38.4,37.6,65,40.5,1.8,5.9,19.8,20.59,96.63,0
103553,John,INST-2491,11:30,897.9,34.4,25.8,10.2,88,13.5,0,27.6,18.26,93.43,1.19
103554,Divya,INST-1561,4:45,0,28.2,28.4,52.7,86.6,8,20.3,25,18.61,92.49,0
103555,Priya,INST-1972,22:45,0,36.7,38.4,48.4,72.6,3.8,11.5,23.6,22.61,97.14,0.07
103556,John,INST-4292,2:00,0,26.8,28.5,47.2,23.4,3.1,1.4,19.8,17.86,94.31,0
103557,Meena,INST-9978,12:45,563.6,42.7,38.8,54.7,39.2,2.4,2.5,17,21.61,93.17,0.88
103558,Meena,INST-9981,13:00,664.3,42.8,36.3,38.2,87.2,1.6,0,1.3,18.64,96.57,1.34
103559,Priya,INST-6193,3:30,0,24.4,25,79.6,24.5,5.2,16.6,21.1,21.05,95.35,0
103560,Arun,INST-7578,7:45,224.9,23.6,22.1,22.9,53.9,4.8,0,8,18.32,96.02,0.53
103561,John,INST-6579,6:45,0,24.2,24.1,1.2,26.3,4.2,0,18.9,17.83,96.71,0.17
103562,Akash,INST-9649,20:30,0,23.6,22.5,80.1,91,6.5,21.4,0.6,17.59,96.53,0
103563,Arun,INST-6024,12:45,898.2,30.4,21.8,11.1,22.9,12.1,0,0,17.05,97.33,1.48
103564,Ravi,INST-8132,21:15,0,41.3,39.9,48.6,71.5,9.3,1.9,10.2,18.28,92.82,0
103565,Meena,INST-4339,7:45,122.7,27.6,27.3,53.9,68.5,7,12,10.4,19.76,97.38,0.1
103566,Priya,INST-9066,4:00,0,24.7,25.8,74.8,21.9,3,21.7,10.1,19.3,98.39,0
103567,Divya,INST-5119,2:15,0,25.4,23.7,93.9,46.8,8.9,12.6,18.3,22.92,97.25,0.08
103568,Arun,INST-3310,13:45,817.6,44.1,39.2,17.8,86,9.2,0,29.9,20.85,96.57,1.32
103569,Priya,INST-5042,2:30,0,32.2,33.4,85.7,81.5,5.7,12.4,6.2,18.84,98.17,0.08
103570,Meena,INST-2367,23:30,0,23.4,22.4,46,30.2,2.1,8.1,6.5,18.85,96.62,0.09
103571,Divya,INST-4468,22:30,0,29.6,27.8,67.7,54.2,8.2,25,6.6,18.06,96.68,0
103572,Akash,INST-5820,0:45,0,23.2,21.4,43.1,90.9,11.1,1.9,8.4,17.93,93.83,0
103573,Kumar,INST-1136,14:30,852.6,29,21.4,1.3,91.9,9.8,0,17.1,18.52,98.06,1.49
103574,Arun,INST-7232,19:45,0,42,40.3,36.1,32.5,14,0,21.9,18.12,98.12,0.18
103575,John,INST-6132,9:15,498.3,38.8,33.5,34.9,65.8,6.5,0,19.8,19.34,96.41,1.01
103576,Akash,INST-9418,13:15,974,41.5,34.6,0.4,29.9,9.2,0,16.8,21.81,97.03,2.07
103577,Priya,INST-8408,0:15,0,29.5,28,71.3,29,8.5,1.8,25.7,18.7,92.66,0.02
103578,Priya,INST-6049,23:45,0,42.7,40.8,48.4,75.4,11.9,13.6,17.5,18.96,96.84,0
103579,Akash,INST-9444,5:15,0,28.3,29,97.7,50.3,4.6,2.1,0.3,22.48,94.68,0.07
103580,Meena,INST-3780,19:15,0,27.9,26.1,32.6,59.6,0.7,0,16.4,19.01,98.2,0
103581,Ravi,INST-4133,1:15,0,35.9,36,42.8,82.8,10.9,19,2.1,18.1,92.96,0
103582,Arun,INST-4839,16:30,273.9,38.4,34.9,57.5,72.1,2.1,15.7,29.4,17.21,93.07,0.25
103583,Kumar,INST-4973,11:15,807.7,39,32.8,20,27.9,1.8,0,7.2,21.59,96.34,1.62
103584,Divya,INST-4991,17:45,139.6,42.5,41.8,54.1,52.8,8,3.9,11.7,20.81,97,0.14
103585,Akash,INST-7686,10:00,675.6,42.2,37.1,27.4,54.5,3,0,27,17.93,92.16,0.98
103586,John,INST-5894,18:00,8.1,20.1,21.4,52.9,64.3,1.2,5.2,22.8,20.11,93.66,0.07
103587,Priya,INST-5744,2:00,0,21.7,19.8,80.4,52.9,6.2,22.3,0.6,19.03,92.01,0
103588,John,INST-6566,1:30,0,37,38.3,42.6,27.3,12.6,4.2,16.8,20.9,92.04,0.08
103589,John,INST-5320,3:45,0,25.9,27.1,26.9,71.3,6.1,0,5.4,21.99,95.64,0.01
103590,Meena,INST-2878,20:45,0,22.2,23.8,38.6,56.8,14.7,0,22.1,19.9,96.65,0
103591,Kumar,INST-8796,13:15,853.1,32.2,26,15.8,73.9,1.9,0,27.9,21.78,93.47,1.43
103592,Akash,INST-4838,10:45,549.9,24.6,20.8,46.5,78.2,10.7,10.3,15,21.84,92.74,0.91
103593,Ravi,INST-2646,1:15,0,35.3,33.6,86.6,59.1,12.9,21.4,25.9,21.11,97.87,0.02
103594,Priya,INST-2978,1:00,0,17.9,19.1,42.8,75.9,3.7,8.4,23.6,22.83,95.57,0
103595,Ravi,INST-2595,8:00,312.3,36.6,34.6,48.4,37.1,1.2,12.4,11.5,17.29,95.17,0.44
103596,Arun,INST-8588,16:30,173.9,35.8,34.5,78.4,26.7,1.2,15.4,25.3,20.19,94.15,0.36
103597,Divya,INST-1748,11:00,969.5,42.9,35.8,1.1,37.4,0,0,18.8,17.18,98.99,1.36
103598,Priya,INST-4531,3:00,0,36.8,38.1,75.8,67.2,12.8,20.8,9,18.4,93.92,0
103599,Akash,INST-8609,17:30,223.5,29,27.9,13.2,89.9,11.3,0,22.8,22.58,96.14,0.4
103600,Kumar,INST-5042,8:30,487.6,35.3,32.8,0.7,26.5,9.4,0,6.4,19.66,94.72,0.83
103601,Divya,INST-1068,12:00,718.1,36.4,31.4,34.9,51,11.9,0,16.2,22.47,97.57,1.64
103602,Divya,INST-3072,16:30,228.6,41.2,39.2,69.2,60.1,8.6,15.1,6.8,18.68,98.28,0.23
103603,Meena,INST-8207,4:30,0,27.4,29.1,59.9,36.7,8.6,21.3,19.5,19.42,92.18,0.19
103604,Priya,INST-7687,0:30,0,41.9,40.1,66.7,55.8,10.5,21.6,2,20.74,92.44,0
103605,Akash,INST-7938,16:45,406.5,24,20.4,21.9,47.2,8.3,0,6.5,19.07,98.58,0.83
103606,Ravi,INST-5992,15:00,311.1,35.6,34.7,70.1,87.2,2.4,10.4,11.6,19.08,98,0.62
103607,Priya,INST-8018,10:45,611.2,32.2,26,35.1,90.8,14.6,0,24.7,17.84,98.56,0.75
103608,Ravi,INST-6531,20:15,0,31.6,31.7,81.2,64.2,2.8,23.7,12.3,19.17,98.1,0
103609,Divya,INST-7898,2:30,0,36.5,35.1,22.3,85.8,2.8,0,26.2,20.64,96.4,0.06
103610,Ravi,INST-9449,13:00,607.7,39.7,34.1,45.4,75.5,2.9,0.3,7.6,18.68,93.02,1.05
103611,Divya,INST-9850,11:15,885.9,40,34.6,11.8,73.4,3.3,0,17.5,20.39,93.52,1.57
103612,John,INST-1120,1:15,0,37.2,37.5,59.2,61.6,12.5,23,19.7,20.97,92.11,0.16
103613,Ravi,INST-6556,13:30,418.8,30.1,26.4,66.2,22.8,11.1,20,1.4,18.95,92.39,0.8
103614,Divya,INST-1113,8:45,431.8,23.6,19.6,17.4,63.2,1.7,0,23,21.61,94.94,0.69
103615,Kumar,INST-7232,4:45,0,39.1,40.8,66.9,72.5,5.8,11.1,29,22.31,95.19,0.08
103616,Meena,INST-4034,19:45,0,35.2,34.3,77.3,90,11.8,17.2,18.7,19.15,93.9,0.02
103617,Divya,INST-9845,17:00,119,34.6,34.6,60.4,82.4,11.9,18.8,14.2,19.17,97.55,0.33
103618,Divya,INST-6535,10:00,643.3,31.7,25.1,29,26,11.1,0,24,21.48,97.05,1.19
103619,Akash,INST-8240,16:30,160.1,39.1,39.3,77.8,63.3,7.9,1.6,27.6,22.03,92.56,0.43
103620,Ravi,INST-2658,7:30,109.1,39.3,37,75.3,35.9,14.8,18.7,16.4,21.59,92.53,0.36
103621,Ravi,INST-5799,12:15,767.3,39.7,34.5,28.1,46.8,6.6,0,22.6,18.29,96.64,1.2
103622,Kumar,INST-4810,1:00,0,24.8,25.6,39.4,49.8,7.5,0,24.1,18.49,97.33,0.13
103623,Ravi,INST-6273,9:45,393.1,33.2,29.1,50.6,34.1,11.7,11.8,28,20.44,92.53,0.79
103624,John,INST-7501,14:45,802.5,36.9,31.8,6.1,76.4,3.2,0,25.2,19.42,98.79,1.27
103625,Akash,INST-3178,2:00,0,35.8,35.4,98.3,30.7,0.4,11.3,27.5,20.54,96.92,0
103626,Ravi,INST-1897,8:30,391,43,38.4,24.7,48.7,3.6,0,28.4,19.25,95.14,0.48
103627,Meena,INST-8107,4:15,0,20,20.7,21.7,62.6,12.3,0,16.8,20.39,92.15,0
103628,Ravi,INST-2925,23:15,0,35.8,35,71.4,22.2,14.1,11.4,0.1,22,93.07,0.09
103629,Kumar,INST-3306,7:45,85.1,27.5,26.8,80.2,65.9,4.1,9.4,26,18.95,97.82,0.05
103630,John,INST-9279,9:15,504.2,38.6,32.5,37.7,74.6,13.3,0,13.2,19.86,96.43,0.82
103631,Meena,INST-9677,10:45,505.1,27.7,25.2,49.4,72.2,2.7,3.4,17,18.59,95.77,0.67
103632,Meena,INST-2494,12:30,898.4,38.8,29.8,13,44.5,1.3,0,14,20.18,93.68,1.78
103633,Priya,INST-5484,9:45,352,31.2,28.7,59.9,34.8,6.7,18,28.6,22.99,93.35,0.66
103634,Divya,INST-3933,15:45,261.7,44.9,41.2,78.6,70.1,7.6,13,11.5,21.01,97.48,0.6
103635,Arun,INST-1150,10:00,448,34.9,29.3,59.8,50.3,2.2,1.7,6.3,21.63,94.31,0.9
103636,Akash,INST-6209,3:30,0,20.4,21.2,38.6,25.4,12.9,0,21.4,17.75,96.31,0.06
103637,Divya,INST-1768,17:45,127.6,39.7,36.9,59.5,39,12.6,20.2,23.5,17.61,92.1,0.29
103638,Meena,INST-4881,19:45,0,22.2,20.6,57,71.6,5.5,21.7,5.5,18.85,97.17,0
103639,Akash,INST-7128,10:15,436.4,36.9,32.4,61.9,62.1,14.5,24.2,5.9,18.9,94.66,0.65
103640,Ravi,INST-3947,5:45,0,20.6,20,77.3,57.5,0.9,2.1,8.3,20.11,92.22,0.11
103641,John,INST-8255,21:30,0,25.8,26,85.2,56.4,4.4,16.1,4.5,18.08,98.18,0
103642,Arun,INST-2086,17:15,181.3,36,35.4,37.4,58.8,5.4,0,15.4,17.06,93.9,0.31
103643,Divya,INST-4380,4:45,0,31.3,30.3,91.4,52,7.1,22.5,5.7,17.32,93.01,0.17
103644,Akash,INST-9605,8:30,307.6,38.4,35.4,50.8,48.5,13.9,0.7,8.9,20.15,98.82,0.71
103645,Arun,INST-7974,9:45,318.3,43.8,39.5,64.8,64.3,7.5,24.6,8,18.8,98.36,0.75
103646,Priya,INST-3331,23:30,0,32.7,34.5,83.7,91,6.9,14.6,20.6,21.96,96.12,0
103647,Priya,INST-3346,4:00,0,35.4,36,34.5,27.2,2.1,0,20.5,19.12,93.47,0
103648,Ravi,INST-6319,9:00,334.6,23.7,22,64.4,20.6,11.5,21.5,13.6,19.86,92.54,0.39
103649,Ravi,INST-4369,5:15,0,28.2,28.3,97.1,41.5,13.1,12.7,8.6,17.96,95.27,0
103650,John,INST-7917,8:15,453.4,39.9,37.3,7,36.4,3.5,0,28,21.85,97.68,0.73
103651,Akash,INST-8882,7:00,115.7,30.2,30.9,67.2,51.7,11.2,19.1,18.1,20.68,95.82,0.06
103652,Kumar,INST-2526,4:00,0,40.3,40.9,31.9,57.6,9.2,0,5.9,20.7,96.83,0
103653,Priya,INST-5378,3:15,0,36.3,36.4,93.9,69.7,6.8,1.5,14.9,20.72,96.72,0.19
103654,Arun,INST-5917,8:30,400.4,33.2,29.3,27,92.3,1,0,6.9,17.66,97.66,0.74
103655,Akash,INST-9624,15:15,626.7,29.9,25.2,10.5,42.2,9,0,24.1,22.32,96,1.09
103656,Akash,INST-9656,9:30,443.1,42.3,37.4,46.2,21.1,12.9,13.9,10.3,21.27,92.95,0.71
103657,Arun,INST-8758,11:00,358.2,21.3,19.7,75.5,42.9,1.7,0.2,7.1,21.69,97.7,0.9
103658,Ravi,INST-9005,7:45,86.7,41,39.4,87.8,43.1,14.5,1,19.5,21.95,96.05,0.21
103659,Priya,INST-7630,21:30,0,34.7,33.9,37.7,45.9,2.2,0,17.4,21.73,93.21,0.16
103660,Priya,INST-9335,15:00,361.5,23.5,19,61.8,33.4,14.8,9,3.9,18,95.79,0.51
103661,Meena,INST-7282,1:00,0,28.6,27.2,43.3,28.7,12.7,21.6,8.6,22.18,93.27,0.12
103662,Meena,INST-2632,3:45,0,18.6,19.1,35.3,44.3,11,0,15.4,20.78,95.52,0
103663,Akash,INST-1634,5:45,0,22.4,22.7,95.9,37.9,14.8,1.3,20.7,22.4,94.38,0
103664,Kumar,INST-3074,23:45,0,42.6,40.8,82.8,72.1,5.2,21.1,8.3,17.53,98.79,0
103665,John,INST-6143,13:30,686.1,36,29.2,34.3,89.9,11,0,7.6,20.68,98.57,1.26
103666,John,INST-1136,0:00,0,39.4,38,94.8,28.2,11.4,24.1,7.9,19.68,93.9,0.09
103667,Ravi,INST-8777,7:15,209.1,28.4,25.8,17.1,69.7,8.1,0,6.7,19.89,97.46,0.55
103668,Arun,INST-4425,23:15,0,18.4,19.1,41.5,28.9,7.4,9.2,16.2,19.53,97.7,0
103669,Ravi,INST-1585,0:30,0,36.9,38.5,67.9,87.3,2.4,18.3,15,21.51,96.36,0.05
103670,Kumar,INST-5937,16:00,378.2,45,41.3,25.7,49.2,13.8,0,6.8,22.75,98.79,0.76
103671,Meena,INST-9613,1:00,0,28,26.9,60.3,54.6,1.5,17.2,3.3,22.57,93.56,0.09
103672,Arun,INST-4155,15:00,355.8,27.1,24.6,59.9,90,4.8,2.6,5.9,20.25,93.71,0.6
103673,John,INST-2788,17:30,213.5,43.6,40.8,15.9,94.3,6.8,0,2,22.17,98.71,0.65
103674,Kumar,INST-4744,15:00,668.6,26.4,22.6,6,42.1,10.9,0,16.9,17.5,95.31,0.91
103675,Ravi,INST-9749,4:45,0,33.4,33.6,33.2,51.4,11.6,0,21.8,20.63,96.3,0
103676,Ravi,INST-5926,3:45,0,27.8,27.3,69.3,47,6,21,2.5,21.42,95.89,0.02
103677,Arun,INST-2424,22:00,0,25.2,25.5,99,36.5,8.4,5.9,17.6,18.93,98.92,0.08
103678,Kumar,INST-2849,8:15,315.6,42.7,41.7,45.1,71.5,1.8,11.9,19.4,20.27,93.53,0.7
103679,John,INST-7259,8:15,431.9,41.7,37.9,15.5,77,10,0,10.1,19.06,97.42,0.58
103680,Kumar,INST-6729,17:00,138.3,37.3,36.7,59.7,67,14.3,6.3,8.7,17.58,98,0.04
103681,Meena,INST-4809,9:15,234.3,41.6,38,82.9,53,14.8,23.4,25.4,21.86,95.1,0.54
103682,John,INST-1771,15:15,652.4,25.6,19.9,12.4,49,7.1,0,27,19.95,96.66,0.94
103683,Kumar,INST-5661,1:15,0,41.5,40,24.3,52.8,7.5,0,9.6,21.54,93.83,0
103684,Priya,INST-9224,8:00,475.7,41.5,36,1.6,26.8,3.6,0,25,21.12,93.18,0.67
103685,Ravi,INST-5182,0:00,0,36.7,37.7,27.5,79,9.6,0,4.8,19.13,96.45,0.15
103686,Priya,INST-3457,14:45,246.8,25.8,24,84.5,51.5,4.3,9.4,15.5,22.52,98.17,0.43
103687,Priya,INST-7116,22:15,0,26.8,27.5,36.5,77,4.6,0,26.5,22.58,96.41,0.04
103688,John,INST-9443,14:00,482.1,34.7,32.6,54.3,58.3,3.4,23.6,26.6,22.06,94.63,0.84
103689,Divya,INST-9760,20:45,0,19.2,19.7,63.5,50.9,9.3,3,21.9,20.44,95.97,0
103690,Divya,INST-8422,21:00,0,30.6,30.1,74,72.2,5.7,11.4,27.2,18.78,95.77,0
103691,Divya,INST-8246,21:30,0,39.8,39.8,68,56.2,10.4,19.8,18.8,17.09,98.32,0
103692,Akash,INST-9593,4:15,0,23.9,24,72.5,82.8,3.4,6,14,18.7,92.65,0.07
103693,Arun,INST-8110,15:45,272.4,31.6,28.7,73.4,60.8,14.1,6.5,12.1,21.46,97.29,0.4
103694,Divya,INST-4442,4:00,0,17.4,18.1,39.9,79.9,10.2,0,17.5,21.79,95.56,0.15
103695,Arun,INST-3562,18:30,10.1,37.3,37.6,30,76.7,0.8,0,15.7,18.29,97.7,0
103696,Priya,INST-1166,13:15,835.9,27.9,20,17,36.9,4.6,0,18.7,20.38,95.44,1.63
103697,Divya,INST-1050,20:30,0,26,27.5,63.3,72.7,11.3,4,18.3,20.79,97.8,0
103698,John,INST-4310,13:30,383.3,43.7,38.6,74.7,38.8,6.3,3.5,20.9,21.16,94.74,0.67
103699,John,INST-1177,16:45,445.1,24.6,19.4,14.8,38.5,12.7,0,11.2,22.12,94.97,0.71
103700,Priya,INST-9369,14:00,544.4,42.3,36.9,41.8,62.9,9,17.9,1.4,21.86,98.37,1.31
103701,Ravi,INST-3455,5:00,0,42.1,41.8,39.4,49.8,4.7,0,5.7,18.87,92.76,0.17
103702,Priya,INST-8760,7:30,260.4,40.8,39.6,8.1,26.6,6.1,0,28.3,19.19,94.29,0.53
103703,Arun,INST-5052,6:30,0,38.1,37.1,32.8,75.9,1.3,0,19.7,19.44,92.16,0
103704,Kumar,INST-4812,16:45,232.2,26.1,26,64.3,90.3,3.9,8.1,27,18.9,96.56,0.19
103705,Priya,INST-7770,11:15,676.3,43.6,37.4,35.8,66,12.7,0,18.8,21.07,95.4,1.28
103706,Kumar,INST-5337,2:30,0,23.4,21.6,83.7,40.7,14,6.9,17.5,21.11,94.21,0
103707,Ravi,INST-1283,21:30,0,27.5,26.4,35.7,82.5,4.2,0,28.4,19.27,93.46,0
103708,John,INST-7619,11:00,389.3,41.6,40,70.2,22.6,9.3,14.6,26,19.58,98.68,0.82
103709,John,INST-4858,16:30,224.8,37.7,35.6,68.1,63.2,2.4,0.4,1.5,20.63,98.96,0.6
103710,Kumar,INST-3480,21:15,0,35.7,37.2,85.5,63.7,3.3,21.8,12.9,19.94,97.5,0
103711,Arun,INST-5801,18:00,10.8,38.8,39.8,12.6,86.3,6.4,0,26.1,21.55,92.79,0
103712,Arun,INST-5395,11:00,668.5,35,29.8,37.3,71.1,8.6,0,0.2,20.72,92.6,1.27
103713,Arun,INST-4885,7:30,139.1,23,23,50.9,87.9,3.7,10.8,21.4,20.26,95.22,0.09
103714,John,INST-6800,22:00,0,37.2,35.2,81.7,71.9,8.6,2.6,23.8,20.99,92.63,0.13
103715,Arun,INST-9713,21:15,0,32.8,33.6,26.2,49,2.4,0,27.5,19.4,94.63,0.04
103716,Ravi,INST-4472,16:45,171.4,42.1,38.8,76.8,86.9,9.6,11,6.9,22.83,93.14,0.51
103717,Arun,INST-5132,5:45,0,41.9,41.6,36,36.1,7.7,0,2.4,19.04,92.73,0
103718,Arun,INST-9543,15:30,458.7,28.3,24.7,42.9,72.2,6.6,7.8,8.2,17.47,94.41,0.76
103719,Ravi,INST-7335,22:30,0,25.1,26.4,34.6,38.5,1.9,0,9,18.61,95.76,0
103720,Meena,INST-2944,18:30,0,32,31.2,28.7,53.7,4.8,0,24.3,19.96,97.02,0.11
103721,Meena,INST-8380,0:45,0,27.2,26.3,53.9,27.8,6.4,4.3,0.8,18.17,97.83,0
103722,Priya,INST-5244,19:30,0,28.5,29.4,63.8,38.8,14.5,10.7,10.5,22.55,98.1,0.07
103723,Kumar,INST-1095,10:45,518.2,43.2,38.6,49.5,23.5,2.6,18.1,19.2,22.12,96.16,1
103724,Arun,INST-3802,1:15,0,31,33,48.5,72.8,8.9,19.2,5.9,19.07,93.81,0.03
103725,Kumar,INST-1813,23:15,0,35.2,36.7,59.2,83.4,8.7,4.2,2.6,17.09,96.71,0
103726,Divya,INST-3231,11:45,563,44.2,37.9,51.5,38.6,11.8,17.3,22.2,18.5,93.48,0.84
103727,Ravi,INST-4801,5:15,0,32.6,31.2,44,55.1,9.6,0.3,14.4,20.2,95.44,0.11
103728,Ravi,INST-7222,17:30,225.3,33.6,30.2,13.4,62.2,8.8,0,24.7,17.97,96.72,0.36
103729,Priya,INST-6867,2:15,0,38.3,38.6,31.2,48.7,0.7,0,28.9,20.5,97.03,0.19
103730,John,INST-5598,3:00,0,22.6,20.6,82.3,87.4,3.5,7.4,27.6,21.32,93.74,0
103731,Meena,INST-1350,3:15,0,31.8,31.8,45.3,59.1,3.1,19,21,22.91,98.52,0.08
103732,Akash,INST-9032,2:30,0,41.2,40.5,45,33.8,12.3,20.5,20.7,22.38,96.71,0.17
103733,Meena,INST-8944,2:30,0,38.9,38.9,55.1,23.3,14.8,15,2.5,20.87,97.21,0
103734,Meena,INST-4090,7:45,116.8,32.4,33,73.3,90,2.7,6.6,28.7,21.52,92.61,0.13
103735,Akash,INST-7888,7:00,73.9,34.8,34,88.5,24.2,1.6,8.6,4.4,22.41,92.81,0.29
103736,Meena,INST-5207,19:00,0,35,35.4,69.9,70.4,5,11.9,7,20.93,94.96,0.02
103737,John,INST-4654,2:15,0,37.7,39.6,83.1,77.3,0,2.3,16.4,22.34,97.78,0
103738,Akash,INST-5063,17:15,237.2,25.2,23.6,16.3,78,14.5,0,17.1,21.4,92.56,0.44
103739,Priya,INST-8980,16:30,160.6,28.6,28.8,77.3,41.4,3.6,14.5,27.1,17.24,96.49,0.12
103740,Meena,INST-5203,17:15,273.1,33.3,32.8,2.6,23.5,13.2,0,1,17.03,96.11,0.41
103741,Priya,INST-9778,22:15,0,42.9,41.3,35.1,26.4,7.1,0,28.8,18.01,97.59,0
103742,Kumar,INST-1789,14:30,866.7,37.1,31.8,0.3,91,4.2,0,15.5,17.36,95.13,1.14
103743,Priya,INST-8235,19:45,0,19.6,18.4,49.6,44.5,2.4,21,16.2,18.97,97.07,0
103744,John,INST-6797,22:30,0,21.4,22.7,77,59.4,13,18.3,11.6,21.3,93.79,0.03
103745,Kumar,INST-5190,14:00,361.7,31.1,27.8,71.4,74.9,0.1,15.7,23.9,21.45,98.11,0.87
103746,Kumar,INST-3880,1:00,0,20.2,19,67.9,21.7,9.4,13.1,13.9,19.54,93.75,0.09
103747,Meena,INST-6495,16:00,477.8,42.6,38,7.6,32.4,6.6,0,12.6,22.3,97.96,1
103748,Divya,INST-9238,8:30,448,33,28.4,11.4,92.8,0.9,0,26.1,22.66,97.63,0.8
103749,Divya,INST-7738,10:45,799.5,31.2,25.2,8.3,42.6,14.8,0,17,22.87,94.47,1.62
103750,Priya,INST-5165,18:00,0,38.7,37.9,87.3,22.1,13.2,23.9,10,22.59,94.1,0.14
103751,Akash,INST-3784,20:30,0,20,20.6,31.6,61.4,12.4,0,13.7,21.66,97.69,0
103752,Ravi,INST-8495,12:45,442.2,39.9,34.8,66.9,68.3,2.7,24.2,7.2,22.03,97.36,0.91
103753,Divya,INST-1148,12:30,394.9,44.4,42,70.5,76.8,11.9,10.9,7,18.34,92.3,0.76
103754,Akash,INST-9381,1:00,0,41.6,41.8,65.5,77.3,6.3,4.3,25.7,20.64,93.6,0
103755,Akash,INST-1020,2:45,0,39.7,41,99.8,51.2,5,1.7,26.9,17.76,98.79,0
103756,Meena,INST-5259,4:45,0,37.5,39.2,93.6,94,14.6,13.8,6.4,20.88,97.93,0.06
103757,Ravi,INST-1844,5:30,0,32.6,34.4,89,82.3,13,10,22,17.1,95.17,0.02
103758,Meena,INST-4605,7:00,104.9,26,25.1,68.4,44.3,6.2,23.8,28.2,20.33,95.23,0.05
103759,Priya,INST-9340,8:15,402.4,24.3,21.6,21.4,81.5,13.1,0,17.6,18.52,98.66,0.66
103760,Priya,INST-7196,12:15,501.3,25.3,19.1,58.5,32.1,6.5,24.6,21.4,20.08,95.26,0.69
103761,Arun,INST-2371,22:30,0,25.6,24.3,46.9,70.5,13.5,23.7,22.6,17.6,92.73,0.02
103762,Kumar,INST-5757,0:00,0,35.5,35.1,57.5,42.8,14.9,17.7,18.9,22.3,98.27,0.09
103763,Akash,INST-3466,11:15,681.5,24.6,20.5,37,30.2,3.4,0,29.3,21.14,95.36,1.08
103764,Divya,INST-6583,12:30,277.8,36.3,35.3,88.2,94.6,0.7,3.3,8.8,18.07,93.62,0.63
103765,Priya,INST-7593,12:30,817.7,43.3,35.5,20.5,83.9,10.4,0,27.5,21.87,96.36,1.47
103766,Arun,INST-2072,2:00,0,41.5,41,45.3,53.1,12.7,21,29.2,22.59,96.05,0.09
103767,Akash,INST-8719,13:30,880.3,43.6,35.1,11.3,74.6,1.4,0,27.6,22.01,98.04,1.54
103768,Ravi,INST-2274,1:00,0,33.4,34.3,22.5,22.7,12.3,0,5.6,22.54,94.18,0
103769,Akash,INST-7841,17:45,104.5,25,22.8,63.9,46.9,7.1,15.8,4.1,21.64,97.45,0.11
103770,Arun,INST-1133,5:30,0,21.4,22.4,83.1,60.8,13,0.6,23.2,19.46,97.72,0.08
103771,Meena,INST-8580,15:45,528.9,31.3,26.5,28.3,32.3,8.5,0,7.7,18.42,92.51,1.02
103772,John,INST-6611,21:15,0,25.1,24.3,40.7,92.8,13,23.7,12.2,21.36,93.86,0.12
103773,Priya,INST-3590,4:15,0,35.8,35.1,37.1,67.6,12,0,8.4,21.73,96.67,0
103774,John,INST-9605,11:45,413.7,38.3,35.6,70,44.6,10.5,4.4,18.9,19.78,96.34,0.75
103775,John,INST-3170,12:00,629,40.5,36.9,43.2,37.6,8,11,23.6,20.98,92.81,1.19
103776,Kumar,INST-6760,10:30,644.7,37.3,33.3,33,45.1,8.6,0,3.4,18.25,93.21,1.26
103777,Akash,INST-8677,14:15,831.7,41.4,34.2,5.4,38.1,9.2,0,21.7,18.53,95.92,1.18
103778,Divya,INST-6630,6:00,0,34.4,33.8,73.5,91.4,8.2,4,28,20.39,92.59,0.14
103779,Kumar,INST-6250,0:45,0,30.1,30,38.9,90.5,5.1,0,10.9,19.35,92.83,0
103780,Priya,INST-5343,13:15,632.3,34.7,27.5,41.5,50.5,1.1,23.4,21.2,19.36,93.13,1
103781,Arun,INST-6075,7:00,65,39.1,38.9,86.3,81.9,5.3,17.7,25.8,20.56,95.17,0
103782,Ravi,INST-2141,9:30,491.5,34.4,31.1,34.6,41.3,12,0,2.7,20.93,92.98,1.11
103783,John,INST-2640,6:00,0,27,26.6,11.5,24.2,8.6,0,18.5,18.41,98.98,0.08
103784,Arun,INST-3482,22:00,0,40.1,40.9,33.2,25.2,7.5,0,12.2,21.7,95.07,0.13
103785,Akash,INST-9691,6:15,0,27,27.8,49.7,71.3,0.3,0.2,28.4,20.98,95.41,0
103786,John,INST-7709,5:30,0,32.7,32.3,73.3,74.8,2.1,5.4,10,18.13,92.83,0
103787,John,INST-4252,13:30,687.5,34.6,29.2,35,67.6,13.7,0,9,17.14,96.41,0.99
103788,Arun,INST-4006,3:00,0,25.5,24.2,69.6,91.4,11.3,12.3,0.6,22.17,94.62,0.19
103789,Arun,INST-2651,12:30,334.7,20.4,18,79.1,89.4,4.3,9.2,10.6,20.14,93.46,0.55
103790,Divya,INST-3604,4:30,0,33.7,31.8,82.5,63.5,11.9,20.7,19,20.35,96.98,0
103791,Akash,INST-9281,18:00,0,36,34.3,8.8,86.7,10.9,0,15.9,18.71,94.18,0
103792,Meena,INST-3861,21:15,0,30,28.2,79.7,85.1,11.5,10.8,23.6,22.82,96.57,0
103793,Arun,INST-9136,8:15,145.8,44.3,41.5,80.6,67.8,5.2,4.6,18.6,21.82,92.03,0.44
103794,Kumar,INST-8255,15:00,672.6,30.9,26.9,4.2,46.1,9,0,22.2,22.19,93.19,1.37
103795,Divya,INST-9564,9:00,554.3,33,30,27.7,20.5,7.7,0,22.7,21.7,95.24,1.14
103796,Meena,INST-2270,10:45,483.1,23.7,21.2,54.9,68.4,6.8,19.2,1,17.38,95.88,0.71
103797,Ravi,INST-6048,22:45,0,33.5,34.6,87.7,78.6,10.4,23.3,9.3,21.65,96.17,0
103798,Meena,INST-4046,16:30,463.2,45.8,42,12.5,83.1,4.2,0,13,18.45,95.11,0.92
103799,Akash,INST-8221,17:30,86.5,28.9,28.6,74.5,37.7,1,24.6,3.4,22.74,97.64,0.14
103800,Meena,INST-3265,9:00,211.6,31.5,30.5,81.5,61.1,4.7,16,8.2,21.44,93.21,0.24
103801,Priya,INST-2341,0:15,0,37.5,37.3,72.6,35.2,1.8,6.7,20,17.41,92.54,0
103802,Arun,INST-1744,2:45,0,30,29.2,85,27,4.7,11.9,13.1,22.96,98.09,0
103803,Arun,INST-4093,16:00,412.9,28.8,24.2,16.7,60.4,3.9,0,23.4,21.5,95.56,0.56
103804,Divya,INST-1707,18:15,5.8,25.8,26.7,41.5,34.5,10.4,4.1,8.2,21.06,96.75,0
103805,Arun,INST-7327,19:00,0,38.4,37.8,70.3,49.9,6.5,15.6,27.7,17.01,97.43,0
103806,Divya,INST-3443,4:15,0,35.4,35.3,76.1,52.8,0.4,22,28.3,18.44,97.79,0
103807,John,INST-6741,7:45,90.2,18.6,19.1,85.1,87,0.3,5,15.4,22.98,94.73,0.32
103808,Ravi,INST-3267,17:30,222.1,23.6,21.7,25.1,51.5,2,0,11.4,22.82,97.02,0.37
103809,John,INST-2782,21:30,0,27.2,29,84.6,41.5,4.9,8.7,26.9,20.8,93.17,0.16
103810,Ravi,INST-8066,0:15,0,28.5,30.4,39.9,71.2,0.2,0,19.1,20.56,95.75,0
103811,Divya,INST-3276,20:30,0,32,33.2,53.8,65.7,2.2,23.8,3.6,20.08,92.72,0.05
103812,Kumar,INST-6246,17:15,124.9,34.8,35.2,69.6,32.5,2.2,7.6,4.1,17.43,97.39,0.16
103813,Ravi,INST-9450,6:00,1.7,32.7,33.6,22.9,90.3,2.5,0,20.1,18.29,98.69,0
103814,John,INST-7962,12:00,551.4,24.6,19.9,54.2,27,7.6,4.9,28.1,22.44,93.68,0.89
103815,Meena,INST-3925,2:30,0,25.8,26.6,47.6,53.5,2.3,0.7,1.5,18.58,95.61,0.04
103816,Divya,INST-5315,8:15,165.6,35.5,32.7,81.8,35,3.3,6.3,25.8,19.19,92.37,0.14
103817,Divya,INST-5404,7:15,126.4,42.3,39.3,66.1,50,0.1,16.2,16.5,17.01,98.66,0.19
103818,Akash,INST-7255,15:30,195.2,33.7,30.5,85.9,91.6,10.9,22.8,9.5,22.04,93.58,0.32
103819,Kumar,INST-9217,6:45,3.6,17.9,18.9,68.9,74.3,14.9,14.8,28.8,21.69,92.39,0
103820,John,INST-8512,12:00,272.8,44.4,40.5,85.7,29,11.1,22.5,13.8,20.79,93.08,0.51
103821,Meena,INST-3593,5:30,0,35.4,36.1,72.6,28.7,6.7,6.1,29.2,17.91,92.55,0.14
103822,Ravi,INST-2042,3:45,0,26.7,25.9,45.7,54.1,13.1,12,11.1,17.26,94.93,0.09
103823,John,INST-5266,22:00,0,28.3,29.8,82.8,49.9,9.4,13,25.3,21.27,92.37,0
103824,Arun,INST-5691,18:15,7.1,19.8,18,19.7,62,3.4,0,3.6,20.2,97.64,0
103825,Meena,INST-6127,21:00,0,23.2,22.7,99.4,24.1,12.6,12.7,25.7,17.06,97.26,0
103826,Priya,INST-5084,14:15,812.3,39.7,31.7,9.8,22.2,11.6,0,16.5,20.09,98.01,1.63
103827,Priya,INST-9865,15:30,426.9,31.2,29.1,50.9,33.3,8.7,21.9,14.4,17.23,96.13,0.82
103828,Kumar,INST-9839,12:15,328.1,20.4,18.9,78.7,40.7,6.4,11.5,12.4,18.18,92.28,0.41
103829,Priya,INST-7348,18:00,10.2,31.1,31.1,82.2,55.1,5.7,15.3,16.1,19.44,98.11,0
103830,John,INST-2052,3:30,0,19.6,20.5,26.5,32.5,11.7,0,5.3,19.01,95.22,0
103831,Priya,INST-9259,23:00,0,21.3,21.3,62,33.2,3.4,3.3,19.2,19.85,98.83,0.12
103832,Divya,INST-7100,5:00,0,36.9,38.2,75,78.4,10.9,23.3,20,18.45,98.06,0.08
103833,Kumar,INST-5705,2:45,0,38.9,38.7,50.7,51.3,6.6,9.1,17.5,17.79,95.09,0
103834,John,INST-7674,0:30,0,42,40.2,35.1,88.9,5,0,27.2,18.72,97.32,0
103835,Akash,INST-9818,7:30,126.1,30,28.5,62.2,57.8,1.4,17.4,22.7,19.4,93.11,0.05
103836,Priya,INST-9151,15:15,481.3,29.1,23.8,35.1,20.2,13.8,0,16.3,17.39,97.47,0.56
103837,Divya,INST-8715,17:15,54.7,39.9,38.1,87.5,31.7,6.1,11.9,7.5,20.52,95.39,0.2
103838,Kumar,INST-4005,5:30,0,30.9,30.4,24.5,37.3,10.1,0,4.8,22.84,93.81,0
103839,Meena,INST-5343,21:30,0,23.9,24.8,78.1,56.2,2.4,13,14.8,20.6,93.22,0
103840,Divya,INST-8531,2:45,0,27.4,27.8,44.9,49.1,8.5,14.4,7.8,22.2,96.77,0
103841,Kumar,INST-8739,13:15,822.5,43.1,37.7,17.2,93.3,9.1,0,26.9,22.71,98.38,1.61
103842,Divya,INST-1476,19:00,0,40.3,41.6,34.1,26.2,2.4,0,12.2,18.9,98.4,0.09
103843,Priya,INST-6985,13:45,898.5,45.9,39.7,6.7,73.2,11.3,0,22.1,20.65,93.34,1.5
103844,John,INST-5761,7:45,140.2,25.2,22.4,60.5,39.1,10.9,2.5,5,22.31,92.93,0.1
103845,Kumar,INST-4050,1:00,0,30.6,30,63.3,31.5,7.2,15.4,19.8,19.59,97.59,0
103846,Kumar,INST-1426,6:00,3.9,24.9,24.4,44.1,36.2,14.9,8.8,6.4,19.5,98.23,0.02
103847,John,INST-9690,3:30,0,20.8,20.4,78.9,48.6,8.5,21.5,29.1,20.34,97.69,0
103848,Arun,INST-1046,16:30,138,28.7,26.4,89.3,45.2,13.6,6.6,11.2,19.42,94.03,0.31
103849,Kumar,INST-5131,1:00,0,30.5,29.1,23.8,61.2,10.6,0,29.2,20.7,93.15,0.15
103850,Meena,INST-8743,23:30,0,39.2,39.8,23.8,38.6,10.8,0,3.5,17.94,97.36,0.18
103851,Arun,INST-7108,8:30,248.8,28.1,26.8,61,20.9,10.2,11.3,9.5,17.8,93.76,0.37
103852,Divya,INST-3433,7:45,172.5,22.1,22.6,39.8,53.3,13.4,0,12.2,20.26,94.8,0.18
103853,Divya,INST-5897,0:00,0,27.7,29.2,56.7,66.3,10.9,12.5,8.2,17.09,94.8,0
103854,Meena,INST-5975,8:00,232.7,23.6,19.9,61.1,47.2,5,16.6,9.7,20.14,95.92,0.26
103855,John,INST-3942,4:15,0,33.3,35.1,87,30,12.6,5.9,10.7,17.38,96.64,0.11
103856,Akash,INST-4102,13:15,304.8,28,26.4,83.3,92.3,7.1,16.5,23.8,18.58,94.36,0.55
103857,Divya,INST-7137,19:15,0,23.6,21.9,26.4,24.9,14.5,0,16.2,21.94,94.29,0
103858,Priya,INST-5111,14:45,785.7,32.7,26.1,9.4,73.4,9.1,0,10.8,19.01,97.7,1.26
103859,Divya,INST-8813,17:00,172.9,35.2,33.2,38.3,44.8,1.6,0,16.5,21.5,95.55,0.3
103860,John,INST-8778,6:15,5.6,43,41.9,7.5,42,6.9,0,26.9,22.54,95.24,0
103861,Meena,INST-6558,17:15,209.9,39.6,38.7,28.1,90.8,3.5,0,5,19.8,94.56,0.22
103862,Priya,INST-6271,13:30,855.2,48.8,39.9,13.5,45.8,14.2,0,11.5,19.34,98.21,1.55
103863,Priya,INST-9844,1:30,0,42,41.7,30.1,22,8.4,0,7.6,18.43,92.71,0.09
103864,John,INST-7702,1:45,0,26.9,27.6,98,78.4,12.9,6,10,21.17,95.77,0.01
103865,Kumar,INST-4684,7:00,197.6,24.8,21.7,23.7,58.3,14,0,20.6,20.01,98.55,0.4
103866,Ravi,INST-7452,13:45,723.1,40.3,32.7,29,77.7,0.5,0,0.6,17.91,95.76,1.07
103867,Ravi,INST-1320,6:15,0,38.2,38.4,67.3,21,10.8,20.6,23.9,18.85,96.37,0.08
103868,Priya,INST-7414,4:45,0,36.1,36.7,75.6,31.1,11,19.1,28,17.97,92.44,0
103869,Arun,INST-2907,11:15,697.3,49.4,41.7,33.2,31.7,7.2,0,28.8,19.78,94.77,1.05
103870,Priya,INST-7159,5:30,0,34.8,36.1,30.9,59.8,1.6,0,20.1,21.58,95.32,0.07
103871,Priya,INST-8184,14:30,646.4,30.7,23.3,27.8,88.3,4,0,3.5,21.46,92.07,1.27
103872,Kumar,INST-2559,4:15,0,40,38.6,37.8,37,9,0,11.3,17.62,95.43,0
103873,Ravi,INST-4625,14:30,782.4,32.2,24.7,9.4,50.6,5.8,0,20.6,20.36,98.43,1.28
103874,Divya,INST-4156,20:15,0,26.1,27.4,55.6,59.4,10.4,23.5,23.3,19.48,98.21,0
103875,Meena,INST-1275,2:15,0,33.6,32.4,25.3,80.7,3.9,0,20.3,21.29,94.44,0
103876,Meena,INST-6985,7:00,245.4,29.1,26.8,7.6,56.6,5.1,0,28.9,22.16,98.79,0.4
103877,Priya,INST-5256,10:15,348.3,24.7,21.3,69.4,35.4,8.2,11.9,18.9,17.44,97.86,0.59
103878,Ravi,INST-5719,4:00,0,41.2,40,31.3,20.5,4.3,0,16.2,20.65,94.48,0
103879,Ravi,INST-9622,9:45,527.7,38,34.3,28.2,52.5,10.6,0,11.5,17.85,93.16,0.65
103880,Meena,INST-5362,9:00,443.9,44.4,41.1,41.4,36.1,11,15.5,20.9,21.85,94.88,0.85
103881,Ravi,INST-8628,0:45,0,30.4,30.4,40.1,73.6,5,13.1,23.3,21.67,97.1,0.18
103882,Meena,INST-2353,14:30,435.3,30.9,29.2,57.2,43,2.9,0.2,28.5,19.34,95.24,0.59
103883,Arun,INST-6930,10:15,509.7,38.6,35.5,49.2,37.6,10.5,9.9,23.9,22.2,94.36,0.91
103884,Kumar,INST-5982,16:15,345.3,35.7,34.3,41,91.3,12.9,1.8,26.9,19.47,94.97,0.5
103885,Ravi,INST-5079,16:00,221.4,39.2,35.8,71.5,26.4,4.7,4.1,6.4,19.97,97.91,0.54
103886,Priya,INST-1321,8:30,400.3,40,36.3,19.5,24,8.7,0,26.8,18.45,93.78,0.67
103887,Akash,INST-1323,1:45,0,26.9,27.7,90.2,59.5,5.6,13,9.1,17.98,93.3,0
103888,Akash,INST-9561,11:45,730.5,45.8,38.2,30.2,43.4,2.1,0,5.3,19.96,92.16,1.34
103889,Arun,INST-6891,4:45,0,24.6,25.5,86,84.4,11.4,4.3,12.7,17.35,98.73,0
103890,Kumar,INST-9342,3:30,0,29.6,28.8,68.7,33.6,0.3,22.9,6.7,18.91,98.17,0
103891,Kumar,INST-2969,5:30,0,32.2,32.2,24.1,73.3,3.2,0,4.4,18.37,92.48,0
103892,Meena,INST-4343,6:45,0,29.5,29.6,18,52.4,0.9,0,23.2,22.73,94.24,0.01
103893,Arun,INST-8438,13:30,761,44.8,37.1,27,88.1,8.8,0,2,21.06,98.16,1.58
103894,Kumar,INST-1467,20:15,0,37.8,36.1,77,95,14,23,20.1,21.06,98.13,0
103895,Arun,INST-9585,22:15,0,27.7,29.2,52.7,21.6,4.7,7.9,2.4,22.58,94.43,0.11
103896,Meena,INST-2587,1:45,0,37.9,37.4,94.5,29.2,7.8,19.9,18.2,19.29,92.73,0
103897,Ravi,INST-2050,15:00,315.4,23.5,21,66.1,20.6,1.2,4.7,12.4,18.28,92.82,0.61
103898,Arun,INST-5273,5:00,0,28.5,27,51.2,25.2,1.4,15.6,29.5,19.5,92.07,0
103899,Meena,INST-3493,12:15,460.2,37.9,32.5,66.1,73.3,1.3,18.4,20.8,21,93.21,0.89
103900,Ravi,INST-8763,7:15,190.9,33.1,33,30.6,90.4,3.6,0,1.1,22.89,98.02,0.43
103901,Ravi,INST-6318,13:30,262.1,41.8,41.3,86,30.3,14.2,18.4,19.4,18.68,98.9,0.32
103902,Priya,INST-2165,16:45,223.5,41.4,38.9,68.6,62.5,7.4,23.5,6.3,17.12,94.24,0.52
103903,Meena,INST-4105,3:00,0,19.7,20.3,37.8,87.7,0.1,0,27.9,20.48,93.35,0.13
103904,Kumar,INST-6863,20:00,0,22.7,24.7,94.6,87.4,6.2,18.8,14.5,20.9,97.85,0
103905,Arun,INST-5423,6:45,0,21.6,20.1,49.3,87.8,14.1,18.8,8.4,20.9,97.45,0.13
103906,Ravi,INST-8219,17:30,111.1,41.8,41.8,65.6,60.2,0.8,3.3,13.3,19.9,94.65,0
103907,Priya,INST-1890,13:45,317.7,25.3,22.2,78.7,76.3,11,7.1,27.1,19.11,98.57,0.6
103908,Ravi,INST-7645,14:45,658.8,39.1,35.6,26.7,76.9,8.4,0,0.4,18.25,93.94,1.01
103909,Divya,INST-2684,0:30,0,29.6,28.7,33.4,45.9,4,0,24.3,19.76,93.67,0
103910,John,INST-8475,4:30,0,28.5,28.1,98.9,58.2,14.4,16.3,28.2,18.16,93.13,0
103911,Kumar,INST-6515,0:15,0,24.1,22.4,96.6,39.6,5.9,14.5,5.8,20.11,95.45,0
103912,Divya,INST-1155,10:45,303.1,36.6,35.5,79.2,33.7,1.2,17.1,18.8,17.96,97.07,0.3
103913,John,INST-1200,20:15,0,39.8,41.3,37.2,89.7,0.7,0,6.8,21.97,95.35,0
103914,John,INST-7110,6:30,11.8,20.4,21,75.2,74.6,3.6,5,11.3,20.4,96.48,0
103915,Meena,INST-9319,12:30,542,34.8,29.5,55.5,44.1,10.4,21,21.3,22.38,94.06,0.95
103916,Meena,INST-5057,22:15,0,28.7,30,67.7,84,8.7,21.8,4.7,18.25,95.52,0.02
103917,Akash,INST-2782,12:45,689.7,32.1,25.2,36,80.8,9,0,2.9,18.56,92.79,1.17
103918,John,INST-8608,14:00,382,27.7,24.2,68.1,25.3,10.1,16.9,26.5,22.66,95,0.77
103919,Divya,INST-7500,11:00,275.1,31.2,28.2,88,80.2,10.8,24.4,26.7,19.75,97.62,0.4
103920,Kumar,INST-9413,7:30,73.7,37.2,37.7,84.2,42.6,9,10.5,9.9,19.01,95.72,0
103921,Kumar,INST-1863,19:30,0,19.1,18.9,59,53.6,14.7,20.5,20.1,19.6,93.17,0.03
103922,Kumar,INST-4770,9:30,650.6,44,37.2,8.8,63.6,11.1,0,6.1,20.52,94.6,1.09
103923,Priya,INST-5690,20:15,0,42,40.9,94.1,67.9,9.9,15.3,15.6,18.35,97.32,0
103924,Akash,INST-9432,13:45,481.6,29.6,24.3,62.1,59.3,6.6,13.1,13.5,17.79,95.2,0.77
103925,Priya,INST-7617,19:30,0,20.9,20.8,40.1,30.7,11.3,12.5,28.5,17.49,97,0
103926,Ravi,INST-2866,10:15,400.6,34.2,29.1,64.8,21.6,11.3,1.9,1.9,21.84,97.33,0.88
103927,Meena,INST-2988,3:45,0,26.6,27.4,43.1,30.6,6.7,0.7,10.7,22.91,97.84,0.01
103928,Meena,INST-9215,18:15,0,21.7,20.8,58.5,45.9,10.3,5.6,2.6,20.4,92.82,0
103929,Arun,INST-5181,12:00,359.2,40.3,38.7,75.1,67,3.9,16.4,17.2,21.78,96.48,0.85
103930,Akash,INST-4735,3:30,0,19.9,19.7,24.2,52.8,12.6,0,8.1,21.06,92.91,0.03
103931,Divya,INST-1302,6:30,0,37.1,38,25.1,75.9,7.9,0,6.7,19.16,97.94,0
103932,Divya,INST-7527,19:00,0,36.3,37.2,63,77.4,7.8,23.3,2.3,18.05,93.04,0
103933,Akash,INST-1572,11:15,399.1,30.6,27.4,68.1,36.9,2.1,6.8,28.9,18.26,92.62,0.48
103934,Divya,INST-1946,22:30,0,39.2,39.5,57.5,82.8,7.6,12.4,11.2,18.81,95.45,0
103935,Ravi,INST-8055,8:45,450.8,36.5,32.6,10.6,93.8,11.9,0,26.1,20.78,94.83,0.59
103936,Akash,INST-7925,16:30,302.7,32.6,28.9,49.9,59.5,5,18.3,9.2,19.7,94.35,0.42
103937,Kumar,INST-1675,7:45,92.9,31.3,31.7,83.9,48.4,0.3,19.6,27.8,21.13,94.78,0
103938,Meena,INST-8182,20:30,0,40.2,38.8,98.7,75.5,13,13.4,13.5,20.15,96.72,0
103939,Divya,INST-2192,17:45,211.5,19.4,18.5,29,50.2,1.7,0,4.4,18.51,94.9,0.28
103940,Akash,INST-6202,13:45,801.2,42.3,36.1,19.9,93.2,8.3,0,22.7,18.25,96.33,1.37
103941,Arun,INST-3883,6:00,18.7,20.8,22.4,81.5,56.9,11.2,24.2,16.5,18.12,92.21,0.09
103942,Divya,INST-4521,15:00,205.3,24.6,23.6,82.4,53.6,10.5,20.3,22.3,21.44,96.41,0.46
103943,Meena,INST-1112,2:15,0,32.9,32.2,68,29.7,2.3,0.6,7,19.66,97.21,0
103944,Divya,INST-5376,22:00,0,37.5,39.3,73,74.3,7.1,7.4,19.2,22.55,92.57,0
103945,Arun,INST-9823,4:15,0,27.6,27.9,89.8,43.4,3.6,21,23.2,20.37,92.61,0.02
103946,Ravi,INST-4573,7:15,114.3,37.9,36,74.8,82.5,3,17.6,2.1,21.32,92.44,0.22
103947,Akash,INST-2254,19:30,0,39,39.3,90.8,88,10.8,13.4,15.2,20.87,92.08,0.08
103948,John,INST-3476,18:15,0,35.8,35.8,14.8,57.8,10.7,0,26.1,21.28,95.66,0.03
103949,Arun,INST-1686,2:00,0,32.6,31.4,99.7,71.6,13.8,12,6.9,21.36,92.99,0.16
103950,Divya,INST-5915,23:45,0,35.6,37.2,61.5,86.8,4.6,3.1,15.3,20.22,94.15,0.18
103951,John,INST-3481,10:15,536.1,36,32.4,43.7,80.6,7.5,13.7,14.3,20,93.09,0.96
103952,Kumar,INST-2336,1:00,0,40.3,39.9,49.9,27,4.4,6,17.8,21.62,96.93,0
103953,Kumar,INST-6083,2:00,0,40.7,38.8,73.6,42.6,5.2,8.1,20.6,18.22,92.39,0
103954,Arun,INST-7943,17:30,186.8,33.9,31.2,25.3,55.1,6.5,0,20.2,20.24,94.91,0.4
103955,Akash,INST-9736,14:15,497,37.6,35.4,50.7,32.8,8.8,9.2,21.3,20.77,92.41,0.69
103956,John,INST-2038,1:00,0,40.1,40.7,62.2,64.4,2.7,1.2,10.3,17.69,94.89,0
103957,Meena,INST-2947,10:15,299.7,34.8,30.3,80.3,43.2,13.6,23.5,24.7,18.65,95.95,0.42
103958,Ravi,INST-9290,9:30,341.5,36.9,36,59.2,39.4,12.1,19,14.4,22.04,98.23,0.82
103959,Divya,INST-6430,4:45,0,23,22,37.9,85.4,4.4,0,7,21.07,94.25,0.06
103960,Arun,INST-2210,1:15,0,27.6,29.4,58.4,37.9,3.2,13.6,5.9,21.83,98.02,0
103961,Divya,INST-6082,21:00,0,37.5,38,79.3,87.3,13.4,23.5,26.2,20.18,93.17,0.2
103962,Ravi,INST-5323,3:45,0,24.8,23.4,28,36.5,10.7,0,17.5,17.67,97.27,0.08
103963,Arun,INST-6036,11:30,629.5,32.5,28.1,40.7,37.4,14.8,1.4,24.5,18.3,98.16,1.06
103964,Meena,INST-9970,2:00,0,29.7,30.3,48.8,45.7,12.8,10.7,18.1,19.16,97.87,0.07
103965,John,INST-2032,18:30,0,21.6,22.7,69.6,33.2,14.8,15.4,6.1,20.18,97.19,0.14
103966,Meena,INST-7602,17:30,72.8,20.9,21.8,78.1,67.9,0.3,4.7,21.2,21.53,98.68,0.21
103967,Arun,INST-8371,19:30,0,40.4,38.6,25.2,75.7,5.9,0,2.3,18.13,94.59,0.18
103968,Priya,INST-5178,13:00,491.7,37.8,35.5,56.6,54,13.6,23.2,8.2,17.03,97.75,0.9
103969,Akash,INST-1981,3:00,0,36.2,37.3,64.9,28.2,13.9,20.1,9.3,20.64,95.95,0
103970,Priya,INST-7030,11:15,484.3,36.7,32.8,58.5,89.5,3,12.4,9.8,21.9,98.55,1.01
103971,Priya,INST-4029,21:15,0,20.1,18.6,40.4,70.3,0.5,7.8,5.9,22.03,94.34,0.02
103972,Kumar,INST-6630,1:00,0,33.3,31.5,34.8,40.1,14.6,0,15.9,19.95,98.87,0
103973,John,INST-3234,7:30,245.5,37,34.2,7.3,32,6.5,0,5.4,20.82,96.1,0.63
103974,John,INST-2190,12:15,303.4,41.5,39,84.6,68.7,13.9,12.1,18.6,20.67,97.88,0.65
103975,Kumar,INST-3469,0:30,0,21.8,19.9,49.5,47.5,9.7,0.1,7.5,19.13,97.01,0.09
103976,Kumar,INST-1181,9:15,565.3,27,20.7,22.5,62.2,7.7,0,4.3,19.33,95.29,0.94
103977,Kumar,INST-9068,6:00,5.2,18.8,18.3,87.7,37,0.3,13.6,23.7,21.78,93.55,0
103978,Priya,INST-5909,0:45,0,41.3,41.4,47.5,79.4,2.5,21.3,27.2,18.51,94.14,0.09
103979,John,INST-4838,1:30,0,42,40.2,37.1,67.6,7.2,0,10.1,19.13,97.55,0
103980,Kumar,INST-3383,16:00,136.6,42.5,40.7,83.2,63.6,4.9,12.9,25.7,17.17,93.58,0.32
103981,Arun,INST-8938,3:30,0,25.5,26.4,50.5,60.1,6.5,13,12.4,21.57,96.42,0.16
103982,Divya,INST-3903,1:15,0,22.1,22,96.6,77.3,11.3,12,9.4,18.57,98.14,0
103983,John,INST-1465,5:45,0,31.7,31.2,48.2,39.7,8.4,1.3,7.1,21.36,92.84,0
103984,Meena,INST-5577,23:00,0,37.1,35.9,85.4,39,9.9,13,5.3,18.35,96.45,0.13
103985,Ravi,INST-5246,21:30,0,21.7,20.2,59.8,88.2,11.7,23.7,2,18.21,98.07,0
103986,Ravi,INST-7659,4:00,0,39.6,41.3,77.8,36.2,3.9,4.7,21.7,19.83,93.18,0.11
103987,Meena,INST-6687,22:45,0,31.6,33.1,35.3,39.9,12.8,0,19.4,19.78,95.18,0
103988,Ravi,INST-8374,8:15,452.5,45.6,40.3,13,66.4,6.4,0,10.8,20.19,94.56,0.66
103989,John,INST-2742,18:00,13.7,24.4,22.3,46.1,40.9,9.9,6.9,12.3,22.14,96.07,0.13
103990,Arun,INST-7085,0:45,0,21.5,22.6,54.4,82.4,12,10.4,25.4,18.21,97.29,0
103991,Priya,INST-3961,3:30,0,17.5,19.3,51.5,84.8,9.1,8.2,6.2,17.12,93.2,0.1
103992,Akash,INST-4554,4:15,0,21.7,22.3,25.3,44,15,0,8.4,18.59,94.04,0
103993,Akash,INST-9036,7:30,59.2,17.9,18.4,85.1,23.5,13.7,12.7,13.7,18.68,92.03,0
103994,Kumar,INST-5366,19:45,0,37.7,37.3,42.4,34.7,3.3,17.8,26,22.21,93.15,0
103995,Meena,INST-5768,4:45,0,29.3,27.9,30.7,91.6,8.1,0,24.8,22.35,98.51,0.09
103996,Ravi,INST-2471,6:45,0,26.2,27.3,5.9,79.4,1.8,0,22.1,19.75,97.39,0
103997,Meena,INST-5537,2:30,0,28.2,29.5,41.2,77.6,5.1,22.3,29.2,19.65,97.5,0.04
103998,Divya,INST-2658,22:45,0,28.7,27.6,31,40.5,8.6,0,19.8,17.3,94.81,0
103999,Divya,INST-9694,5:15,0,34.6,33.3,76.7,61.7,13.1,11.8,14.7,18.23,96.39,0.15
104000,Kumar,INST-4032,2:00,0,30.5,28.9,60.3,27.8,5.8,9.6,29,20.44,95.34,0
104001,Priya,INST-1784,11:45,804.2,46.4,39.6,19.1,80.4,0,0,18.6,19.69,96.73,1.36
104002,Arun,INST-4835,20:45,0,41,40.4,82.1,49.1,6.2,3.9,21.9,22.82,98.62,0.02
104003,Arun,INST-7450,17:45,226,31.1,28.2,20.9,54,6.4,0,18.7,19.31,98.05,0.24
104004,Kumar,INST-7603,0:00,0,28.3,28.9,83.2,39.3,9.8,6.9,21.3,22.72,93.62,0
104005,Ravi,INST-2601,2:45,0,21.8,21.6,45.4,29.8,12.2,22.3,14.1,17.07,95.48,0.14
104006,Akash,INST-3025,16:15,368.1,30.1,27.9,33.6,86.6,8.3,0,0.1,22.34,95.93,0.65
104007,Arun,INST-5929,9:45,496.3,30.4,27.9,39,72.4,5.4,0,13,19.46,93.28,0.8
104008,Divya,INST-1859,9:15,419.5,26.5,22.7,49,34.8,14.5,18.3,8,20.74,96.98,0.69
104009,Akash,INST-2272,14:45,371.4,29.6,26.8,69,86.1,2.5,5.2,9.5,20.32,93.83,0.5
104010,Divya,INST-1423,23:30,0,22.7,21.7,44,30,4,21.9,20.6,21.84,96.11,0
104011,John,INST-8722,3:00,0,26,27.8,76.1,37.4,10.7,18.2,1.4,22.55,98.42,0.03
104012,Divya,INST-7581,12:00,947.1,28.2,18.6,4.7,71.7,6.5,0,23.2,18.3,93.17,1.33
104013,Meena,INST-3960,4:00,0,22.4,20.4,68.2,92.9,9.8,10,19,17.65,97.19,0.16
104014,Arun,INST-6915,8:00,267.9,41.7,39.2,51.9,50.2,3.9,4,20.8,17.59,97.43,0.34
104015,Kumar,INST-7911,9:30,697.2,44.4,39,2.4,58.3,9.2,0,14.5,21.06,95.44,1.12
104016,Kumar,INST-2627,9:15,249.8,28.5,25.2,77,58.3,14.2,23.5,17.3,18.74,92.27,0.46
104017,Ravi,INST-7791,19:00,0,22.2,21.1,64.2,55.4,0.9,7.6,1.8,17.58,92.73,0.06
104018,John,INST-7945,17:00,84.1,31.6,30.8,78.9,58.6,8.1,0.6,18,17.85,97.62,0.25
104019,Divya,INST-1609,10:15,243.1,30.3,30,86.5,71.9,10.4,15.6,6.4,21.56,98.73,0.7
104020,Divya,INST-1881,7:45,128.1,25.7,22.9,65.9,20.2,0.5,22.6,7.7,22.72,93.36,0.32
104021,Akash,INST-6118,20:30,0,17.2,18.2,29.9,30,3.1,0,4.2,17.08,98.26,0.08
104022,Akash,INST-6968,17:45,241.4,23.5,22.6,15.7,62.1,7.9,0,18.5,18.79,93.17,0.22
104023,John,INST-8175,20:30,0,27.1,25.6,51.7,36.5,10.5,2.1,18.8,17.65,98.18,0
104024,Kumar,INST-2412,5:30,0,21.1,20.8,38.1,62.9,2.3,0,29.4,21.86,96.9,0.2
104025,Divya,INST-5487,1:15,0,35.9,35.1,46.2,22.9,5,9.6,29.6,17.74,95.14,0
104026,John,INST-1913,12:45,383,27.7,23.5,72.9,48.8,10.8,0.1,25.6,21.01,92.72,0.77
104027,Meena,INST-1898,17:15,233.5,19.6,19.1,11.8,25.7,3.4,0,26.4,17.18,96.67,0.45
104028,Ravi,INST-4548,20:45,0,30.4,29.9,97.7,34.5,6.2,12.6,5.6,18.65,92.86,0.03
104029,Priya,INST-8235,21:15,0,26.2,26.1,63,57.4,10.8,3,27.1,17.24,98.61,0
104030,Akash,INST-4214,23:30,0,28.3,28.6,62.8,85.9,10.8,24.4,22.4,17.8,97.88,0.2
104031,Akash,INST-6711,10:15,276.8,37.4,34.7,79.5,44.8,1.2,21.4,10,21.86,95.3,0.57
104032,Meena,INST-8268,3:15,0,22.5,20.7,41.5,29.8,2.2,13.4,25.3,17.4,93.89,0.14
104033,Meena,INST-3964,8:45,260.3,39.3,38,55.8,46.7,12.1,8.1,7.8,20.11,94.35,0.48
104034,Ravi,INST-7340,18:00,3.2,31.3,31.2,27.5,60.5,9.1,0,17.3,20.73,97.83,0.15
104035,John,INST-5586,0:45,0,37.2,36.9,23.1,89.8,8.6,0,11,18.84,94.42,0.06
104036,Priya,INST-9624,18:00,0,36.4,36.5,16.9,34.5,8,0,26.9,22.27,94.31,0
104037,Kumar,INST-4387,6:45,0,18,19.5,71.8,57,2.1,5.9,9.2,21.23,93.01,0.14
104038,Divya,INST-2703,7:15,203.1,22.5,21.4,33.6,76.8,7.6,0,7.8,20.87,98.9,0.21
104039,Priya,INST-7921,5:45,0,19.8,21.3,42,82,1.3,21,25.1,18.96,96.56,0
104040,Meena,INST-1252,4:30,0,32.8,34.8,80.5,71.8,5.8,13.4,26.4,19.97,93.73,0
104041,Divya,INST-4792,0:30,0,35.5,34.9,95.2,79.1,0.2,4.8,14.8,17.34,92.28,0.05
104042,John,INST-1148,9:30,201,21.7,19.8,83.2,91.6,14.4,24.8,26.5,18.23,96.59,0.23
104043,Akash,INST-2136,8:30,344.6,22.7,21.8,32.8,37.9,13.7,0,15.9,19.61,98.1,0.58
104044,Divya,INST-6656,12:30,704.9,43.3,37.4,35.9,70.3,5.7,0,6.2,22.99,92.24,1.36
104045,Priya,INST-7659,16:30,443.9,43.9,39.6,17.2,20.1,7.9,0,28.4,21.88,92.47,0.69
104046,Priya,INST-9440,15:00,299.5,33.2,29.4,70.6,86.8,1.9,20,13.8,21.68,92.62,0.75
104047,Akash,INST-5590,5:30,0,30.3,30.2,81.7,33.2,2.1,6.6,6,19.47,96,0.14
104048,John,INST-8336,21:45,0,21.5,21.6,37,39.2,13.3,0,21.4,17.99,93.16,0
104049,Kumar,INST-3264,9:00,198.6,29.8,27.7,83.4,41.6,0.3,9.9,24.4,17.9,95.13,0.47
104050,Ravi,INST-7003,23:45,0,32.7,34,69.4,26.3,12.8,10.7,17.5,18.2,98.77,0.05
104051,Priya,INST-3558,10:00,760.2,28.8,22.1,16.7,40.3,6.5,0,9,18.78,94.08,1.19
104052,John,INST-3399,22:45,0,20,21.7,45.2,49.6,3.8,7.4,0.8,21.31,95.07,0
104053,Akash,INST-7340,22:00,0,27.4,26.6,96.9,25.4,3.3,17.6,22.7,18.26,93.99,0
104054,Kumar,INST-9076,15:45,211.4,37,36.5,82,39.3,7.2,7.8,20.8,18.06,95.77,0.32
104055,Akash,INST-2736,4:15,0,19.7,20.5,54.1,73.6,9.2,21,13.8,20.66,96.2,0
104056,Priya,INST-6105,22:00,0,29.9,31.2,52.6,54.4,6,2.3,0.3,22.48,95.91,0
104057,Kumar,INST-3346,10:45,529.8,23.6,19.7,45.3,32,6.9,23.6,11.6,22.5,96.31,1.13
104058,Akash,INST-6192,2:15,0,23.7,24.3,22,29.7,0.4,0,14.5,19.53,97.26,0
104059,Divya,INST-1127,3:45,0,25.6,27,95.7,21.2,11.2,16.6,5.8,17.75,98.95,0
104060,Kumar,INST-2182,6:45,0,25.8,27.3,48.6,35.1,4.4,5.6,19.5,17.41,96.12,0
104061,Meena,INST-9928,18:45,2.1,39.9,38.1,19.7,30.3,12.3,0,1.4,22.1,92.4,0.14
104062,Priya,INST-1359,23:45,0,34.4,36.3,71.4,61.7,0.7,7.9,4.7,18.57,96.05,0.18
104063,Priya,INST-6519,16:15,456.7,39.9,37.8,14.7,28.3,6.2,0,22.5,19.41,96.65,0.58
104064,Arun,INST-9596,2:30,0,34.2,32.5,69.2,86.6,12.9,14.7,25.6,21.96,95.38,0
104065,Meena,INST-5229,21:15,0,38.2,37.3,97.3,25.2,3.6,5.5,28.5,19.33,96.48,0.11
104066,John,INST-4223,9:45,324.5,26.9,23.6,63.1,52.3,14.1,13.7,23.3,21.87,97.61,0.59
104067,Priya,INST-2784,10:30,612.7,46.2,39.5,35.9,64.7,5.7,0,20.2,19.22,95.58,1.15
104068,Akash,INST-1449,23:00,0,31.8,31.1,57.7,66.7,12.8,21.6,8.5,20.77,93.59,0
104069,Ravi,INST-3448,14:45,399.4,45.6,40.7,65.8,35.2,1.7,14.7,18.4,20.75,98.08,0.66
104070,Meena,INST-3498,3:45,0,26.5,26.9,43.4,61.7,13.7,13.7,8,21.82,94.97,0
104071,John,INST-4708,22:00,0,38.3,39.2,73.4,81.9,5.6,22.3,10.6,19.08,97.16,0.14
104072,Divya,INST-4227,17:00,189.3,32.2,28.8,30.8,94.2,9.6,0,15.9,19.06,94.97,0.19
104073,Ravi,INST-3049,20:15,0,38.3,36.8,88.5,50.2,8.9,2.3,21.3,21.66,93.99,0.04
104074,Kumar,INST-8386,12:45,485.5,35.7,32,61.2,93.9,7.5,13.3,25.2,21.05,95.38,1.04
104075,John,INST-1638,18:45,5.3,40.2,39.7,9.7,77.9,12.6,0,3.4,21.82,94.21,0.19
104076,John,INST-5576,1:45,0,21.2,20.8,24,86.5,12.2,0,26,19.6,94.91,0.18
104077,Divya,INST-3663,14:15,739,30.1,22.3,19.3,93.1,3,0,16.9,21.78,93.22,1.25
104078,Priya,INST-3069,1:00,0,31.8,31.4,54.4,31.8,6.9,24.8,29,20.51,96.47,0.09
104079,Divya,INST-1243,2:15,0,39.6,40.7,69.5,70.7,8.8,19.2,20.6,18.76,98.15,0
104080,Akash,INST-1446,15:00,500.9,38.2,33.4,31.6,46,2.5,0,9.9,18.2,92.22,0.73
104081,Divya,INST-9342,12:30,522.1,44.5,38.7,55.7,93.2,0.3,9.6,23.8,21.33,96.37,0.94
104082,Divya,INST-6010,20:00,0,19.5,21.3,43.8,58.1,14.1,5.3,8.6,17.86,97.02,0.2
104083,Divya,INST-3834,2:45,0,37.7,38,22.2,59.4,7.1,0,23.7,22.75,97.63,0.16
104084,Priya,INST-9010,19:45,0,19.7,19.9,31.3,28.2,3.5,0,8,21.18,95.55,0.19
104085,Akash,INST-6976,19:00,0,35.1,34.2,79.8,50.5,6.2,13.6,20.5,21.99,94.95,0
104086,Arun,INST-3737,4:00,0,39.5,38.7,63.5,30.5,3.6,0.5,20.9,17.15,96,0
104087,Kumar,INST-5263,15:15,234.7,20.7,19.7,80.4,20.5,10.1,18.8,4.4,21.18,94.11,0.65
104088,Divya,INST-5956,6:30,11.9,34.1,34.1,28,47.7,6.4,0,11.6,21.99,96.2,0
104089,Kumar,INST-3789,7:15,118.8,42.8,40,55.8,64,12.1,2.1,22.9,17.81,92.72,0.11
104090,Ravi,INST-8529,4:45,0,35.8,34.3,73.5,44.9,1.1,2.9,6.7,20.14,93.5,0.07
104091,Ravi,INST-5433,10:00,625.5,43.7,38.1,35.5,26.2,14.1,0,0.3,17.77,98.9,0.93
104092,Meena,INST-2006,11:15,604,41.1,36.4,43,49.5,13,12.3,5.6,18.65,93.1,0.98
104093,Meena,INST-1387,22:15,0,28.9,30.4,96.9,27.2,10.2,8.8,26.4,22.94,96.4,0
104094,Arun,INST-5335,18:15,0,36.1,37,62.2,73.8,6,23.2,27.2,22.11,96.02,0
104095,Arun,INST-3199,1:45,0,33.9,34.8,86.2,60.5,1,4.7,28.1,18.01,97.63,0
104096,Priya,INST-5827,7:15,114.4,34.6,35,72.5,46.3,11,19.5,2.3,18.05,95.69,0.01
104097,Akash,INST-2865,14:00,540.9,26.2,22.8,47.4,58.9,4.6,21.6,4.5,18.59,98.34,1.12
104098,Meena,INST-8606,1:15,0,31.1,31.6,54.5,34,7.2,12.3,5.6,22.31,97.89,0.1
104099,Arun,INST-1030,22:30,0,37.7,35.9,76.7,66.1,11.3,20.2,2.2,22.31,97.82,0.09
104100,Arun,INST-2407,20:15,0,22.1,22.3,58.4,25.3,7.3,9.7,20.7,18.09,95.48,0
104101,John,INST-2298,1:15,0,20.5,20.3,53.4,21,3.1,4.7,22.9,22.79,96.05,0
104102,Kumar,INST-3000,18:15,13.3,22.5,24.1,48.2,44.7,12.6,24.7,20.3,21.24,95.61,0
104103,Ravi,INST-8893,7:00,212.6,33.5,31.6,20.7,81.2,7.9,0,27.9,17.44,98.4,0.5
104104,Ravi,INST-5958,4:15,0,34.1,34.1,60.6,21.7,8.8,0.4,28.2,21.88,97.17,0.05
104105,John,INST-3576,22:45,0,36.1,35.7,90.1,54.7,11.7,3.7,7.4,22.81,96.11,0.19
104106,Kumar,INST-9576,10:30,239,40.5,38.7,85.4,68.7,3.8,16.8,10.1,21.19,97.57,0.41
104107,John,INST-3792,21:15,0,22.8,24.1,36.4,73.8,9.8,0,28.6,21.76,98.4,0
104108,Arun,INST-2694,14:00,234.4,35,33.9,89.7,44.4,1.2,15,18.9,21.72,97.24,0.42
104109,Akash,INST-1182,17:45,139.7,27.3,26.1,61.2,57.2,7.5,5.9,15.3,22.93,92.83,0.25
104110,Akash,INST-9796,7:30,213,33.6,30.6,17.1,73.7,0.2,0,27.6,22.62,97.55,0.27
104111,Divya,INST-5185,9:45,418.6,23.9,20.2,52.3,26.7,14.5,22.1,20.9,21.07,92.51,0.65
104112,Priya,INST-1309,15:00,387.9,29.8,26.2,56.9,48.3,12.5,21.8,7.2,17.15,96.86,0.59
104113,Ravi,INST-2877,15:30,310.8,40.6,38.8,70.4,92.8,2.4,21.5,25.3,22.53,92.84,0.46
104114,Akash,INST-5856,15:15,323.5,32.8,30.7,61.9,45.5,9.8,14,4.9,18.64,93.46,0.62
104115,Meena,INST-2858,7:15,231,43.3,40.4,20.4,48,4,0,4,18.1,94.91,0.28
104116,Meena,INST-3020,13:45,578,38.6,33.8,49.6,81.8,7.2,3.9,1.6,18.38,95.94,1.01
104117,Priya,INST-9225,16:30,460.7,40.4,35.7,12.8,51.9,6.2,0,27.9,19.16,93.53,0.75
104118,Arun,INST-9535,8:00,190.2,33,29.7,78.6,50.1,11.1,17.3,27.9,18.84,94.92,0.3
104119,John,INST-3449,10:15,748.7,36.2,32,14.5,66.9,8.3,0,2.2,20.89,97.85,1.51
104120,Priya,INST-4109,18:15,16.8,17.1,18.9,65.6,46.5,6.4,16.2,13.4,21.96,96.66,0.05
104121,Priya,INST-7684,23:00,0,36,37.7,26.1,28.1,12.8,0,28.3,21.61,98.49,0.1
104122,Akash,INST-5435,1:45,0,38.8,40.7,67.4,92.4,11.2,1.9,24.6,17.28,96.51,0.16
104123,Kumar,INST-6802,1:15,0,30.4,30.3,84.6,64,12.5,1.6,6.7,17.99,95.68,0
104124,Kumar,INST-4770,13:45,383.4,22.6,18.1,74.3,33.8,5,21.8,21.8,17.56,96.41,0.64
104125,Priya,INST-2929,17:15,75.8,25.8,23.9,86.2,44.2,0.3,11.3,18.3,19.11,96.49,0
104126,Divya,INST-7875,21:00,0,26,27,76.7,87.7,0.5,6.4,17.3,22.48,98.77,0
104127,Meena,INST-5356,6:30,0,37.7,38.6,71.2,57.9,9.2,6.5,25.2,22.8,97.93,0
104128,Kumar,INST-1161,1:15,0,22.9,24.5,78.3,70.1,12.2,3.8,8.5,20.91,94.56,0.1
104129,Ravi,INST-2980,4:00,0,16.3,18.3,67.4,26.7,8.8,3.4,14.6,21.33,92.71,0
104130,John,INST-2601,9:45,535.6,37.9,33.6,31.3,57,9.5,0,23,18.41,96.62,0.72
104131,Divya,INST-7019,2:30,0,42.5,41.1,38.9,46.4,3.9,0,22.2,17.76,96.77,0.15
104132,John,INST-8507,12:45,977.8,35.1,25.4,3.2,78.2,0,0,28.5,22.51,96.53,1.77
104133,Kumar,INST-7119,17:00,179.1,34,31.1,33.2,66.7,13.8,0,1.7,18.86,95.57,0.36
104134,Akash,INST-6491,13:00,561.4,32.2,26.9,49.7,64.8,4.7,9.4,21,20.4,95.27,0.96
104135,Meena,INST-8019,2:15,0,20.3,18.4,39.7,76.6,4.9,0,5.4,17.16,94.06,0.05
104136,Meena,INST-1419,15:45,628.3,27.8,24.5,14.8,31.1,1.6,0,4.1,18.11,96.14,0.96
104137,Arun,INST-4070,0:15,0,37.1,38.8,43.8,64.9,9.8,11.6,21.8,19.85,94.02,0.07
104138,Kumar,INST-8305,4:15,0,33.8,34.9,23.2,57,9.6,0,11.7,17.41,95.11,0
104139,Divya,INST-9421,18:30,14.7,36.1,34.4,18.8,32.2,8,0,26,21.85,94.27,0.12
104140,Meena,INST-2964,10:30,789.2,32.9,28.1,9.5,38,7.4,0,26.7,18.41,98.89,1.25
104141,Akash,INST-1533,13:30,511.9,30.4,25.2,58.5,47.2,12.1,17.3,17,21.06,96.05,0.85
104142,Divya,INST-6438,22:45,0,18.5,19.2,65.9,46.7,0.3,13.6,26,18.21,94.38,0
104143,John,INST-6688,0:30,0,32.6,33.8,91.8,88.6,5.8,6,1.4,22.2,93.78,0
104144,Ravi,INST-6801,12:15,299.8,22.9,20.3,81.9,40.7,15,4.6,10.9,18.57,95.43,0.32
104145,John,INST-3906,18:30,5.2,27.3,28.3,1.9,60.8,4.5,0,4.6,17.62,92.2,0
104146,Ravi,INST-5713,12:00,691.5,31.4,25.4,35.5,21.5,6.3,0,26,22.47,93.38,1.3
104147,Akash,INST-7159,1:30,0,31.7,29.8,79.4,83.7,8.6,6.5,10.1,18.77,94.91,0
104148,Kumar,INST-4161,2:15,0,20,21.7,25.9,23.5,1.9,0,20.5,22.99,93.52,0
104149,Kumar,INST-9980,0:00,0,36.9,35.8,95.8,61.9,11.8,12.9,25.8,21.15,95.86,0.17
104150,Ravi,INST-7820,12:45,618.3,46.8,40.3,45.8,90.4,6.5,0.8,16.3,18.35,95.73,1.05
104151,Divya,INST-3298,9:00,666.3,24.1,19.3,9.7,94.7,3.5,0,11.3,20.73,96.21,1.16
104152,Kumar,INST-9441,9:15,405.5,40.7,38.6,53.3,47.6,7.8,2.3,27.4,21.62,96.66,0.68
104153,John,INST-7770,4:00,0,21.3,22.4,22.8,32.2,1.7,0,21.6,17.81,96.59,0.18
104154,Akash,INST-1991,3:45,0,27.3,26.5,38.3,47.3,0.7,0,2.9,20.26,97.78,0.17
104155,Divya,INST-7175,2:30,0,35.5,37,32.7,42.9,6.2,0,14.3,21.24,97.79,0.05
104156,Priya,INST-2422,0:00,0,39.9,39.3,24.3,49.5,4.1,0,3.1,22.56,96.59,0
104157,Meena,INST-7628,8:15,360.2,37.2,35.9,33.5,56.6,8.8,0,2.1,19.18,93.62,0.51
104158,Meena,INST-7718,11:45,792,28.4,22.7,20.2,83.6,8.2,0,18.2,20.71,92.18,1.51
104159,Ravi,INST-1401,5:30,0,38.2,39.9,34.2,29.9,6.9,0,23.8,19.33,94.79,0.15
104160,Meena,INST-7069,15:45,534.7,25.6,21.1,26.6,57.6,2.6,0,14.5,21.41,98.97,1.05
104161,Arun,INST-2274,22:30,0,34.9,35.8,24.4,84.5,8.4,0,16.9,22.73,92.6,0
104162,Priya,INST-8154,2:45,0,25.4,25.1,62,83.7,9.4,22.5,18,17.45,93.07,0.15
104163,Arun,INST-8396,19:30,0,28.1,26.4,26.9,45.8,8.9,0,7.2,21.59,93.37,0
104164,Divya,INST-1760,7:15,135.7,41.2,39.9,63.4,76.2,7.4,7.3,13.4,20.99,93.94,0.41
104165,Akash,INST-4433,21:30,0,29.8,29.5,50.6,83.8,8.5,6.2,2.5,17.42,97.44,0
104166,Arun,INST-2212,20:00,0,35.6,36.1,48.1,60.5,1.1,4.9,23.9,21.37,95.69,0
104167,Arun,INST-4804,4:15,0,19.4,20.4,95.1,63.9,10.7,4.3,21.6,20.45,97.57,0
104168,Ravi,INST-4424,2:45,0,32,33.8,52.2,82.5,1.3,18.9,6.4,17.95,95.29,0.14
104169,Kumar,INST-1928,16:00,381.4,43.7,40.8,26.3,52.9,4.1,0,10.3,18.64,97.82,0.61
104170,Priya,INST-8235,7:15,254.1,35.9,34.7,0.5,58.1,5.9,0,13.5,17.54,97.84,0.5
104171,Priya,INST-7892,12:30,755.1,26.3,20.2,30.2,78.7,5.8,0,4.6,21.61,95.04,1.67
104172,Divya,INST-2524,9:45,210.3,44.3,41.2,82,29.4,14.4,19.9,24,18.98,98.62,0.37
104173,Meena,INST-2332,12:30,420.7,24.5,20.4,71.3,78.6,4,0.3,15.6,21.36,95.62,0.92
104174,Ravi,INST-5476,5:00,0,40.1,39,82.5,49.8,1.6,15.3,1.1,20.78,95.24,0.02
104175,Akash,INST-6392,23:00,0,22.1,20.5,38.1,21.7,12.7,0,27.7,19.76,97.19,0
104176,John,INST-2972,13:45,932.4,34.4,28.4,6.1,63.1,13.5,0,12.9,21.87,95.83,1.76
104177,Akash,INST-3914,0:15,0,43.2,41.8,97.2,30.9,7.7,11.7,9,17.36,98.09,0
104178,John,INST-2366,21:30,0,28.7,27.6,95.2,61.8,1.3,13.6,19.2,17.48,96.75,0.11
104179,Divya,INST-9766,15:15,582.5,35.6,31.4,24.5,72.3,9.2,0,12.1,19.47,94.62,1.07
104180,Akash,INST-6184,9:00,616.3,40.7,36.8,12.7,74.9,14.5,0,20.6,20.36,96.29,1.2
104181,Akash,INST-6637,14:00,251.4,35.8,33.2,86.9,46.5,0.3,2.7,16.4,18.75,92.46,0.26
104182,John,INST-2016,5:15,0,30.4,28.7,61.5,66.1,14.3,1.1,16.1,22.41,97.11,0
104183,Ravi,INST-5504,0:45,0,40,39,90,51.7,13.6,24,4.5,21.68,95.97,0.2
104184,Meena,INST-4326,14:45,771.1,42,35.4,15.1,47,2.7,0,13.3,19.64,92.95,1.5
104185,Akash,INST-7502,14:30,251.1,35.1,33.5,87.3,63.3,3.2,0.4,13.7,21,95.31,0.37
104186,Ravi,INST-9300,22:15,0,28.9,27.6,20.3,62.3,7.7,0,25.7,22.54,92.36,0.18
104187,Akash,INST-8997,4:30,0,36.3,35.3,30.9,88.3,14.1,0,12.9,22.68,98.73,0
104188,Ravi,INST-1585,8:45,431.9,40.8,35.5,13.2,61.8,2.5,0,6.4,19.66,98.43,0.93
104189,Ravi,INST-8214,15:00,242.8,25,22,77.5,71.5,14.8,7.1,2.6,22.54,92.88,0.53
104190,Arun,INST-2550,0:15,0,30.7,29.3,99.7,81.3,0.5,4.6,21.9,21.94,96.67,0
104191,Divya,INST-1392,18:15,14.5,40.4,38.5,9.7,24.5,11.6,0,5.6,22.49,92.73,0.16
104192,Kumar,INST-1686,10:30,653.4,40.9,37,31.1,57.1,5.4,0,26.6,20.27,96.97,1.12
104193,Priya,INST-9081,8:30,341.5,32.6,31.1,37.5,34.2,11.9,0,12,22.97,93.16,0.62
104194,John,INST-7677,8:45,472.8,43,38.2,8.4,56.4,2.1,0,10.9,21.91,95.81,1.06
104195,Ravi,INST-7672,13:00,295.8,19.4,18.6,82.1,70.1,12.2,3.9,19.1,21.22,98.94,0.7
104196,Priya,INST-2658,22:45,0,28.5,27.5,24.2,21.7,14.1,0,12,20.9,97.04,0
104197,Arun,INST-2513,12:30,657.5,26.8,21.8,42.2,25.2,4.7,20.1,27.5,17.78,93.8,0.82
104198,Meena,INST-5867,0:30,0,39.4,38.6,83.8,41.4,14.2,20.2,22.4,21.25,95.44,0.11
104199,Divya,INST-3252,15:15,685.3,35.5,31.7,6.1,88.6,4.6,0,11.7,17.1,95.1,1.22
104200,Meena,INST-8791,2:00,0,33.1,34.3,73.4,72.4,12.8,1.9,4.3,17.55,93.95,0
104201,Priya,INST-4784,13:45,374.8,39,37.8,73.9,24.3,7.8,5.5,16.9,18.04,92.8,0.67
104202,John,INST-3342,9:45,683.7,31.5,25.1,5.1,30,12.5,0,9.4,19.67,97.7,1.09
104203,John,INST-1812,0:30,0,40.6,39.7,88,47,2.4,2.9,6.7,18.69,97.83,0.08
104204,Meena,INST-8027,9:45,209.8,32.5,29.5,82.5,23.2,1.3,18.3,1.3,18.24,94.48,0.54
104205,Meena,INST-8819,19:30,0,25.2,25.6,67.8,46.7,4.2,16.5,14.9,19.38,95.09,0
104206,Priya,INST-4600,9:00,502.1,46.7,41.7,35.4,40.9,0.2,0,5,21.67,93.13,0.95
104207,John,INST-6785,6:15,0,42.7,42,78.5,30,4.6,2.4,0.5,20.43,93.34,0.18
104208,Ravi,INST-1864,10:00,387.8,25.3,22.6,68.8,77.3,6,1.4,17.9,17.51,98.35,0.6
104209,Meena,INST-4350,19:45,0,18.1,18.8,66.1,94.3,3.2,6.4,0.5,17.3,94.51,0.19
104210,Meena,INST-1965,21:15,0,26.4,24.5,99.9,28.4,13.7,24.4,1.1,21.35,96.25,0
104211,Arun,INST-1714,21:30,0,16.8,18.1,66.9,79.3,2.2,18.9,25.1,19.16,98.37,0
104212,Meena,INST-3832,8:00,269.7,30,28.4,54.7,88.2,3.3,20.3,3.5,17.52,96.52,0.55
104213,Kumar,INST-3127,17:00,114.7,27.6,26.5,60.4,49.8,13.1,6.7,24.8,21.25,92.85,0.23
104214,Priya,INST-7855,10:00,678,38.2,31.1,28,27.5,14.2,0,8.8,22.92,95.87,1.6
104215,Akash,INST-2892,3:45,0,16.8,18.3,38.8,35.7,12.5,0,26.6,19.1,98.05,0
104216,Akash,INST-8559,7:00,204.5,23.7,20.8,17.9,80.6,1.1,0,21.7,22.15,94.17,0.28
104217,Akash,INST-7218,22:45,0,34.4,32.5,30.3,89.2,12.1,0,29.2,17.47,93.59,0
104218,John,INST-1237,12:00,960.2,34.5,28.1,6.9,29.8,5.1,0,29.6,18.65,95.91,1.37
104219,Divya,INST-7099,7:15,158.7,30.9,29.5,38.3,89.1,12.8,0,5.7,18.41,98.72,0.18
104220,Akash,INST-5510,2:45,0,30.7,30,48,53.6,5.2,9.2,4.3,22.75,93.83,0.1
104221,Akash,INST-7155,2:15,0,41.3,42,35.9,59.1,9.1,0,27.7,17.03,97.68,0
104222,Ravi,INST-8884,4:30,0,33.4,34.1,96.5,93.4,3.7,10.7,13.3,17.59,98.46,0.1
104223,Akash,INST-3924,22:45,0,30.9,31.1,39.8,43.1,0.3,0,20.1,18.09,94.01,0.14
104224,Meena,INST-4126,19:15,0,21.6,21.9,65.6,32.8,12.4,19.3,27.3,20.2,95.58,0.11
104225,Akash,INST-7028,23:45,0,19.5,19.3,21.1,54.8,4.6,0,13.9,17.11,93.96,0
104226,Kumar,INST-6524,15:15,383,26.4,21.7,55.6,41.3,2,22.3,23.2,19.44,95.62,0.52
104227,Kumar,INST-4652,21:45,0,36.3,34.8,22.1,34.7,10.6,0,6.9,17.66,92.96,0
104228,Divya,INST-5564,11:30,379.8,38.7,34.3,72.4,84.5,10,16.2,25.2,20.25,95.53,0.77
104229,Meena,INST-3997,15:30,200.5,35.2,33.1,83.4,50.9,4.8,22.7,15.6,22.93,92.91,0.39
104230,Meena,INST-2321,20:00,0,30.5,32.1,69.9,74.3,6,7.8,13.4,17.96,92.68,0.02
104231,John,INST-6087,1:00,0,29.5,28.7,83.8,61.7,14.5,2.2,17.7,19.26,95.3,0
104232,Arun,INST-9456,8:30,143.6,28.3,28.6,82.4,80.5,12.7,6.6,9.8,22.61,98.83,0.48
104233,Meena,INST-2898,5:00,0,34.1,34.2,70.9,42.9,13.7,22.8,24.3,22.58,98.71,0.1
104234,Kumar,INST-7414,10:00,301.2,37.2,36.6,76.7,54.4,10.6,4.8,13.6,17.74,96.82,0.43
104235,Akash,INST-9348,5:00,0,23,21.3,78.6,36.4,12.9,9.2,3.6,18.44,97.39,0.05
104236,Divya,INST-6423,2:45,0,34.3,34.9,70.7,39.8,5.5,12.7,14,18.4,97.36,0.04
104237,Meena,INST-6866,5:15,0,32.6,32.7,68,22.5,5.5,14.6,16.5,19.13,97.66,0.17
104238,John,INST-3229,5:00,0,35.5,35.5,45.7,87.9,14,21,26,20.47,93.3,0
104239,Akash,INST-8338,7:15,139.3,35.5,34.5,58.7,83.3,6.4,5.4,6.2,17.02,92.52,0.05
104240,Meena,INST-6833,15:45,610.7,33.4,27,17,49.5,6.2,0,2.1,19.09,94.96,1.23
104241,Divya,INST-5422,17:45,210.3,30.5,29.8,18.5,21.2,6.2,0,7.3,22.15,94.99,0.51
104242,Arun,INST-7323,20:45,0,33.7,34.3,86.2,57.7,13.6,0.5,6.8,21.59,95.72,0.02
104243,Meena,INST-9948,10:15,745.5,36.4,29.3,16.8,53.5,6.9,0,26.6,17.35,93.72,0.97
104244,Ravi,INST-7122,17:15,100.7,38.5,38.2,72.4,55.8,8.8,6.7,22.5,20.39,93.81,0
104245,Ravi,INST-8810,1:45,0,32.9,33.9,41.4,80.1,10.4,16.5,2.2,18.04,94.24,0.12
104246,Akash,INST-2742,3:30,0,25.2,25.9,87.7,82.6,3.9,0.8,4.1,19.64,97.65,0.09
104247,Ravi,INST-2860,11:00,899.9,48.8,39.5,10.3,87.1,8.9,0,5.7,17.45,95.04,1.47
104248,Priya,INST-6773,4:15,0,40.3,41.5,90.8,44.6,11.6,20.8,16.5,19.54,96.81,0.17
104249,Priya,INST-4552,15:45,502.6,38.2,33.8,34.5,24.6,11.4,0,12.8,22.58,97.02,0.85
104250,Akash,INST-5747,0:30,0,29.7,31,27.6,74.8,0.3,0,20.9,17.58,94.06,0
104251,Divya,INST-1332,8:15,177.6,42.1,39.3,82.1,44.1,1.5,4.8,4.4,18.74,92.76,0.46
104252,Meena,INST-3560,4:30,0,18.9,19.9,72.1,39.5,4.4,13.8,28,17.83,97.12,0.03
104253,Akash,INST-7060,17:15,200.6,31.1,29.3,29.5,83.7,10.9,0,28.5,19.46,95.5,0.25
104254,Ravi,INST-7705,19:30,0,28.3,27.7,46,40.5,0.8,15.2,6.5,17.48,94.62,0.03
104255,Akash,INST-6413,18:00,5.3,31.3,32.3,16.2,39.3,12.1,0,19.4,22.86,93.79,0
104256,Divya,INST-6061,10:45,309.1,27.2,24,77.2,24.6,12.1,20.2,7,19.88,98.13,0.43
104257,John,INST-7327,10:00,448.5,25,21.6,58.8,83,15,12.7,13.3,22.01,99,0.72
104258,Priya,INST-9959,22:00,0,36,36.1,75.6,24.1,1.7,7.1,0.1,20.93,93.87,0.08
104259,John,INST-5182,10:15,376.6,24,21.2,69.7,30,14.6,22.8,1.9,21.08,94.32,0.92
104260,Priya,INST-1124,18:30,7.5,36.5,36.9,32.6,87.4,7.9,0,28.1,17.43,94.39,0
104261,Akash,INST-3828,21:00,0,20.2,18.2,88,60.7,7.8,24.3,14.1,19.53,97.21,0
104262,Kumar,INST-8501,14:15,762.3,34,25.8,14.4,79.2,14.5,0,20.5,17.47,97.29,1.19
104263,Meena,INST-5707,17:00,127.5,29.4,29.8,65,51.2,13.9,17.8,2.2,21.05,96.25,0.07
104264,Divya,INST-8727,14:15,789,30,22.1,8,71.8,2.9,0,13.6,20.96,98.01,1.54
104265,Kumar,INST-6409,17:30,256.3,36.7,34,10.3,63.1,0.6,0,0.6,18.59,97.74,0.61
104266,Divya,INST-3201,7:45,121.4,41.6,40.5,69.5,93,1.6,24.2,4.3,21.54,97.24,0.07
104267,Akash,INST-1526,10:30,288.1,36.3,33.2,80.3,94.6,0.7,3.6,6.7,19.63,95.28,0.56
104268,Akash,INST-8839,22:15,0,26,27,30.5,49.4,0.5,0,24.6,19.92,92.05,0.02
104269,Divya,INST-4517,15:15,577.3,35.7,28.9,18.8,28.7,12.8,0,22.2,21.9,97.71,0.97
104270,Akash,INST-7325,16:15,311.5,34.6,30.6,43,69,4,9.9,9.7,21.12,94.03,0.72
104271,Akash,INST-9293,16:30,167.3,35.5,32.6,84.4,93.8,1.1,1.9,24.8,21.44,93.32,0.11
104272,John,INST-5871,4:00,0,24.6,25.8,58.3,91.8,8,8.7,7.6,19.1,92.1,0
104273,Arun,INST-5230,0:30,0,36.8,36.2,74.8,94.8,1.4,23.3,2.8,21.35,97.01,0.1
104274,John,INST-2560,15:00,667.8,32.2,28.6,4.8,93.2,13.2,0,8,17.75,92.93,1.22
104275,Akash,INST-7466,0:30,0,34.3,36.2,89.8,82.4,11.5,10.5,27.7,21.52,97.07,0.07
104276,Priya,INST-9157,1:00,0,20,21.4,55.1,24.7,4.9,0.4,22.7,22.64,95.11,0
104277,Arun,INST-7213,19:45,0,41.7,40,82,36.9,9.3,22.2,15.7,22.76,95.05,0
104278,Meena,INST-1586,1:30,0,24.8,25.7,83.1,25.1,4.4,9.7,2,22.38,97.51,0.03
104279,Priya,INST-3342,14:00,416.9,28.8,25.7,64.8,56.2,7.7,11.8,20,19.58,93.68,0.77
104280,Divya,INST-3298,0:00,0,24.7,24.1,81.7,43.6,3.9,2,6.6,21,95.88,0.08
104281,Akash,INST-4420,8:00,428.2,30.7,25.3,20.5,38.1,5.8,0,4.3,19.23,98.44,0.82
104282,Meena,INST-5026,23:15,0,33.2,31.4,20.6,90.2,7.5,0,11.4,22.51,92.02,0.17
104283,Akash,INST-2513,0:00,0,42.9,41.3,22.8,72.7,8.6,0,22.3,22.14,97.55,0
104284,Kumar,INST-3433,18:45,19.9,43,41.8,29.2,42.4,0.3,0,2.3,17.43,95.36,0
104285,Ravi,INST-4722,14:30,365.5,35.3,33.5,67.7,24.9,2.5,16.5,24.8,19.32,92.68,0.75
104286,Priya,INST-3137,9:00,541.8,22.4,19.6,29.5,68.9,9.4,0,7.2,21.83,95.82,0.98
104287,Ravi,INST-7329,1:15,0,38.8,37.6,72,64.2,9,24.1,10.8,19.77,95.28,0.19
104288,Meena,INST-8137,23:30,0,18.9,18.5,71.5,43.1,2.1,12,29.1,19.03,98.93,0.1
104289,Kumar,INST-9114,12:30,569.5,26.3,22.6,52.6,21.7,8.9,21.6,29.2,21.39,94.53,1.07
104290,Arun,INST-7135,10:30,248.3,24.7,24.1,86.3,58.2,15,23,7.8,22.36,97.27,0.61
104291,Arun,INST-6752,10:45,298.9,39.8,35.6,77.1,36,5.2,2.5,26.9,22.41,92.76,0.39
104292,Kumar,INST-9071,4:15,0,38.5,38.8,75.7,73.8,9.3,12.8,22.3,17.75,93.48,0.15
104293,Arun,INST-3487,2:00,0,28.5,30.4,26.1,62.9,3.2,0,21.9,20.04,96.09,0
104294,Kumar,INST-4385,1:00,0,37.7,37.3,35.1,67.3,9.1,0,28.2,21.87,97.75,0
104295,Ravi,INST-9358,4:45,0,34,33.9,72.6,28.9,1.8,5.9,22.9,22.54,96.51,0.2
104296,Akash,INST-3936,17:15,82.2,33.9,35.2,79.5,93.4,7.9,19.3,14.6,22.71,96.15,0.17
104297,Divya,INST-7682,17:45,135.5,25,24.8,51.2,31.9,3,8.6,17.2,21.33,96.44,0.21
104298,John,INST-1462,22:15,0,30.8,29.3,74.9,63.3,12.1,22.7,7.7,17.87,97.8,0
104299,John,INST-1605,2:30,0,31.2,31,57.1,83.7,3.1,10,19.4,20.64,92.75,0.16
104300,Akash,INST-6850,16:45,344.8,42.7,40.7,37.5,78.5,12.5,0,16.2,18.51,94.38,0.46
104301,Kumar,INST-7903,14:15,429.5,30.4,28,58.7,45.8,6.7,12.7,2.1,22.53,94.52,1.04
104302,Akash,INST-7684,2:30,0,27.7,28.2,44.5,70.1,14,1.5,20.8,21.81,96.99,0
104303,Ravi,INST-8919,1:45,0,22.2,24.2,29.3,33.2,9.9,0,24.8,19.04,97.87,0.04
104304,Ravi,INST-7176,11:30,334.2,42.5,39.3,76.9,80.2,5.4,14.9,9,18.29,92.13,0.63
104305,John,INST-9746,21:45,0,18,19.6,77.6,41.3,6.6,7.9,12.1,22.71,95.03,0
104306,Akash,INST-1194,20:00,0,31.8,31.9,92.9,90.6,3.5,19.7,6.6,19.13,96.31,0.14
104307,Ravi,INST-8621,14:30,603.2,27.8,24,38.1,90,8.5,0,20.5,17.32,94.37,1
104308,Priya,INST-4268,6:15,17.8,26.7,25,73.4,37.1,1.3,19.2,21.8,22.85,95.41,0
104309,Akash,INST-4671,3:30,0,25.2,24.2,38.8,49.3,1.9,0,20.4,17.73,97.22,0.14
104310,Arun,INST-7244,6:15,0,30.5,28.7,18.7,59,10.6,0,27.5,19.82,95.6,0.02
104311,Akash,INST-3310,1:30,0,22.2,21.2,87.1,26.6,7.8,9.8,15.3,19.82,94.8,0.1
104312,Ravi,INST-2303,16:00,391.5,39.4,35.2,25.5,28.1,13.7,0,24.6,21.13,92.88,0.51
104313,Meena,INST-2691,6:00,1,36,35.8,53.1,30.5,6.2,5.5,6.3,20.58,95.03,0
104314,Priya,INST-9716,22:45,0,35.5,36.2,70.9,41,14.5,20.9,8.6,19.77,94.18,0.08
104315,Divya,INST-4031,14:30,265.2,33.3,32.3,84.6,85.7,9.8,15,0.8,17.44,93.73,0.4
104316,Priya,INST-3375,23:00,0,25.7,24.5,46.5,32,3.3,6.1,20.5,19.71,96.65,0.18
104317,John,INST-2687,8:30,157.6,39.3,39.7,82.6,49.6,2.9,6.1,16.9,22.29,98.78,0.28
104318,Arun,INST-9286,14:45,651.3,31.6,24.2,28.9,41.5,12.6,0,8.5,17.41,92.03,1.18
104319,Divya,INST-9516,16:30,336.2,22.7,19.7,41.3,73.7,13.7,24.3,20.6,20.43,97.76,0.63
104320,Arun,INST-9084,17:15,192,41.2,38.8,35,87.5,8.7,0,17.9,21.29,95.97,0.45
104321,Arun,INST-1268,15:15,213.1,33.8,30.5,85.2,28.1,11.4,10.1,3.9,17.03,97.2,0.18
104322,Meena,INST-3455,22:45,0,26.6,27.5,40.9,38.9,4.8,17.3,5.8,21.34,93.25,0.17
104323,Meena,INST-1368,11:30,494.6,34.7,30.5,58.4,69.5,7.5,13.9,25.1,17.07,97.81,0.67
104324,Meena,INST-5293,15:30,592.3,36,30.8,16.3,31.2,4.6,0,29.9,20.97,98.06,0.87
104325,John,INST-3876,22:30,0,30.1,30.1,35.4,79.2,3.7,0,21.6,22.2,93.25,0
104326,Arun,INST-9772,17:30,109.6,37.6,37.1,74.4,77.7,4.7,5.6,20.6,19.02,96.39,0.11
104327,Priya,INST-3880,4:00,0,21.5,20.1,58.8,79.8,10.2,15.8,1.4,19.31,93.24,0
104328,John,INST-9126,20:00,0,35.4,33.4,38.5,26.3,11.7,0,21.9,18.14,95.74,0.16
104329,Ravi,INST-7362,17:30,264.3,28.9,24.7,0.9,62.9,3.5,0,28.6,19.17,94.56,0.39
104330,Kumar,INST-3871,0:00,0,34.1,35.5,75.1,29.6,13.3,6.7,23.6,20.55,93.54,0.05
104331,Priya,INST-1002,16:30,393.2,21.1,19.3,28.6,34.1,3.8,0,24.3,22.29,93.92,0.56
104332,Priya,INST-3029,16:15,423.4,27.8,23.4,16.3,32.4,11,0,11.2,17.47,92.89,0.52
104333,Arun,INST-2983,6:15,1.6,41.6,40.2,83.4,87.1,4.2,4.7,7,17.22,92.96,0.09
104334,Priya,INST-7431,2:00,0,21.3,20,75.2,63.6,3.4,3.5,2.8,18.97,95.36,0.06
104335,Arun,INST-9850,2:30,0,39.3,38.8,94.6,83,10.7,15.5,9.1,21.24,96.37,0.03
104336,Priya,INST-8954,13:15,934.6,46.3,37.6,1.9,82.9,1.5,0,10.4,21.81,93.46,1.64
104337,Akash,INST-8305,1:00,0,22.3,20.6,73.4,90.4,14.4,16.9,27.1,20.36,92.96,0
104338,John,INST-6700,12:15,495.4,22.9,18.6,58.3,67.4,10.6,4.8,23,17.87,96.83,0.78
104339,Kumar,INST-8464,4:30,0,34,35.5,98.9,75.7,9.6,9.5,12.4,21.38,96.33,0
104340,Akash,INST-8285,2:15,0,38.9,37.4,57.1,43.3,4.1,0.5,6.8,19.09,96.04,0
104341,Kumar,INST-5064,20:15,0,32.9,33.1,44.8,23.3,10,0.4,16.7,22.2,95.57,0.19
104342,Akash,INST-2897,18:15,13,37,35.1,84.8,30.2,10.4,13.6,10.3,17.27,92.1,0
104343,Priya,INST-8021,12:30,742.7,31.6,25.7,28.8,68.9,2.5,0,23.9,18.57,92.81,1.23
104344,Akash,INST-1215,9:30,277.6,34.2,31,74.6,61.2,4.2,11.8,1.1,20.98,95.04,0.6
104345,Divya,INST-2574,15:15,385.5,33.1,31.5,52.3,81.8,3.3,23.9,10.8,18.15,94.08,0.51
104346,Arun,INST-7840,19:45,0,32.5,33.6,60.4,23.8,10.7,22.7,28.3,20.02,96.81,0
104347,Meena,INST-7555,8:30,250,23.6,22.5,55.3,45.6,12.1,10.9,22,21.89,92.55,0.58
104348,John,INST-4992,19:30,0,25.5,24,95.4,76.4,14.9,15.9,9,22.22,98.87,0.03
104349,Arun,INST-1286,18:30,0,38.9,40.6,25.2,76.6,3.2,0,25,21.84,98.22,0.03
104350,John,INST-5815,8:15,431.6,25.5,21.4,16.5,45.1,7.5,0,13.8,22.24,93.09,1.01
104351,Akash,INST-4597,0:30,0,26.3,25.7,69.2,21.7,14.5,21.8,29.2,20.19,96.72,0.08
104352,Priya,INST-8115,6:15,16.7,19.3,18.3,45.6,45.2,12.5,19,10.4,17.98,92.84,0.19
104353,John,INST-7244,5:15,0,40.8,41.1,98.7,87,5.5,22.4,11.1,18.34,96.4,0.15
104354,Ravi,INST-1792,21:30,0,36.3,37.5,85.6,63.6,13.1,2,11.9,18.77,95.21,0.16
104355,Meena,INST-6398,22:45,0,37.4,38.4,65.4,49.2,10.9,11.1,6.3,20.71,98.85,0.08
104356,Kumar,INST-7276,4:30,0,37.9,38.9,80.4,27.6,5.9,20.2,26.6,22.52,94.55,0.07
104357,Meena,INST-8586,12:30,978.3,34.7,27.2,1.2,49.4,6.7,0,2.5,19.53,97.77,1.83
104358,Akash,INST-4694,19:15,0,31.7,32,42.5,31.6,4.7,5,18,18.03,98.36,0
104359,Akash,INST-4041,22:15,0,31.5,32.4,99.9,53.6,4.3,12.5,6.5,21.2,94.9,0.18
104360,Priya,INST-1871,15:45,464.6,21.8,19.1,43,76,5,5.1,27.9,22.04,97.46,0.7
104361,Meena,INST-6068,19:00,0,27.5,27.4,70.2,43.4,4.5,19.7,14.8,17.04,95.66,0.18
104362,Divya,INST-7410,9:45,264.3,42.2,38.4,71.9,35.2,2.5,7.1,16.1,19.59,93.25,0.44
104363,Arun,INST-2428,14:15,609.6,30.9,26.1,36.9,54.3,15,0,1.7,22.48,97.43,1.14
104364,Divya,INST-3601,15:45,322.3,36.3,34,68.2,73.4,6.2,23.6,13.8,19.59,94.47,0.68
104365,Divya,INST-2936,13:30,931.9,37,27.5,2.5,69.4,14.5,0,24.5,18.53,98.4,1.57
104366,Meena,INST-8349,5:30,0,30.6,32.3,75.1,52.3,8.1,22.7,12.7,18.81,95.68,0
104367,Meena,INST-8836,16:00,128.4,32.6,30.5,86.7,56.8,0.2,15.8,22.5,19.1,97.35,0.4
104368,Ravi,INST-6573,6:15,13.4,20.2,19,58.3,26.5,8,13.6,11.6,19.38,94.82,0
104369,Meena,INST-7827,23:00,0,36.3,38.2,25.1,60.7,13.7,0,13.2,19.15,94.69,0.02
104370,Ravi,INST-5236,1:30,0,19.9,20.3,81.6,49.7,9.5,24.7,2.9,21.8,94.78,0
104371,Meena,INST-4175,18:45,12.4,38.6,36.8,7.9,41.8,7.7,0,0.6,20.37,92.04,0.16
104372,Divya,INST-5293,21:45,0,34,35,48.8,74.1,0.8,7.5,17.7,20.01,92.47,0
104373,Arun,INST-8511,18:15,0,37.8,38.7,30.4,40.2,11.8,0,16.2,21.49,97.45,0
104374,Divya,INST-4313,20:00,0,32.6,32.2,96.9,29.9,1.1,6.9,10.6,21.08,96.48,0
104375,John,INST-7025,23:45,0,26.6,28.4,54,28.3,7.8,2.1,5.9,19.63,96.1,0
104376,Priya,INST-8547,7:15,100.4,41.1,38.9,67.9,49.7,9.4,9.9,22.9,19,92.28,0.25
104377,Ravi,INST-2875,10:00,309.2,27.5,22.9,75.7,52.1,9.1,5,9.7,18.11,97.97,0.43
104378,Kumar,INST-4920,11:45,913.7,28,18.4,8,56.6,9.3,0,24.6,18.32,95.74,1.21
104379,Arun,INST-9695,19:45,0,37.6,36.9,81.3,53.7,2.1,6.3,12,21.79,94.29,0.11
104380,Priya,INST-1820,15:45,376.2,30.7,29.5,57.5,92,8.7,1,17.2,19.79,93.85,0.7
104381,Meena,INST-4700,8:30,159.9,41,40.1,85.8,70.5,14.1,9.1,19.5,22.03,93.45,0.25
104382,Akash,INST-2328,0:00,0,33.3,34.4,87.5,33.5,0.3,22.3,14.9,19.56,93.98,0
104383,Ravi,INST-9888,2:45,0,18.4,19,67.6,35.5,11.2,24.2,1.3,17.87,97.03,0
104384,Ravi,INST-5498,4:30,0,32.6,31.3,91.4,88.3,9.4,16.5,15.8,20.35,93.56,0
104385,Priya,INST-6119,7:45,156.5,28.9,28.8,44.6,80.2,10.2,6.6,11.4,22.55,95.38,0.49
104386,Akash,INST-9699,4:15,0,18.6,18.6,24.4,55.4,3.6,0,15.2,19.72,95.46,0.14
104387,John,INST-4804,16:30,494.4,26.8,22,1.5,22.3,4,0,22,19.02,94.44,0.66
104388,Kumar,INST-7016,20:45,0,20.3,22.1,70.3,40,12.9,1.1,23.3,21.12,95.19,0.12
104389,John,INST-9370,18:15,0,36,36.3,0.6,23.7,8,0,23.1,19.81,97.53,0.18
104390,Kumar,INST-6909,12:45,446.2,42.4,36.8,68.6,84.6,10.6,4.5,1.2,20.09,96.22,0.82
104391,Meena,INST-5778,23:30,0,33.2,34.4,70.6,77.3,9.7,0.2,21.9,18.3,98.29,0
104392,Divya,INST-2303,22:45,0,20.1,19,59.6,78.3,14.4,16.3,24.1,20.32,94.41,0.07
104393,John,INST-5102,11:15,536.4,26,22.5,52.7,28.1,8.2,14,7.8,20.43,92.68,0.98
104394,Kumar,INST-2601,22:00,0,38.9,39.3,47.7,59,12.1,18.2,24.1,17.39,98.53,0.14
104395,Akash,INST-6280,23:45,0,20.5,20.5,25,61.4,6.8,0,9.4,22.64,96.69,0
104396,Meena,INST-7572,13:15,325.1,24.1,22.3,79.2,36.4,13.9,4.5,23,22.44,97.14,0.68
104397,Divya,INST-9893,23:45,0,23.5,23.6,47,48.8,5.9,22.5,12.8,21.67,93.53,0
104398,Priya,INST-2822,20:15,0,29.8,31.5,42.2,86,7.2,14.4,15.2,22.32,98.29,0.08
104399,Priya,INST-9926,21:30,0,32.3,32.3,25.3,71.8,7.2,0,12.6,17.85,97.8,0.15
104400,Ravi,INST-9372,4:15,0,19,18.7,58.8,20.8,2.5,5.6,18.2,17.12,95.12,0.2
104401,Arun,INST-9040,5:15,0,35.8,34.8,41.8,89.2,14.4,18.6,21.5,17.62,92.94,0.03
104402,Divya,INST-2059,16:30,464.3,43.4,39.8,6.3,54.9,1.8,0,6.1,21.13,96.31,0.8
104403,Ravi,INST-7579,4:45,0,28.6,27.5,60.9,27,11.2,1.6,4.9,18.38,97,0.11
104404,John,INST-1600,4:45,0,38.4,37.7,71.3,86.5,3.4,16.5,26.9,20.25,95.97,0
104405,Kumar,INST-7139,20:30,0,41.3,40.3,24.9,79.6,11.6,0,16.5,17.95,92.01,0.04
104406,Meena,INST-5113,19:15,0,27.2,27.3,60.3,45.4,6.8,5.7,15.6,19.45,95.62,0
104407,Meena,INST-4482,18:15,12.7,43.7,41.6,60.5,35,13.3,12.2,5.6,18.04,94.77,0
104408,Ravi,INST-9527,3:30,0,33.3,31.5,44.8,77.6,2.2,13,4.2,19.81,94.5,0.03
104409,Arun,INST-2524,10:45,223.7,38.5,37.6,89,40.7,8,18.8,16.9,19.6,97.64,0.2
104410,Meena,INST-3428,21:45,0,19.1,20.9,22.2,31.8,4.3,0,29.9,19.24,98.33,0
104411,Arun,INST-3480,11:45,846.3,37.3,29.1,13.8,82.9,14.3,0,21.7,22.51,94.97,1.78
104412,John,INST-7014,13:45,381.2,27.6,22.6,70.4,53,1,1.3,27.2,22.85,98.45,0.93
104413,Meena,INST-8922,11:15,323,42.1,40.9,81.8,45.7,10.5,13.9,20.6,19.75,98.83,0.56
104414,Priya,INST-6741,22:45,0,35.4,34.5,69.4,55.4,12.3,2,16.8,21.81,98.41,0
104415,Priya,INST-6888,17:00,172.4,23.2,21.3,47.6,55,4,12.6,13.9,20.45,95.34,0.25
104416,Akash,INST-3897,3:00,0,36.9,37.9,96.2,56.5,11.8,19.7,22.6,17.27,96.59,0.16
104417,Meena,INST-1629,1:15,0,41.7,40.1,92.1,90,14.9,21.9,27.8,18.82,97.93,0.04
104418,Ravi,INST-3322,14:30,752.3,46.2,41.2,15.6,93.9,6.4,0,27,17.66,98.07,1.03
104419,Ravi,INST-2520,4:45,0,37.5,35.9,74.8,87.8,10.5,24.5,29.9,17.77,94.71,0
104420,Kumar,INST-7352,4:00,0,40.7,41.8,98.8,30.6,1.5,17.9,24.6,19.62,92.22,0.08
104421,Akash,INST-3146,16:00,450.3,24.2,20.9,7.3,59.1,4.9,0,10.9,17.41,97.18,0.89
104422,Arun,INST-8016,7:45,91.8,31.2,28.7,81.8,84.6,7.9,3.5,9.9,20.72,92.87,0.18
104423,Priya,INST-4548,6:00,0,36.5,36.3,70.9,31.8,11.4,15.5,21.1,22.06,94.24,0
104424,Kumar,INST-9681,15:00,502.3,39.6,37.3,33.5,89.5,10.3,0,14.6,19.11,93.28,1.02
104425,Kumar,INST-7897,19:00,0,20.2,18.8,85,74.4,4.5,15.4,3.5,21.05,92.09,0
104426,Priya,INST-8732,17:45,155.8,38.3,36,46.3,71.6,13.7,0,25,22.71,97.26,0.22
104427,Divya,INST-5619,4:45,0,22.4,23.5,88.9,35.6,13.5,21.2,20.6,22.24,93.41,0
104428,John,INST-5488,18:45,0,39.5,40,65.1,64.4,14,7.3,26.6,22.38,94.91,0
104429,Ravi,INST-1985,18:00,19.7,35.5,35.2,69.9,37.7,4.7,23.4,4,19.91,92.12,0.2
104430,Meena,INST-4867,16:45,489.1,26.6,24.2,2,94.3,7.4,0,16.6,19.35,95.5,0.95
104431,Akash,INST-4647,15:45,374.9,22.1,19.7,54.8,88.7,9.4,16.2,3.4,22.45,94.06,0.7
104432,Divya,INST-5669,0:30,0,36.5,35.8,23,78.8,5,0,8.2,17.08,97.33,0
104433,Meena,INST-7878,20:15,0,17.8,18.3,56.9,21.3,5.4,1.5,23.1,17.59,97.64,0.19
104434,Meena,INST-5008,14:15,488.7,34.6,29.6,50,20.5,9.2,13.1,14.2,19.65,96.6,0.69
104435,Priya,INST-6939,23:30,0,39.9,41.7,45.8,42.4,11.2,17.2,17.7,17.78,95.74,0
104436,Divya,INST-1025,1:45,0,21.8,20.5,40.2,61.1,8.3,3.4,16.6,22.33,98.94,0
104437,Meena,INST-9020,3:45,0,34,33.2,85.8,23.9,6.6,17.3,10.4,19.84,95.84,0.13
104438,Priya,INST-7218,10:30,812.9,43,38.1,9,83.5,3.1,0,4.8,17.13,94.05,1.15
104439,Akash,INST-8015,15:15,380.4,29.5,28,55.4,67,10.7,18.1,0.9,22.14,96.91,0.89
104440,Arun,INST-7607,6:00,0,32.9,32.3,15.9,31.5,13.2,0,16.8,18.39,94.43,0.05
104441,Arun,INST-3781,23:45,0,35.1,36.8,45.2,78.8,6.9,14.5,19.4,18.11,95.28,0
104442,Kumar,INST-7805,16:00,432.9,36.8,34.6,11.5,44.5,6.4,0,1.2,20.81,95.78,0.7
104443,Arun,INST-5004,0:45,0,31.9,30.6,37,62.1,0.9,0,24.7,20.78,93.17,0
104444,Kumar,INST-7804,11:15,261.7,21.8,19.9,85.5,67.9,5,22.7,1.4,19.09,92.36,0.49
104445,Priya,INST-2095,19:45,0,30.1,30.1,29.3,47.9,1.9,0,29.1,17.38,98.14,0.18
104446,Meena,INST-1380,21:30,0,38.7,37.8,28.6,45.8,12.6,0,3.4,18,95.53,0.11
104447,Meena,INST-1982,16:15,363.9,23.9,22.7,35.6,56.4,8.4,0,13.2,20.54,93.99,0.84
104448,Divya,INST-2760,19:00,0,26.1,26.9,22.5,39.2,10.6,0,15.1,23,97.51,0
104449,Akash,INST-2052,1:30,0,36.2,37.1,64.4,74.2,5.1,14.9,24.5,19.81,98.13,0.18
104450,Arun,INST-5934,15:00,530,40.6,34.4,31.9,69.5,4.6,0,10.1,21.83,97.31,1.1
104451,Priya,INST-8930,17:15,186.6,41.1,40,32,83.1,12.7,0,29.6,22.61,96.69,0.36
104452,Meena,INST-9290,17:00,234.2,29.1,28.8,9,93.6,6.6,0,13.5,19.83,98.98,0.4
104453,Arun,INST-8567,2:00,0,33.4,35,88.1,22.5,2.6,19,7.5,19.84,98.45,0.09
104454,Kumar,INST-7398,16:15,160.4,36.1,32.9,77.3,60.2,0.1,11.7,25.9,22.11,94.69,0.14
104455,Akash,INST-1011,1:30,0,34.4,35.1,39.6,24.6,6.6,0,28.9,17.6,94.09,0
104456,John,INST-5599,13:15,663.2,42.4,36.5,36,45.8,8.8,0,20.9,17.65,97.77,1.04
104457,Kumar,INST-4090,8:30,136.8,26,26.1,85.4,75.6,12.8,4,13.8,22.96,95.18,0.15
104458,Akash,INST-2923,12:00,944.4,30,20.8,5.3,94,11.8,0,18.8,20.01,92.47,1.76
104459,Divya,INST-8556,21:15,0,24.1,23.8,65.7,89.2,6.8,11.8,24.6,20.33,92.34,0.12
104460,Ravi,INST-7793,5:30,0,41,41.9,22.1,72.9,10,0,0.1,22.3,98.06,0
104461,Ravi,INST-3991,11:30,448.6,35.2,30.5,66.1,54.1,6.9,14,0.8,20.95,93.84,0.72
104462,Ravi,INST-3840,8:00,353.3,43.7,40.8,36.9,94.9,2.9,0,15,20.8,97.33,0.47
104463,Ravi,INST-6384,7:15,95.9,32.3,32.2,68.4,83.6,7.9,10.7,13.4,18.55,94.61,0.27
104464,Ravi,INST-3794,6:00,0,41,40,22.4,42,4.1,0,14.7,22.13,98.39,0
104465,Kumar,INST-8756,3:30,0,33.1,35,97.3,56.3,8.3,5.5,15.3,19.62,93.01,0
104466,Arun,INST-1564,4:00,0,37,37.4,92.8,84.2,0.7,16.5,20.4,19.55,95.3,0
104467,Divya,INST-6128,21:45,0,35.9,36.2,28.3,65,14.8,0,4.2,17.09,92.19,0.14
104468,Divya,INST-5009,13:30,286.9,40.2,37.3,84.4,63.7,8.8,3.7,26.7,18.26,96.43,0.28
104469,Ravi,INST-2284,15:15,654.7,42,38.3,7,66.4,8.9,0,5.9,21.63,94.98,1.15
104470,Akash,INST-6906,16:00,303.2,38.6,37.1,47.3,54.9,5.7,0.5,2,21.21,92.54,0.77
104471,Meena,INST-1906,14:30,517.7,38.2,32.6,48.7,55.9,8,20.9,26.8,18.6,92.41,0.79
104472,Kumar,INST-5419,21:30,0,23.3,24.6,44.6,58.8,5,24.4,9.4,20.57,92.59,0
104473,Divya,INST-2773,15:30,262.4,35.8,34.4,74.6,63.6,12.6,20.7,15.2,20.23,97.33,0.36
104474,Ravi,INST-1156,14:15,513.9,29.3,25.9,49.8,53.4,1.6,3.3,11.8,20.57,93.25,0.97
104475,Arun,INST-3185,8:45,365.3,38.6,36.7,36.7,81.2,7.4,0,19.3,19.29,92.68,0.43
104476,Akash,INST-3156,8:30,442.7,44.6,39.9,17.8,28,14.2,0,23.2,19.01,93.26,0.68
104477,Ravi,INST-7593,16:30,360.2,41.7,39.2,36.8,51.3,8.1,0,1,18.1,97,0.8
104478,Priya,INST-2018,6:45,17.7,22,22.6,24,51.1,14.6,0,4.8,17.47,93.13,0.07
104479,Divya,INST-8087,20:30,0,27.8,26.4,26,86.8,12.3,0,4.1,21.07,98.7,0.19
104480,Priya,INST-5055,18:45,0,33,32.2,47.3,23.6,11.8,12.5,17.3,19.6,97.07,0
104481,Ravi,INST-9115,2:00,0,28,26.8,37.2,73.4,2.8,0,12.4,21.51,96.13,0.13
104482,John,INST-3306,15:15,480.2,27.9,25.1,38.4,91.8,5,0,3.4,22.57,98.36,1.23
104483,Meena,INST-5444,18:45,0,42.5,41.8,48.6,23.2,1,18.3,27,17.56,95.5,0
104484,Akash,INST-5696,8:30,448.3,25.8,22.5,16.7,90.5,2.6,0,14.8,22.42,94.17,0.91
104485,Meena,INST-6279,23:30,0,27.7,29.3,99.3,23.7,6.6,24.5,2.6,20.33,95.76,0
104486,Arun,INST-5423,4:15,0,33,32.4,69.5,49.4,7.2,8,3.8,20.74,95.97,0
104487,Priya,INST-8871,22:30,0,19.2,19.2,68.6,42.5,1.8,19,22.7,18.86,93.28,0
104488,John,INST-2888,2:00,0,35,35.4,87.3,23.4,0.3,2.7,12.7,18.29,97.55,0
104489,Priya,INST-1480,22:45,0,40.1,38.4,39.6,52.9,1.1,0,11.2,20.37,92.96,0
104490,Kumar,INST-6025,1:30,0,24.9,24.9,42.6,44.5,14.8,0.5,3.4,19.08,93.19,0
104491,Ravi,INST-2182,14:30,622.5,38.5,34,32.6,61.1,4.3,0,4.5,19.83,95.4,0.98
104492,Meena,INST-4927,6:45,0,32.3,30.9,53.8,32.6,1.9,3.9,7.2,21.03,97.14,0
104493,Divya,INST-5554,20:00,0,28.8,29.9,24.4,30.8,2.5,0,27.1,20.78,93.48,0.18
104494,Divya,INST-7298,1:15,0,27.9,29.4,45.6,40.9,13.6,7.1,14.4,22.15,93.1,0
104495,Divya,INST-3445,16:15,248.1,36.6,35.9,57.8,48.4,11.6,23.1,20.2,18.08,93.05,0.35
104496,Akash,INST-2643,15:30,419.5,29.7,24.5,47.5,81.5,3.3,15.6,24.2,21.81,96.87,0.87
104497,Priya,INST-3348,9:15,571.1,26.6,22.1,25.2,37,12.2,0,14.8,17.97,95.59,0.91
104498,Arun,INST-1510,19:15,0,36.9,36.4,67.1,22.7,0.4,19.7,5.3,18.38,95.1,0.01
104499,Priya,INST-5515,11:30,780,31.1,25.5,24.3,42.9,11.8,0,18,20.88,98.45,1.45
104500,Akash,INST-4082,5:15,0,37.4,37.2,36.3,35.2,10.1,0,11.2,21.14,96.47,0.14
104501,Kumar,INST-9070,17:30,259.7,26.5,22.7,8.3,28,13.6,0,11.7,18.29,93.02,0.58
104502,John,INST-6674,12:45,660.5,33.6,28.6,40,28,13,2.3,18.7,17.52,95.78,1.17
104503,Kumar,INST-4806,11:45,850.3,43.6,37.1,15,29.2,5,0,16.5,17.68,97.42,1.43
104504,Kumar,INST-5266,2:00,0,29.9,28.6,91.6,30.4,14,15.9,3.8,17.19,98.83,0
104505,Arun,INST-3065,20:45,0,20.1,18.9,82,60.4,9.4,21.8,16.7,21.47,94.9,0
104506,Divya,INST-1270,19:45,0,31.2,31.1,84.5,80.2,13.8,18.7,15.3,19.72,98.68,0.02
104507,Priya,INST-3769,19:30,0,39.4,41.1,65.9,21.4,9.3,13.1,17.5,18.25,98.02,0
104508,Kumar,INST-3398,14:30,747.1,32.7,27.3,17.1,57.5,5.9,0,26.2,20.96,92.39,1.43
104509,Kumar,INST-1214,12:30,402.8,27.8,23.7,70.2,49.4,12.6,15.2,24.8,20.97,94.64,0.62
104510,Priya,INST-2210,10:00,215.4,40.8,37.9,89.5,81.7,13.9,19.9,18.2,17.88,96.35,0.45
104511,Divya,INST-3479,13:00,909,30.4,24.8,4.7,34,6.2,0,22.3,21.96,95.53,1.84
104512,John,INST-4109,18:00,19.4,32,32.9,18.1,86.1,12.4,0,29,18.28,95.62,0.09
104513,Kumar,INST-2652,5:00,0,38.2,39.1,44.9,57.7,12.5,3.6,22.1,17.75,92.23,0
104514,Divya,INST-3429,23:15,0,20.6,22.1,77,76,9.6,1,29,21.54,92.04,0
104515,Ravi,INST-9030,16:30,295.8,27.9,24.8,50.7,31.6,0.5,10.9,25.7,19.75,96.71,0.63
104516,Akash,INST-4949,3:00,0,40.3,40.9,24,25.8,10.9,0,23.7,21.25,93.95,0
104517,Kumar,INST-7285,10:15,742.4,45.4,39.3,14.8,72.1,9.7,0,10.4,19.89,94.65,1.18
104518,Kumar,INST-3087,14:30,846.8,48.1,39.8,3.6,89,7.7,0,2.5,22.6,97.46,1.99
104519,John,INST-4508,13:00,370.4,23.9,20,71.9,55.6,11.2,20.6,11.5,21.42,98.49,0.62
104520,Arun,INST-3490,21:30,0,31.2,31.1,58.5,50.2,9,11.1,1,21.93,97.51,0.05
104521,Priya,INST-1096,4:30,0,29.8,31.3,85.9,94.2,3.1,24.5,20.3,22.13,97.99,0.2
104522,Akash,INST-3232,6:30,0,22.4,21.1,88.3,88.1,2,10.4,2.3,17.73,96.45,0.18
104523,Arun,INST-4150,0:30,0,26.7,27.4,50.5,52.8,6.3,18.2,12.1,20.79,93.06,0.19
104524,Divya,INST-5228,7:30,206.5,29.2,25.5,15.5,60.2,7.7,0,16.9,18.2,98.72,0.15
104525,Priya,INST-8131,19:45,0,28.4,28.4,40.9,77.4,2.3,20.8,19.9,21.39,95.33,0.1
104526,Meena,INST-2817,20:00,0,39.9,39.2,55.6,94.5,10.5,2.9,8.4,22.74,97.58,0
104527,Meena,INST-8473,12:45,770.5,27.9,21.8,27.2,64.9,13.4,0,29.1,18.1,98.68,1.17
104528,Divya,INST-5872,13:30,248,27.2,26,89.4,43.5,5.7,7.4,24.3,21.01,98.98,0.27
104529,Priya,INST-4138,15:45,430.2,41.8,39.6,46.1,74.7,10.1,1.9,14.6,21.05,93.21,0.88
104530,John,INST-7873,23:30,0,37.6,39,38.2,69.2,9.5,0,29.4,21.86,97.78,0
104531,Divya,INST-8447,18:15,12.3,20.1,19.1,79.9,23.7,0.6,4.8,1.5,21.75,95.25,0.16
104532,Ravi,INST-2508,4:00,0,37.9,39.2,87.2,57.7,4.6,21.4,18.4,19.22,92.07,0.12
104533,Arun,INST-8954,3:00,0,23.2,22.8,24.1,47.5,4.1,0,16.3,19.59,95.15,0.09
104534,John,INST-8092,4:00,0,42.3,41.4,73.2,44.2,6,2.1,29.9,18.92,98.08,0.17
104535,Kumar,INST-8904,1:30,0,34.7,33.6,33.1,28.9,2.2,0,16.6,19.63,97.61,0.01
104536,Ravi,INST-1440,0:30,0,25.9,26.3,41.7,64.8,12.1,15.6,12,21.01,95.6,0.06
104537,Arun,INST-4181,10:30,269.6,44.1,41.3,85.1,52.3,14.5,3.9,6.2,22.86,92.39,0.61
104538,Ravi,INST-9160,1:45,0,23.3,23.7,39.7,82,0.7,0,2.7,22.01,96.5,0
104539,Divya,INST-1231,8:45,239.4,28.4,26.1,58,37.7,1,14.5,17.2,18.13,93.92,0.42
104540,Priya,INST-7369,2:30,0,22.7,22.5,69.4,65.7,8.4,3.8,19.7,17.84,94.27,0.17
104541,Divya,INST-5991,3:30,0,43.8,41.9,77.5,23.3,9.5,15.3,13,17.15,94.91,0
104542,Priya,INST-7237,2:45,0,22.7,21,65.3,84.9,3.7,5,9.7,21.78,95.74,0
104543,Kumar,INST-4094,5:45,0,23.9,24.4,40.6,58.3,6.1,14.6,8.2,22.46,97.53,0.15
104544,Akash,INST-2857,10:00,629.8,37,33.6,32.5,56.5,12.4,0,7.6,17.57,96.58,1.18
104545,Ravi,INST-7940,0:00,0,26.8,28.6,31.1,22.3,10.4,0,15.9,17.99,93.04,0.17
104546,Divya,INST-2096,9:45,676.2,31.6,26.4,4.6,44.7,14.7,0,24.2,21.65,96.61,1.12
104547,Priya,INST-8386,19:45,0,35.8,36.1,93.5,79.7,6.7,16.3,20.7,19.46,92.2,0
104548,Akash,INST-2136,4:30,0,20.9,21.2,54.9,63.7,1,21.1,2,21.75,98.05,0
104549,Ravi,INST-3867,12:00,422.6,29.8,24.6,70.8,81,13.8,16.6,15,19.31,95.41,0.66
104550,Priya,INST-4448,13:00,542.2,36,31,54.6,40,5.6,22.7,20.6,22.77,97.73,1.18
104551,Arun,INST-8375,4:00,0,22.8,24.4,55.7,28.2,2.7,1,29.3,20.13,98.55,0
104552,Priya,INST-4211,12:15,732.9,39.2,34.7,33.8,36.6,10.3,0,17.6,19.54,95.26,1.07
104553,Arun,INST-6531,4:00,0,34.1,33.9,96.6,45.7,2,23.1,6.5,22.71,94.18,0
104554,Kumar,INST-2299,2:30,0,26.7,25.5,89.8,63.7,6.8,18.2,24.7,18.55,96.37,0.05
104555,Kumar,INST-2280,22:15,0,33.1,33.9,21.4,37.2,5.1,0,23.8,18.47,96.96,0.16
104556,John,INST-6682,20:00,0,38.7,38,94.3,62.3,8,17.4,27.6,18.62,92.54,0
104557,Priya,INST-5305,16:45,335.8,29.4,28.6,37.3,20.5,2.5,0,25,17.61,95.93,0.49
104558,Akash,INST-9914,6:15,0,22.8,24.5,67.6,48.3,12.6,23.3,2.6,19.49,97.57,0.17
104559,Divya,INST-4963,5:00,0,28.6,29.1,85.2,68.4,10.8,11.4,4.5,20.02,97.81,0.05
104560,Ravi,INST-8059,13:30,506.7,34,28.2,57.9,37.5,14.6,23.2,1.5,17.9,96.78,0.87
104561,Akash,INST-2125,14:15,343.7,26.9,23.6,72.1,62.5,5,21.9,20.4,21.19,96.41,0.6
104562,Priya,INST-9845,13:00,336.8,43,39.6,79.5,28.7,5.6,4.5,27.9,17.31,92.17,0.38
104563,John,INST-3372,5:30,0,39.3,38.8,53,50.1,1.5,20.6,23.3,17.7,94.61,0
104564,Ravi,INST-2532,0:15,0,38.1,38.2,24.8,53.2,13.7,0,13.1,18.93,96.68,0.12
104565,Priya,INST-6504,10:45,740.5,31.2,24.4,14.9,61,12.2,0,2.2,19.31,95.48,1.42
104566,Kumar,INST-8822,4:45,0,39.3,38.1,33.6,22.1,14.1,0,10.3,21.16,92.85,0.11
104567,Meena,INST-2217,21:00,0,32.8,32.4,22.4,33.1,12.9,0,15.8,22.9,97.7,0.01
104568,Akash,INST-2539,6:00,0,25.9,25.8,8.7,54.1,13,0,2.6,22.36,92.65,0
104569,John,INST-6594,21:15,0,33,32.6,60.9,88.9,3.4,16.4,9.7,18.95,93.93,0
104570,Priya,INST-7837,12:15,395.3,36.8,35.3,74.4,34.3,6.7,9.8,14,22.22,98.81,0.74
104571,Ravi,INST-9489,2:30,0,32.8,30.9,25.1,20.9,11,0,13.7,22.27,95.79,0
104572,Akash,INST-9625,5:45,0,35.5,34.6,25.1,49.7,13.5,0,25,22.78,95.14,0.16
104573,Priya,INST-2009,1:15,0,40.6,38.8,99.3,65.7,6.7,21.2,5.5,18.91,98.54,0
104574,Priya,INST-3882,11:30,854.6,33.7,27.7,11.8,65.7,7.4,0,7.5,19.71,92.07,1.56
104575,Meena,INST-7764,13:30,308,29.9,28.7,83.3,39.2,12.7,4.2,15.9,22.04,97.07,0.73
104576,John,INST-1478,4:15,0,30.8,30.5,22.6,90.6,1.1,0,4.9,22.81,96.06,0
104577,Divya,INST-2723,23:30,0,19.2,20.6,98.6,86.4,3.7,7.5,9.3,17.78,96.83,0
104578,John,INST-1663,3:45,0,36.9,37.8,86.1,67.6,1.5,4.4,15.3,17.84,95.96,0.13
104579,Priya,INST-1099,18:45,13.5,29.7,28.8,79.8,33.3,4.4,1.6,22.6,20.47,96.26,0.14
104580,Divya,INST-8421,14:45,791.4,32.8,24.6,12.9,53.1,3.1,0,0.1,22.34,93.03,1.82
104581,Divya,INST-3877,2:15,0,37.7,36.9,58.7,24.2,11.1,16.3,28.5,19.36,93.24,0
104582,Kumar,INST-5932,11:45,277.7,43.9,41.5,84,74.7,2.9,2.2,26.1,19.19,97.1,0.32
104583,Akash,INST-8696,8:30,365.2,30,25,36.7,29,2.5,0,16.1,22.24,94.61,0.66
104584,Kumar,INST-7880,16:15,407.2,35.9,33.9,19.7,73.3,10.6,0,29.4,17.02,95.62,0.48
104585,Divya,INST-5872,1:45,0,37.6,37.5,30.7,85,0.7,0,21.5,20.08,96.37,0.04
104586,Priya,INST-8997,19:00,0,22.4,24.1,63.3,90,14.8,12.3,20.9,17.43,97.14,0
104587,Meena,INST-1230,14:15,233.9,41.7,38.4,87.2,34.1,4.6,20,25.2,22.05,97.42,0.58
104588,Kumar,INST-7345,5:00,0,36.8,35.1,71.4,80.5,6.8,15.6,26,21.8,97.53,0
104589,Divya,INST-4752,13:45,910.8,39.6,32.4,8.1,87.3,8.7,0,17.7,22.77,97.51,1.88
104590,Priya,INST-7238,5:45,0,19.4,20.3,50.4,52.5,8.2,10.2,20.7,20.48,92.29,0
104591,Arun,INST-2818,4:45,0,34,35.4,25.9,80.9,1.8,0,18.6,19.66,96.56,0
104592,Akash,INST-3518,14:15,792.2,28.5,22.9,9.8,62.6,2.2,0,25.2,17.87,95.42,1.15
104593,Priya,INST-8331,16:30,488.5,32.4,26.4,0.8,28.5,0.3,0,3.2,21.42,95.59,0.97
104594,Kumar,INST-8698,0:00,0,34.3,32.8,41.6,82.7,6.8,2.5,21,19.2,96.54,0.18
104595,Arun,INST-9071,17:00,55.8,27.1,26.6,87.5,36.1,14.8,17.1,2.3,19.95,97.07,0.14
104596,Akash,INST-9216,13:30,843.5,27.9,19.9,14.3,73,5.9,0,29.8,20.53,92.46,1.22
104597,Arun,INST-8851,15:30,523.3,27.2,22.6,34,62,3.2,0,14.7,21.29,96.4,0.89
104598,Arun,INST-7906,9:15,472.7,31.6,28.8,39.2,26.5,13.9,0,24.6,19.04,92.96,0.8
104599,John,INST-4921,9:00,176.3,37.9,34.8,89.8,50.5,11.5,12.1,13.1,19.88,97,0.4
104600,Akash,INST-1461,20:30,0,40.2,41.8,50.7,26,0.3,10,27.3,17.27,93.07,0.08
104601,Divya,INST-3351,19:30,0,23.8,22.9,46.7,85.3,0.1,14.8,2.3,18.56,95.64,0
104602,Priya,INST-1959,13:30,352.2,27.7,26.7,77.9,35.3,6,5.4,23.4,19.58,98.86,0.59
104603,Ravi,INST-6494,23:30,0,41.8,40.9,36.8,20.8,2.4,0,16.8,22.39,98.61,0.17
104604,John,INST-1911,12:15,299,36.7,32.3,85.6,73.8,7.9,21.2,1.6,17.87,97.26,0.5
104605,Priya,INST-1705,23:30,0,17.1,19,50.2,53.8,4.6,9.3,11.5,20.66,96.71,0
104606,Ravi,INST-9795,15:30,256.2,42.5,38.5,75.3,68.2,14.8,0.4,10,22.83,93.81,0.55
104607,Kumar,INST-3992,3:30,0,20.5,20.9,64.4,32.5,4.1,22.3,25.7,21.6,94.8,0
104608,Meena,INST-2298,18:00,13.8,19.9,19.2,64.1,73.1,2.3,17,29.2,22.45,94.95,0.18
104609,Arun,INST-7880,12:15,787.5,47.1,39.6,27.2,27.3,7,0,16.3,20.94,97.94,1.48
104610,Ravi,INST-9801,19:45,0,37.2,35.5,48.8,48.6,4.5,15.3,19.7,22.8,98.41,0.08
104611,Kumar,INST-7249,17:45,112.3,41.3,41.7,67.6,33,7.6,10.7,0.4,18.5,94.16,0.18
104612,Priya,INST-9827,12:30,494.5,35.6,32.5,59.3,60.5,7.6,10.2,21.4,20.12,97.62,0.76
104613,Meena,INST-8890,3:30,0,17.6,18.8,34.7,26.3,1.2,0,5.5,21.23,93.05,0.11
104614,Meena,INST-4754,10:15,466.4,27.5,24.9,56.6,51.8,6,4.4,19.7,19.55,98.25,0.76
104615,Ravi,INST-1057,22:15,0,25.2,25.9,61.2,25.2,1.2,3,3.9,17.54,92.24,0.11
104616,Priya,INST-6493,11:30,442.6,43.7,40.3,64.8,86.6,9.7,1.6,1.6,22.5,92.95,0.93
104617,Divya,INST-7656,9:45,438.7,42.5,37.3,45.6,21.9,10.2,23.2,20.8,17.94,92.19,0.73
104618,Priya,INST-9223,11:30,429.8,46.9,41.8,66,56.5,12.2,14,3.2,18,92.54,0.6
104619,Akash,INST-4751,13:45,587.7,29.6,25.6,45.4,60.8,11.3,24.1,21.1,21.46,97.38,1.27
104620,Divya,INST-6394,5:45,0,37.3,37.3,47.7,81.7,5.2,3.5,21,18.7,98.71,0.15
104621,Arun,INST-1532,22:00,0,29.1,28.2,76.5,64.7,6.2,15.4,7.4,21.34,97.1,0.15
104622,Akash,INST-2498,6:45,11.7,19.4,18.2,8.4,35.3,3.9,0,19,20.43,93.04,0.14
104623,Ravi,INST-7871,19:45,0,34.6,34.6,22.9,83.3,4.9,0,27.8,19.17,97.5,0
104624,Arun,INST-4087,18:30,0,29.8,27.8,44.7,66.3,11.1,20.9,13.7,21.77,96.34,0.08
104625,Ravi,INST-6509,3:00,0,33.4,32.3,66.9,24.6,5.6,21.3,24.6,19.34,98.06,0
104626,Arun,INST-6572,23:00,0,21.7,20.3,24.4,21.9,7,0,1,18.36,97.94,0
104627,Akash,INST-8930,15:45,364.5,34.5,31.3,59.8,84.3,11,10.6,8.8,17.34,92.37,0.75
104628,Priya,INST-1125,15:15,236,29.1,28.4,80.7,41.3,14.8,8.5,3.5,22.07,95.14,0.66
104629,John,INST-4326,9:00,489.5,36.2,33.9,39.5,69,14.3,0,24.5,22.79,92.29,1.06
104630,Kumar,INST-4592,20:30,0,40.4,41.4,87,56.6,7.4,1.5,6.2,22.4,98.7,0
104631,Arun,INST-9311,12:15,721.4,42.2,34.4,33.8,38.9,10.1,0,29.1,21.84,92.96,1.22
104632,Priya,INST-7542,11:00,667,27.5,23.1,38.8,92,5.2,0,1.8,21.35,95.99,1.3
104633,John,INST-9376,4:45,0,31.2,31.4,88.4,45.4,11.4,24.7,7.4,20.75,92.26,0.03
104634,Arun,INST-3541,8:00,464.7,31.5,26.8,8.2,52.2,7.4,0,3.4,19.9,94.04,0.72
104635,Priya,INST-2707,10:15,807.4,47,38.6,9.2,31.9,6.5,0,18,18.42,92.05,1.27
104636,Ravi,INST-8701,6:30,0,17.5,18.6,32.8,83.7,8.1,0,23.1,20.12,97.39,0
104637,John,INST-2645,4:15,0,38.6,37.1,20.8,48.4,6.7,0,9.4,19.79,97.05,0
104638,Akash,INST-5154,4:15,0,24.1,23,49.4,25.1,0.4,5,4.6,21.66,98.99,0
104639,Arun,INST-4143,17:00,212,19.7,19.4,28,73.6,1.5,0,7.6,18.51,93.09,0.3
104640,Arun,INST-3235,15:00,216.7,34.8,33.1,81.1,40.6,10.1,7.3,15.5,17.98,97.77,0.44
104641,Kumar,INST-3148,20:30,0,31.5,30.5,45.9,77.3,11.1,22.6,13,21.84,98.01,0.08
104642,Ravi,INST-4688,23:45,0,27,28.8,63.4,30.9,14.3,17.4,16,18.59,97.57,0.16
104643,Divya,INST-5637,8:00,469.4,37.4,34.5,5.6,26.8,14.3,0,4.9,17.98,97.78,0.72
104644,Arun,INST-4631,4:45,0,34.3,33.2,33.2,67.5,5.4,0,1,22.74,95.53,0.16
104645,John,INST-8886,13:30,275.1,26.3,22.4,86.2,31.3,4.8,18.2,14.3,18.78,93.26,0.5
104646,Divya,INST-2034,12:30,578.4,30.2,26.3,49.4,88.3,10.9,10.1,11.7,18.94,93.6,1.15
104647,Meena,INST-6731,17:30,71.2,37.6,35.6,88.6,59.7,11.4,1.6,27.9,19.83,96.79,0.02
104648,Meena,INST-6478,6:00,14.5,37.1,38.1,11.1,24.1,8,0,6.2,21.42,98.44,0.19
104649,Priya,INST-7992,3:45,0,24.9,26.6,53.6,79.3,6.8,21,3,17.18,97.55,0.06
104650,Kumar,INST-4579,3:15,0,38.9,40.4,55,57.5,0,1.4,13.3,21.81,97.31,0.04
104651,Divya,INST-2237,0:30,0,24.1,25,40.5,38.4,13.9,13.9,1.6,20.25,94.66,0
104652,Priya,INST-6153,6:15,0,23,21.5,85.6,77.8,14,24.4,11.5,21.64,96.01,0
104653,John,INST-8060,11:15,947,38.7,31.4,1.4,55.1,3.2,0,11,20.61,94.86,1.81
104654,Ravi,INST-8879,15:15,472,28.1,22.5,37.4,23,9.2,0,12.1,17.88,98.89,0.94
104655,Meena,INST-1549,15:00,681.2,24.2,18.3,6.2,23.4,5.5,0,27.2,20.07,92.91,1.09
104656,John,INST-9398,10:15,292.9,41.5,39.1,79.4,57.9,9.9,12.1,8.2,22.99,93.63,0.56
104657,Divya,INST-7623,14:45,283.1,42.9,39,81.8,81.3,6.6,20.4,28.1,21.93,95.89,0.33
104658,Akash,INST-8263,3:30,0,37.1,35.8,74.7,26.6,2.9,8.4,15.8,22.74,93.38,0.05
104659,Divya,INST-1599,17:15,196.8,29.2,27,27.5,70.7,5.9,0,9.3,18.63,97.98,0.46
104660,Divya,INST-5805,10:30,788.6,34.7,27.1,10.9,20.4,8.7,0,15.8,22.87,98.4,1.73
104661,Kumar,INST-3722,0:45,0,25.7,24.8,67.9,77.4,1,20.8,28.5,19.13,92.91,0
104662,Kumar,INST-2086,20:15,0,39.9,40.6,81.1,88.7,0.4,0.7,26,17.3,96.03,0.12
104663,Kumar,INST-8792,13:00,485.1,32.7,30.4,59.6,34.9,13,3.3,23.7,22.03,94.37,1.06
104664,Kumar,INST-7622,6:00,14.7,22.4,21,17.7,59.4,13,0,14,18.63,98.72,0
104665,John,INST-9255,21:15,0,21.5,21.3,39.3,68.7,14,0,13.2,22.47,92.04,0.17
104666,Ravi,INST-5809,22:45,0,20.8,19.6,98.1,58.8,10.1,9.7,18.7,21.14,92.5,0.19
104667,Priya,INST-2995,8:15,286.1,23.3,22.8,50.8,39,12,13.7,11.7,18.23,98.82,0.4
104668,Priya,INST-1996,23:45,0,34.9,36.2,63.9,54.3,9,15.5,14.1,18.95,98.07,0.18
104669,Arun,INST-4608,19:00,0,19.6,21.5,52.7,66.9,4.3,16,15.7,21.57,94.54,0.14
104670,Kumar,INST-4881,6:15,0,30.1,31.9,9.9,53.9,13.8,0,20.4,20.85,98.08,0.1
104671,John,INST-2951,23:30,0,22.6,22.7,97.9,44.5,2.2,15,19,18.19,96.3,0
104672,Ravi,INST-7006,15:00,242.3,37.7,34.4,76.8,31.6,3.6,18.2,28.2,18.23,95.48,0.5
104673,Kumar,INST-9142,2:45,0,22,21.5,82.9,78.5,6,3.7,27.4,20.88,95.42,0.15
104674,Priya,INST-3718,6:15,0,26.2,28.1,70.4,34.9,8.1,15.3,5.5,21.53,94.6,0
104675,Priya,INST-2431,9:00,260.7,30.5,26.4,77.3,94.5,12.1,20.2,1.7,19.75,94.89,0.47
104676,Divya,INST-9943,3:15,0,40.8,40.5,86.1,38.4,3.3,23.4,7.7,20.97,97.31,0
104677,Priya,INST-8822,21:45,0,38.9,40.2,61.4,28.4,4.1,4,12.5,20.91,94.37,0.13
104678,Divya,INST-7948,4:00,0,38.8,39.2,75.1,84.9,0.8,3.5,8.5,17.49,92.16,0.06
104679,Priya,INST-5317,2:00,0,26.5,27.4,79.8,45.3,7.6,0.2,20.5,18.53,92.45,0
104680,John,INST-5154,11:00,713.5,31,25.4,33.8,38.6,7,0,18.7,18.31,95.58,1.12
104681,Kumar,INST-3998,20:15,0,34.6,35.7,33.6,48.5,6.6,0,25.2,20.59,95.98,0
104682,John,INST-3401,11:00,591.3,41.6,37.4,44.7,60,1.4,3.9,11.2,22.53,98.48,1.44
104683,John,INST-5091,0:45,0,16.7,18.3,29.9,26.9,8.3,0,28.7,18.85,98.6,0.13
104684,Priya,INST-3971,2:15,0,19.9,19.2,50.8,67.9,6.4,3,21.2,17.82,96,0.16
104685,Divya,INST-5382,13:45,629,31.2,24.8,39.5,27.9,12,0,21.7,22.86,96.87,1.16
104686,Kumar,INST-7003,11:45,721.1,31.4,26.2,28.1,86.6,1.3,0,13.3,18.92,94.87,1.22
104687,Akash,INST-5140,7:15,220,28.8,27.4,13.6,28,8,0,19,18.95,95.73,0.41
104688,Ravi,INST-4224,22:15,0,22.2,24,51,31.2,2.4,20.3,15.4,18.51,92.78,0.16
104689,Arun,INST-2151,14:15,497.5,39.2,33.8,48.6,93.2,3.6,5.1,18.8,18.71,95.34,0.74
104690,Arun,INST-6596,17:45,125.1,22.9,23.6,69.1,27.7,5.8,11.1,5.3,20.12,98.62,0.35
104691,Meena,INST-9751,8:00,340.3,26.1,24.9,41.1,21.5,14,17,10.6,19.69,93.49,0.55
104692,Akash,INST-8557,10:45,845.9,43.1,35.2,5.5,89.3,13.3,0,4,20.97,95.45,1.71
104693,Meena,INST-7131,15:45,254.2,25.4,21.8,79,86,10.8,17.4,12.5,20.29,95.67,0.57
104694,Ravi,INST-8080,8:15,391,45.3,40.7,28.2,33.2,1.5,0,14.1,19.48,96.87,0.55
104695,John,INST-5133,23:00,0,27.4,26.9,91.3,92.5,1.6,17.6,21.8,21.83,93.35,0
104696,Arun,INST-1846,13:15,596.5,44.1,39.3,44.7,20.9,8.5,23.9,28.5,19.82,94.55,0.94
104697,Akash,INST-3378,7:15,79.5,28.5,28.4,80.5,80.6,5,15.8,28.4,22.59,94.85,0.21
104698,Priya,INST-2816,5:00,0,27.9,26.6,22.9,71.5,5.2,0,7.3,21.5,93.76,0
104699,John,INST-4263,20:15,0,22.4,21.8,62.5,84.3,7.1,22.6,18.2,18.29,94.46,0.06
104700,Arun,INST-5686,5:15,0,25.6,24,64.7,29.7,10.3,13.6,0.4,21.46,92.44,0
104701,Divya,INST-9603,2:00,0,30.9,30.5,63.6,38.2,3.2,17.1,25.3,21.37,97.38,0
104702,Meena,INST-9178,22:00,0,29.6,31.4,30.7,36.4,7.6,0,22.6,22.21,95.87,0.01
104703,Ravi,INST-5123,19:00,0,37.7,37.5,65.4,54.6,1.9,18.5,9.8,20.4,94.3,0.05
104704,Arun,INST-4096,7:30,212.8,44,41.2,24.6,62.5,11.2,0,21.6,18.47,98.12,0.44
104705,Kumar,INST-4982,6:15,0.9,23.5,22.9,40.1,44.5,7.9,8.2,27.1,17.97,96.4,0.12
104706,Meena,INST-9253,2:30,0,30.2,30.9,96.3,66.1,1,8.6,14.6,19.42,92.93,0.2
104707,Arun,INST-8579,6:00,0,23.2,25,3.3,80.4,7.2,0,8.8,17.84,98.39,0
104708,John,INST-9861,19:00,0,34.5,32.9,68.3,40.3,6.3,4.9,19.8,19.93,96.22,0.15
104709,Ravi,INST-5164,14:00,805.9,29.3,22.8,10.2,84.6,13.7,0,17.8,20.52,92.69,1.39
104710,Divya,INST-1349,10:45,503.4,31.3,28.7,52.2,57.8,11,12.2,2.1,18.37,94.96,1
104711,Arun,INST-6203,11:45,571.9,35.3,31.5,46.8,29.6,1.1,5.5,20.9,20.05,96.31,1.15
104712,Priya,INST-7632,13:00,308.5,38,37.1,79.3,76.5,4.8,24.7,4.8,18.52,98.47,0.57
104713,John,INST-6739,22:15,0,31.6,31.6,78.1,69.6,9.4,24.3,10.5,21.38,94.16,0
104714,John,INST-9141,9:15,236.8,38.2,37.4,80.8,71.5,1,1.3,21.8,20.5,97.53,0.31
104715,Meena,INST-7654,11:00,340.1,21.3,18.6,78.2,70.1,5.8,20.8,25.6,22.03,97.92,0.73
104716,Akash,INST-3159,10:00,581.8,24.4,18.7,39.7,33.7,1.5,0,5.6,17.83,93.64,1.09
104717,Arun,INST-3283,13:15,330.5,42,40.8,81.1,95,1.7,14.1,5.8,22.9,97.84,0.65
104718,Priya,INST-9064,16:00,483.4,31.1,25.2,2.6,20.9,4.7,0,28.2,20.21,94.57,0.66
104719,Priya,INST-4278,20:30,0,35.4,37,57.9,92.1,4.5,1.5,13.7,20.41,96.23,0
104720,Priya,INST-6586,5:15,0,39.3,41,58.8,21,7,10.9,10.2,17.24,94.59,0.13
104721,Ravi,INST-3940,20:00,0,30.5,30.9,22,46,2.4,0,4.7,18.82,97.83,0.06
104722,Arun,INST-3426,8:45,142.6,24.7,21.8,81.1,94.5,7.5,7.9,29.8,18.21,95.38,0.13
104723,Ravi,INST-4883,4:00,0,32.2,30.7,87.7,71.7,10.2,22.2,9.7,17.39,95.99,0
104724,John,INST-5534,21:45,0,18.9,20.4,44.5,28.7,13.2,3.4,16.9,19.61,94.39,0.01
104725,Meena,INST-9076,3:45,0,34.9,36.3,91.2,59.1,8.9,11.4,17.3,20.7,93.76,0
104726,John,INST-9513,0:45,0,28.1,27.7,41.2,29,5.3,2.4,14.3,18.67,97.92,0
104727,Priya,INST-7851,20:00,0,22.3,22.6,48.6,74.5,10,15.2,12.5,17.04,93.23,0
104728,Ravi,INST-9685,20:00,0,27.3,29.1,76.2,43,6.1,24,10,22.24,94.02,0
104729,Meena,INST-1176,6:45,16.7,30,31.8,14.6,84.7,8.3,0,0.5,20.92,95.9,0.07
104730,Akash,INST-1280,22:30,0,20.5,19.3,53.6,57.4,12.8,7.6,4.2,17.6,97.35,0
104731,John,INST-4262,19:45,0,30.6,30.1,53.7,29.6,3.7,2.4,23,19.84,98.41,0.08
104732,Meena,INST-6331,14:30,674.3,35.8,30.7,28.2,52.7,5.2,0,27.9,17.43,97.55,1.11
104733,Divya,INST-5491,8:15,451.6,26,21.2,11.5,33.9,11.3,0,4.1,18.11,97.41,0.67
104734,Divya,INST-1135,21:15,0,38.3,37.6,32.5,59.4,14.6,0,18.2,19.84,92.41,0
104735,Akash,INST-1497,1:30,0,29.2,28.2,31.1,22.3,12.6,0,8.6,22.27,97.67,0
104736,Divya,INST-8764,21:45,0,38.4,39.5,47,49.5,10,12.1,6.2,19.42,94.07,0
104737,Meena,INST-8721,5:15,0,32,34,61.2,74.2,10.6,5.6,18.1,19.63,97.19,0.18
104738,Arun,INST-4472,17:00,117.6,31,28.5,68.3,63.6,1.2,1.3,26.4,17.62,95.32,0.1
104739,Arun,INST-8364,10:15,524.4,24.7,18.6,44.6,88.8,2.6,5,25.4,21.64,95.93,0.86
104740,Priya,INST-2125,12:15,638,29.4,23.9,44.2,37.5,10.8,16.8,28.5,20.96,98.78,1.19
104741,Ravi,INST-4995,13:30,636.5,35.7,30.5,40.5,64.2,3.3,15,2.3,22.48,95.8,1.54
104742,John,INST-1184,11:45,411.4,31.2,29.7,67.8,36.5,8.3,17.4,14.9,19.9,93.87,0.63
104743,Ravi,INST-8769,19:15,0,29.4,30.6,39.5,86.8,3.7,0,4.4,17.15,94.32,0
104744,Arun,INST-1821,22:45,0,41.2,40,33.3,65.3,1.8,0,16,19.19,95.51,0
104745,Priya,INST-9537,13:15,702.3,45,40.3,33.3,39.8,10.2,0,14.8,18.12,93.78,1.2
104746,Ravi,INST-4291,8:15,365.9,39.3,36.6,34.8,85.7,4.6,0,9,18.26,93.76,0.76
104747,Meena,INST-6050,10:45,862.8,40.4,33.3,1,85.7,8.3,0,29.7,18.9,97.29,1.31
104748,Ravi,INST-9050,6:30,7.5,41.2,39.8,30.5,21.7,1.6,0,15.4,19.45,94.46,0.15
104749,Arun,INST-8002,9:45,624,29.1,24.3,12.1,42,2.3,0,4.6,22.49,94.76,1.5
104750,Akash,INST-7466,14:30,534.5,30.7,25.2,47,72,7,21.4,25,19.28,93.18,0.8
104751,Akash,INST-7682,21:15,0,39.3,39.6,55.7,33.6,14.3,21,28.8,22.91,95.46,0.11
104752,Divya,INST-5138,1:30,0,38.1,40,69.6,79.1,13.9,15,10.5,17.51,98.59,0.18
104753,Priya,INST-2422,11:30,674.1,41.6,37.2,38.6,84.5,6.8,0,16.7,20.78,94.84,1.12
104754,Ravi,INST-5362,13:45,630.1,45.1,39.6,42.3,63.7,11.8,1.3,18.8,19.78,94.7,1.13
104755,Arun,INST-7312,6:00,0,27.5,25.6,23.8,34.5,12.6,0,13.5,22.84,94.19,0
104756,Priya,INST-3893,0:00,0,31.5,32,25.9,91.2,3.5,0,12.5,18.92,96.74,0
104757,John,INST-8605,13:00,875.9,43.3,35.6,10.4,70,7.2,0,5.7,22.24,92.07,1.75
104758,Priya,INST-2017,11:15,890.5,41.3,34,8.2,74.3,7.2,0,11.3,21.73,96.3,1.71
104759,Akash,INST-5745,11:15,777.5,28.4,23.4,21.9,80.4,12.3,0,24.8,19.63,92.18,1.11
104760,Ravi,INST-8694,14:45,736.9,29.4,23.7,17.2,25.9,13.6,0,2.7,19.89,97.34,1.4
104761,Ravi,INST-3873,14:15,833.3,40.7,34.4,5.1,87.7,1.1,0,0,20.71,95.18,1.77
104762,Meena,INST-6115,23:45,0,33.3,35.2,59.9,55.6,10.3,11.5,24.6,17.59,92.93,0.1
104763,Ravi,INST-8517,1:15,0,41.8,40.3,41.9,49.4,8.1,1.8,2.7,20.18,92.38,0
104764,Meena,INST-3261,14:00,845.7,33,27.8,4.1,60,2.9,0,16.7,20.96,94.02,1.57
104765,Akash,INST-3298,17:30,113.8,25,24.3,73,49.2,0.4,9,17.4,18.49,96.64,0.01
104766,Kumar,INST-6284,15:45,349.1,29.3,26.3,63.4,37.4,4.9,3.2,8,20.65,92.58,0.8
104767,Akash,INST-4846,3:15,0,28.2,27.1,57,68.4,6.2,11.7,25.8,19.31,96.86,0.08
104768,Divya,INST-6938,12:00,452.7,39.9,35.7,65.8,94.2,6.5,3.6,28.1,22.13,93.53,0.88
104769,John,INST-9613,15:45,330,42.9,40.1,67.4,29.4,4.9,2.9,2.8,18.71,98.48,0.66
104770,Akash,INST-5987,3:00,0,35.7,37.5,32.6,60.1,4.8,0,25.2,18.94,95.34,0.02
104771,Ravi,INST-9731,7:30,247.1,37.3,35.4,12.1,91.5,10,0,16.2,19.65,98.8,0.25
104772,Divya,INST-1590,12:15,705.6,40.2,32.8,33,55.4,9.8,0,5,19.42,92.69,1.29
104773,Ravi,INST-6339,13:00,401.6,36.9,32.6,70.8,38.4,11,10.8,20.8,18.44,96.87,0.72
104774,Ravi,INST-2342,18:45,0,34.6,36.5,19.3,74.9,13.1,0,5.1,17.68,93.69,0
104775,John,INST-2565,19:15,0,32.3,31.6,99.9,38.2,14.8,22.7,0.5,21.27,95.77,0
104776,John,INST-8152,18:15,0,38.2,36.7,22.5,30.4,2.3,0,21.8,22.94,97.2,0.19
104777,Akash,INST-4653,18:00,0,20.7,21.2,78.2,35.3,7.5,15.7,2.5,17.89,98.14,0
104778,Arun,INST-4645,20:45,0,37.6,36.6,24.4,74.7,6.2,0,18.7,22.87,98.2,0.07
104779,Priya,INST-5682,2:45,0,33.6,34.6,73.5,28.4,3.5,5.4,16.4,20.29,93.8,0.2
104780,John,INST-8237,11:00,474.6,29,26.1,61.9,59.8,5.1,14.4,4.5,17.13,97.54,0.93
104781,Divya,INST-2241,7:15,240.3,26.6,23.3,12,72.8,14.4,0,17.4,22.3,92.73,0.38
104782,Akash,INST-6116,9:15,395.1,30.6,25.9,54.3,36.6,13.4,14,25.2,22.61,96.85,0.88
104783,Akash,INST-6911,1:00,0,40.3,42,29.4,43.1,11.8,0,18.4,20.82,94.1,0.04
104784,Ravi,INST-5044,21:00,0,29,27.3,81.2,90.5,8.6,1.7,26.3,18.22,94.86,0.09
104785,Akash,INST-1451,12:30,689.2,39.9,34.1,35.6,43.3,2.1,0,12.4,18.08,94.13,0.92
104786,Akash,INST-9838,17:45,161.8,42.1,39,44.7,68,8.2,9.7,17.9,19.92,92.39,0.25
104787,John,INST-3050,3:00,0,31,30.2,78.2,35.3,6,23,15.2,22.3,97.99,0
104788,Divya,INST-7090,7:30,238.2,20.3,18.7,12,57.7,14.4,0,6.7,19.15,97.79,0.39
104789,Meena,INST-7365,11:15,533.5,41.4,36.2,55.9,89.8,5.6,16.3,27.9,21.79,94.78,0.75
104790,Ravi,INST-5403,20:45,0,41.7,40.4,95.1,44.9,0,0.6,27,21.31,94.39,0
104791,Divya,INST-3778,12:30,331.8,24.8,20.4,78.5,46.3,1.9,0.2,17.2,22.53,98.99,0.81
104792,Meena,INST-5305,2:30,0,34.5,35.5,87.4,57.2,2.8,19.9,29.8,17.9,94.28,0.04
104793,Meena,INST-9056,9:45,164.8,31.9,30.8,89.2,81.8,5.7,22.8,3.3,19.38,97.55,0.18
104794,John,INST-9762,18:45,18.3,26.2,25.3,50.2,88.5,1.9,19.1,20.8,19.14,95.63,0
104795,Ravi,INST-9672,5:15,0,23.3,22.6,27.8,73.6,9.9,0,4.6,17.89,92.08,0
104796,Ravi,INST-5749,5:45,0,31.3,31.1,65.9,60.8,13.3,5.9,11.3,20.94,96.11,0.18
104797,Meena,INST-1605,13:00,678.3,41,33.6,34.5,54.4,7.9,0,19.9,21.93,97.03,1.37
104798,Priya,INST-8119,20:15,0,40.9,40.5,51.4,55.7,11.3,3.5,26.4,22.26,97.99,0.17
104799,John,INST-5989,9:45,669.2,42.9,35.5,6.2,42.6,10.9,0,27.7,19.75,92.47,1.24
104800,Priya,INST-8226,0:30,0,24.9,24.1,69.3,68.8,1.1,23.3,11.6,17.73,94.34,0
104801,Kumar,INST-2213,7:15,247.8,22.2,20.6,8.5,55.5,0.6,0,24.8,17.62,94.52,0.5
104802,Ravi,INST-1956,15:15,476.7,31.8,27.1,38.9,46.4,6.3,0,28.3,22.97,98.2,0.75
104803,Akash,INST-5717,1:00,0,37.3,36.4,46.9,73.5,14.3,8.7,21.7,17.81,98.14,0.2
104804,Arun,INST-5285,5:00,0,29.8,28.1,28.8,80.6,4.3,0,26.2,19.85,96.7,0.01
104805,Kumar,INST-3537,10:30,552.3,29.8,26.8,44.6,92.4,3.3,22.9,10.6,20.47,93.39,0.9
104806,Arun,INST-4394,17:00,145.8,32.9,32.2,45.2,52.9,5.2,14,23.4,21.01,92.95,0.29
104807,Arun,INST-6078,20:45,0,17.3,18.8,52.5,55.2,8.6,8.9,19,18.14,94.27,0
104808,Kumar,INST-7933,15:45,184.7,37.3,34.5,86,52.5,9.2,20.5,17.7,22.61,95.26,0.54
104809,Divya,INST-3214,9:30,535.5,37.2,32.4,29,77.9,7.5,0,2,20.75,95.7,1.2
104810,Kumar,INST-4645,12:15,549.9,31.1,28.4,55.5,25,14.1,12.3,10.9,21.11,96.04,1.13
104811,Divya,INST-2232,18:30,0,34.9,32.9,83.4,66.3,1.2,1,18.4,22.15,95.18,0
104812,John,INST-2689,4:45,0,20.1,18.7,40.2,38.5,5.4,24.5,6.6,18.05,98.96,0
104813,Divya,INST-4120,22:00,0,27.4,28.9,46,52.3,5.1,23.8,20.4,17.78,95.05,0.13
104814,Priya,INST-8679,8:15,264.7,27.1,26.3,57.5,53.5,14.3,19.9,15.5,17.06,94.2,0.3
104815,Divya,INST-1832,1:45,0,38.4,38.2,94.1,56.3,3.5,18,18.8,21.86,94.92,0
104816,Meena,INST-7692,20:15,0,26.4,27.4,38.6,77.9,6.8,0,4.4,20.26,93.13,0
104817,Arun,INST-3887,13:15,886.3,35.3,27.7,11,88.1,5.6,0,29.8,17.28,95.45,1.34
104818,Priya,INST-7806,16:15,141.8,23.2,21.9,83.8,30.1,6.9,5.4,22.7,21.53,94.07,0.41
104819,Arun,INST-8887,17:30,223.9,31.9,31.4,17,30.4,5.2,0,23.4,18.64,96.85,0.29
104820,Ravi,INST-6431,17:00,115.3,33.1,33.3,74.5,52.1,4.5,1.2,18.3,20.8,95.85,0.23
104821,Divya,INST-6543,6:30,5.8,31.9,33,3.2,60.3,4.4,0,11.3,20.26,96.72,0
104822,Arun,INST-9595,2:45,0,39.9,41.8,27,34,14,0,25,17.72,93.88,0
104823,John,INST-8864,14:30,230.5,37.9,37,88.8,48.8,11.7,5.8,15.4,22.1,94.39,0.48
104824,Akash,INST-8997,20:00,0,35.8,34.2,36.8,76.3,10.4,0,3.1,21.23,92.69,0
104825,Divya,INST-7511,21:30,0,35,34,56.2,94.5,13.3,8.9,11.4,20.11,96.7,0.15
104826,Arun,INST-9358,5:15,0,43.6,41.9,55.7,86.3,8.7,11.8,13.7,18.42,95.73,0
104827,Arun,INST-9285,10:00,570.9,36.9,33.3,40.5,60.4,10.1,18,7.8,19.54,93.62,1.07
104828,Arun,INST-1312,2:30,0,25.5,27,85.1,39.2,8.8,21.5,2.7,18.05,93.27,0.2
104829,Akash,INST-8314,6:00,0,21.5,20.9,59.7,63.3,3.8,14.4,4.5,19.49,97.12,0
104830,Priya,INST-2935,17:30,141.3,19.2,19.3,63,33.6,3.2,8.1,23.4,18,96.67,0.31
104831,Ravi,INST-7730,2:15,0,30.9,32.7,44.8,28.4,10.8,22.4,22.3,18.95,97.04,0
104832,Kumar,INST-1196,19:00,0,29.2,29.3,52.8,34.1,0.7,10.4,10.1,18.84,94.53,0
104833,John,INST-6669,9:00,304.8,19.9,18,66.4,58,11.3,6.5,0.2,20.61,98.79,0.57
104834,Arun,INST-2580,14:45,761.7,36.5,28.5,16.4,63.4,3.4,0,20.3,21.48,94.88,1.24
104835,John,INST-5459,13:00,477.1,31.8,28.9,59.2,69.4,5.9,16.8,19.8,19.3,97.94,0.71
104836,Ravi,INST-1211,3:30,0,34.6,34,57.1,88.3,8.8,20.6,11,19.07,94.63,0
104837,Priya,INST-3388,8:00,283.8,31.2,29.4,49.5,31.6,0.4,16.9,11.4,18.11,94.08,0.44
104838,Ravi,INST-4072,20:00,0,38.7,38.2,84.5,37.9,1.5,22.6,21.5,18.9,95.66,0
104839,Akash,INST-1586,0:45,0,30.1,29,45.2,54.1,11.7,23.8,4.8,17.44,95.54,0
104840,Divya,INST-8272,9:00,455,22.6,18.3,46,49.9,10.3,24.7,24.2,19.58,98.68,0.68
104841,Akash,INST-4955,6:45,14.3,19.3,20.3,7.4,45.6,8.9,0,22.6,19.61,95.2,0.01
104842,Divya,INST-2841,21:30,0,36.8,35.4,73.9,48.5,12.1,16.9,15.3,17.95,97.69,0
104843,John,INST-7671,2:45,0,31.1,29.6,57,50.5,11.5,1.8,3.7,22.52,92.36,0.15
104844,Priya,INST-3479,18:15,0,21.6,21.5,38.6,87.4,9.9,0,18.2,20.61,95.57,0.11
104845,Priya,INST-4481,9:45,640.2,45.6,40.5,13.6,88.1,8.1,0,27.7,19.32,94.41,1.05
104846,Meena,INST-4437,14:45,242.5,26.3,23.8,89.1,74.1,2.6,7.5,28.7,17.51,93.62,0.36
104847,Divya,INST-6230,0:30,0,20,18.3,91.2,34.4,12.4,19,26.2,17.22,92.72,0
104848,Divya,INST-2832,11:00,911.3,41.9,34.2,7.5,87,2.8,0,14.6,18.45,97.19,1.38
104849,Priya,INST-4877,12:00,758.5,30.2,24.4,27.5,68.4,6.5,0,30,21.35,95.99,1.24
104850,Priya,INST-3134,15:30,194.9,26.3,24.6,88.9,31.8,6.6,14.8,27.1,19.71,93.3,0.18
104851,Ravi,INST-2361,18:15,0,25.8,26.5,22.9,82.6,9.5,0,6.2,19.85,98.85,0.18
104852,Priya,INST-4290,10:00,283.9,35.3,31.3,78.1,51.2,0.8,20.2,3.3,17.3,97.62,0.67
104853,Akash,INST-2118,6:30,0,40.9,41.2,14.7,86.4,4.9,0,24.1,21.26,93.81,0
104854,Arun,INST-8609,4:30,0,38.2,38.8,41.8,35.2,9.3,15.7,13.4,20.89,96.82,0
104855,Ravi,INST-2471,9:15,183.4,24.2,22.8,89.6,94.4,11.9,9.2,17.2,22.25,96.2,0.37
104856,Meena,INST-1136,12:45,995,27.7,20.1,2.3,59.5,14.1,0,10.6,17.49,98.83,1.44
104857,Meena,INST-6966,11:00,387,24.4,19.3,72.1,70.5,0.8,10,0.9,19.54,96.79,0.83
104858,Divya,INST-4043,20:00,0,26.6,28.5,35,79.6,11,0,25.7,20.24,98.42,0.16
104859,Akash,INST-5024,23:15,0,23.1,21.3,59.5,38.3,8.8,23.8,0.4,21.08,97.08,0
104860,Divya,INST-3767,2:00,0,20.8,22.8,84.9,69.5,9.2,2.8,9.9,19.51,92.29,0
104861,Divya,INST-4016,3:30,0,30,29.3,35.9,21.5,3.1,0,15.3,22.26,95.39,0
104862,Arun,INST-1162,1:30,0,40,40.6,95.1,68.9,1.6,13.6,28.3,20.47,98.35,0
104863,Meena,INST-4067,18:30,0,25.4,26.3,13,80.2,9.7,0,7.7,18.03,97.42,0
104864,Priya,INST-3835,21:30,0,17.5,18.2,35.9,69.3,13.7,0,7.4,17.1,94.8,0
104865,Arun,INST-3288,15:45,298.4,27.2,24.1,66.1,72.4,14.2,6.6,14.9,20.93,93.61,0.58
104866,Priya,INST-2982,0:45,0,33.4,35.3,92.8,74.6,8.4,10.5,11.4,20.17,94.38,0.19
104867,Kumar,INST-5755,20:15,0,27.5,26.4,78.3,58.4,3.3,1,2.1,17.44,97.32,0.07
104868,Kumar,INST-4240,23:45,0,21.8,22.9,89.4,72.9,4.9,10.5,9.4,18.32,98.7,0.17
104869,Priya,INST-2845,12:15,409.4,40.2,36.5,72,87.4,4.3,21.7,20.4,19.71,98.68,0.68
104870,Arun,INST-6753,7:00,217.7,22.6,21,22.1,85,2.5,0,25.1,18.12,92.9,0.48
104871,Arun,INST-8377,4:45,0,21.6,22.4,22.1,21.1,8.8,0,14.7,17.49,98.27,0
104872,Arun,INST-4884,19:30,0,33,31.8,98.7,51,6.3,21.3,16.7,22.51,96.42,0
104873,Meena,INST-9584,21:00,0,27.4,28.6,80.7,86.7,3.3,22.3,4.4,20.36,94.09,0.09
104874,Priya,INST-4473,17:30,104.6,20.1,20.2,66.3,82.1,11.5,22.1,19.4,18.74,98.43,0.22
104875,Akash,INST-1023,6:00,3.8,34.7,34.4,67.7,85.3,7.4,4.6,5.1,21.62,94.49,0
104876,Arun,INST-6334,11:45,519,44.1,41.7,53.5,73,3.3,15.9,3.5,18.45,95.36,0.82
104877,Divya,INST-5023,0:30,0,26.1,26.5,38.2,90.8,6.2,0,0.4,21.41,98.92,0
104878,Kumar,INST-4055,10:15,558.4,32.8,28.6,41.2,93.1,3.9,13.7,6.9,20.47,93.92,1.19
104879,Kumar,INST-9174,11:45,512.1,40.3,37.1,55.4,82.7,0.4,5.9,15.8,19.83,95.93,0.76
104880,Meena,INST-4947,22:15,0,29.1,29.1,77.6,64,13.3,18.8,16.1,18.69,97.54,0.08
104881,Meena,INST-7743,21:15,0,22.6,22.4,60.1,45.2,1,19,1.5,18.72,92.63,0
104882,Meena,INST-2522,11:30,551.1,35.5,31,51.1,22.4,13,3.4,3.6,19.78,93.67,0.95
104883,Ravi,INST-9979,17:30,216.1,40.7,38.4,14.8,20.7,11,0,2.1,20.45,96.86,0.59
104884,Priya,INST-4727,10:45,742,32,27.2,18.4,40.3,4.3,0,23.1,22.74,94.33,1.37
104885,Meena,INST-9045,21:45,0,36.4,37.5,30.3,69.4,12.8,0,29.3,17.79,93.96,0.08
104886,John,INST-8460,19:15,0,39.6,39.3,57.4,39.9,13.1,7,3,18.34,93.59,0
104887,John,INST-5762,15:00,491,29.9,25.4,38,24.8,2.4,0,0.9,20.81,95.19,1.02
104888,Ravi,INST-8331,2:00,0,40.7,40.6,22.1,86.8,2.2,0,5.8,22.68,96.71,0
104889,Ravi,INST-2015,17:00,195.6,34.1,33.3,25.6,71.5,12.5,0,7.9,21.2,93.26,0.57
104890,Arun,INST-3366,19:45,0,20.5,19.4,99.3,26.2,11.8,4.5,21.9,19.84,93.11,0.11
104891,Meena,INST-3363,22:00,0,28.4,28.3,64.7,30.8,12,16.5,12.2,18.94,97.04,0
104892,Meena,INST-5763,21:45,0,32.7,31.4,37.9,69.5,5.2,0,17.7,19.67,92.77,0.13
104893,Priya,INST-9547,19:45,0,24.8,24.8,75.6,28.5,11,0.5,13,18.31,96.41,0.14
104894,John,INST-8287,4:45,0,27.5,28.6,81.4,82.6,11.2,2.7,12.5,19.02,96.6,0.05
104895,Akash,INST-6054,1:45,0,22,21.2,75.4,67.2,2.6,16.8,4.6,21.96,92.2,0
104896,Meena,INST-7695,5:30,0,25,23.9,27.1,41,9,0,22,21.35,93.68,0.13
104897,John,INST-2375,8:15,463.4,26.8,21.6,7.4,39.1,11.7,0,22.1,21.11,92.82,0.7
104898,Kumar,INST-9877,4:30,0,31.6,30.7,24.9,91,9.1,0,23,17.76,92.25,0
104899,Kumar,INST-5115,22:00,0,27.3,25.3,48.8,78.6,9.9,3.4,29.7,18.13,96.06,0
104900,Kumar,INST-6776,4:45,0,18.2,18.3,24.9,74.6,1.1,0,18,19.87,94.04,0
104901,Priya,INST-9072,20:00,0,38.1,38.9,38.8,33.7,4.2,0,29.7,22.71,95.2,0.19
104902,Arun,INST-2307,21:00,0,17.5,18.9,56.6,43.6,9.3,0.3,0.7,17.96,95.3,0
104903,Arun,INST-1622,18:30,0,37.2,36.6,81.6,63.1,2.9,2.3,5.1,17.56,97.56,0.13
104904,Divya,INST-3010,15:45,318.5,35.9,33.7,64.9,83.4,5.5,6,16.7,22.72,93.91,0.69
104905,Meena,INST-1291,9:30,503.4,40.2,36.4,33.8,91.4,7.8,0,6.8,22.96,97.3,1.15
104906,Divya,INST-6069,19:15,0,37.4,37.3,64.7,91.9,7.1,1.9,22.9,21.89,93.41,0.08
104907,Kumar,INST-6746,9:15,181.1,40.7,40.8,87.5,30.6,14,18.6,13.1,21.74,94.24,0.34
104908,Kumar,INST-1320,8:45,255.9,26.8,23.7,54.6,36.9,7.1,15.2,12.1,22.84,94.34,0.32
104909,Divya,INST-7533,14:00,349.4,41.6,38.3,70.2,77,10.5,8,13.2,22.06,96.54,0.61
104910,Ravi,INST-7278,18:15,0,25.1,24.8,35.3,36.1,14.8,0,8.4,21.9,95.53,0.06
104911,Priya,INST-8261,9:30,568.1,29.6,23.8,26.7,89.8,12.6,0,9.5,20.89,97.03,1.21
104912,Meena,INST-6625,4:45,0,23.1,22.9,38.2,24.4,12.7,0,22.9,19.97,96.32,0
104913,Ravi,INST-5627,6:00,0,21.2,23.2,82.2,90.7,9.5,20.4,10.6,19.77,94.82,0
104914,John,INST-9431,13:45,890.6,39.7,32.3,10.2,78.8,14.9,0,6.8,17.88,92.75,1.47
104915,Ravi,INST-1755,19:00,0,32.6,32.5,29.3,30.3,10.3,0,16.6,22.28,96.02,0.16
104916,John,INST-8583,19:15,0,37,38.1,69.1,48.9,14.6,22.6,18.1,20.77,94.95,0
104917,Akash,INST-1581,7:15,144.1,36.4,36.6,46.8,83.6,8.3,17.7,5.5,19.24,95.21,0.19
104918,Divya,INST-3226,14:00,634.9,36.7,33.3,30,24.8,8.2,0,27.4,22.03,95.11,0.97
104919,Akash,INST-6897,14:45,619.9,41.5,36.5,36.6,88.5,7.6,0,3.7,22.12,95.59,1.19
104920,Kumar,INST-9133,4:00,0,27.1,27.4,93.3,29.8,5,12.7,16.2,19.26,95.08,0
104921,Kumar,INST-7565,14:00,568.4,40.5,34.8,38.8,88.8,0.1,0,6.5,17.46,97.04,0.85
104922,Ravi,INST-5216,6:00,14,21.7,19.7,7.9,20.5,11.3,0,20.8,18.26,96.69,0
104923,Meena,INST-5805,5:30,0,21.3,19.7,46.3,88.4,15,11,15.6,18.31,98.71,0.12
104924,Akash,INST-1461,3:15,0,27.3,26.6,35,58.4,1.8,0,21,20.58,96.87,0.1
104925,Meena,INST-3448,8:45,218.6,37.7,36.2,68.4,39.5,10.7,8.2,28,17.13,97.19,0.39
104926,Ravi,INST-2129,19:15,0,38,37.1,93.7,62,7.6,17.7,15.3,18.75,97.01,0
104927,John,INST-6931,15:30,261.1,24.9,22.4,74.4,67.3,2.4,3.9,12.1,20.5,93,0.57
104928,Kumar,INST-9212,5:00,0,28.6,28.4,97.9,61.4,5.2,2.5,1.3,21.22,93.57,0.04
104929,Priya,INST-4314,5:30,0,29.7,29.1,87.9,42.8,12,2.1,7.8,17.86,93.95,0
104930,Ravi,INST-4002,10:30,540.8,44.9,39.1,45.4,87.6,3.1,21.2,18.2,18.61,96.48,0.84
104931,Meena,INST-6815,1:15,0,28.5,27.4,98.7,48.1,12.7,15.3,8,21.06,97.36,0
104932,Meena,INST-4567,18:30,12.1,29.2,27.8,85.2,54.9,2.4,0.4,1.8,19.61,95.4,0.05
104933,Kumar,INST-8769,6:45,12.7,22,20.3,19.8,33.7,13.8,0,29.3,19.81,97.02,0.14
104934,Priya,INST-3013,17:30,205.2,31.7,31.9,24.8,31.3,1.5,0,25.5,18.74,95.98,0.15
104935,Arun,INST-6604,10:45,527.4,35.4,29.1,45.9,93.9,0.3,3.9,24.3,22.74,95.17,1.13
104936,Meena,INST-5939,1:30,0,23.5,22.8,71.2,78.3,0,24.3,12.5,22.83,97.86,0.07
104937,Meena,INST-1996,22:45,0,33.9,33,94.8,34.8,1,13.4,10.6,22.53,92.5,0
104938,Priya,INST-5733,12:30,820.6,39.4,31.5,23.4,35.4,14.5,0,5,22.49,97.53,1.71
104939,Priya,INST-6783,5:30,0,21.2,19.9,88.8,52.8,9,12.8,13.3,18.88,97.93,0
104940,Ravi,INST-1187,12:15,907.3,45.9,40,12.6,53.9,7.4,0,18.3,19.79,93.97,1.54
104941,Ravi,INST-3914,6:15,0,24.5,25.4,36.8,21.3,14.6,0,22.6,17.11,95.03,0.09
104942,Divya,INST-7228,10:15,562.2,43.1,36.9,42.5,61.8,14.5,18.3,4.8,22.08,96.15,1.31
104943,Arun,INST-2401,16:45,187.9,43.2,40.9,71.2,71.3,4,1.8,18.2,19.47,93.51,0.12
104944,John,INST-1484,17:30,142.1,23.8,23.4,54.5,23.3,13.1,24.4,18.8,20.82,93.69,0.15
104945,Priya,INST-2658,21:45,0,24.7,25.6,48.2,60.5,6.2,1.4,20.1,21.79,97.16,0
104946,Meena,INST-9199,20:45,0,20,21.8,24.8,84.6,8.9,0,5.7,22.97,96.99,0.12
104947,Ravi,INST-3431,1:45,0,21,22.5,81.6,44.1,11.8,24.4,8.5,21.74,95.89,0
104948,Divya,INST-9429,10:45,277,42.1,38.2,83.6,30.9,5.6,24.4,6.3,17.93,92.83,0.41
104949,Ravi,INST-6235,1:15,0,36.8,38.5,49.8,23.5,8.5,15.7,18.6,21.93,96.26,0
104950,Akash,INST-5763,20:45,0,16.5,18.4,81.1,41.9,5.7,1.8,10.8,17.82,98.28,0
104951,Priya,INST-7543,18:00,0,30.9,29.6,52.6,78.9,4.6,16.6,21.9,18.51,93.85,0.03
104952,Akash,INST-6278,9:45,441.3,35.5,32.6,47.4,69.2,7.5,9.7,12.8,17.44,98.11,0.55
104953,Divya,INST-1941,0:45,0,36.8,36.6,41.6,80.7,0.2,2.3,1.2,22.24,98.39,0
104954,Meena,INST-8077,14:45,299.9,24.8,20.8,77.4,34.7,9.3,23.1,18.8,21.41,94.11,0.66
104955,Ravi,INST-8382,13:30,745,46,39.5,27.6,79.8,11.9,0,18.7,20.74,96.09,1.34
104956,Meena,INST-2925,9:15,546.6,24,18.5,28.7,30.9,1.7,0,0,18.15,98.96,0.97
104957,Kumar,INST-7775,0:00,0,27.5,25.7,28.5,33.3,2,0,18.7,21.55,92.94,0.16
104958,John,INST-2647,15:15,319.2,31.7,30.3,64.7,85.8,1.1,12.8,12.3,17.07,92.18,0.56
104959,Priya,INST-5412,19:00,0,22.2,23.2,72.3,27.3,8.5,22.2,22.2,22.44,94.49,0
104960,Ravi,INST-8383,6:00,13.5,36.1,36.3,6.4,84.7,6.2,0,5.3,18.43,97.93,0
104961,Arun,INST-7636,7:00,114.2,39.7,38.7,70.9,34.2,14.7,16.8,15.7,21.87,97.33,0.13
104962,Akash,INST-4459,21:30,0,27.5,26.5,20.6,46.8,1.1,0,25.2,20.97,96.35,0
104963,Arun,INST-4070,19:00,0,29.4,31.1,76.2,58,9.4,15.2,2,22.52,99,0
104964,Ravi,INST-2312,18:15,0,39.5,41.1,75.4,64.3,6.1,13,28.6,20.37,97.72,0
104965,Arun,INST-2314,22:45,0,34.8,35.7,59.1,74.5,4.7,8.6,11.3,19.7,93.5,0.16
104966,Divya,INST-6503,19:15,0,29.7,30.8,43.4,89.4,11.8,2.9,28.9,21.7,98.72,0.05
104967,Meena,INST-6763,16:30,242.4,41.6,40.3,60.1,49.3,0.5,11.2,20.9,22.74,97.95,0.65
104968,Priya,INST-4238,3:00,0,39.6,40.1,41.2,57.4,0.8,18.2,10.7,18.51,93.96,0
104969,Arun,INST-1920,7:15,160.8,36.5,36.2,38,33.9,8.7,0,12.2,18.34,95.15,0.42
104970,Ravi,INST-6714,3:00,0,35.8,34.4,37.5,88.9,1.2,0,24.2,22.03,93.09,0.09
104971,Akash,INST-2619,11:30,395.6,25,20,70.1,60.6,13.1,17.3,27.9,17.94,92.84,0.5
104972,Kumar,INST-2434,22:15,0,29.5,29.6,33.7,35,13.8,0,0.9,19.65,92.82,0.18
104973,Priya,INST-5386,17:30,216.9,24.4,21.5,27.8,91.7,4,0,25.3,21.38,95.93,0.26
104974,Divya,INST-6149,4:45,0,23.6,21.9,54.6,39,12.9,9.8,9.5,20.54,94.82,0
104975,Meena,INST-9845,12:15,670.6,27.9,21.9,40.5,82.2,0.8,15.5,3.6,17.73,92.97,0.92
104976,Priya,INST-2662,15:00,539.6,44.2,39.5,27,69.4,12,0,6.9,18.8,92.35,0.76
104977,Divya,INST-1061,4:00,0,25.2,23.8,60,77.6,0.8,2,20.4,22.8,94.96,0.03
104978,Priya,INST-1848,14:45,789.2,46.3,40,10.1,85.2,14.2,0,2,19.41,98.94,1.31
104979,John,INST-9980,10:30,367.3,26,24.4,70.8,45.6,13.5,18.3,22.4,20.07,94.04,0.56
104980,Akash,INST-5799,10:00,747.4,30.1,22.3,15.5,51.6,14.4,0,28.2,18.42,92.76,1.04
104981,Meena,INST-5421,2:45,0,43.5,41.8,86.4,26.6,2.3,23.8,28.6,20.32,95.62,0
104982,Akash,INST-4515,9:30,196.9,28.8,26.2,86.8,64.2,13.8,1.6,8.7,20.92,94.64,0.57
104983,Arun,INST-8115,22:15,0,36.3,37.6,44.2,47,2.8,21.9,19.2,17.07,92.12,0
104984,Priya,INST-4435,12:15,661.4,27.9,22.2,42.8,85.4,1.8,4.6,2,18.54,96.96,1.09
104985,Divya,INST-5238,4:45,0,32.4,33.2,29.1,28.8,2.6,0,23,19.25,92.88,0
104986,Kumar,INST-4950,22:15,0,17,18.6,98.1,84.9,10.1,19.7,13,20.66,98.54,0.05
104987,Divya,INST-5647,17:00,234.8,26.9,23.5,15.2,32,4.8,0,15.5,18.52,94.62,0.35
104988,Kumar,INST-9455,9:45,665.6,46.4,41.3,5.6,92.7,7.8,0,3.7,18.96,95.05,1.05
104989,Akash,INST-1841,21:30,0,26.8,25.8,57.8,84.1,0.1,4.6,23.8,18.92,95.9,0
104990,Kumar,INST-4279,7:30,164.2,30.9,28.4,42.9,47,7.6,21.9,8.1,20.69,93.89,0.32
104991,John,INST-8409,14:15,579,24.6,21.7,42.2,85.4,7.5,11.4,29.1,18.78,98.94,1.1
104992,John,INST-7175,8:00,306.2,22.9,20.4,47.5,52.4,7.6,24.4,10.1,21.49,93.04,0.74
104993,Arun,INST-2874,12:30,331.5,39.3,34.6,80.9,28.3,7.8,13.1,23.2,21.99,96.23,0.52
104994,Meena,INST-3189,2:00,0,21.9,20.7,72,47.4,13.3,19.7,7.4,18.48,92.75,0.17
104995,Divya,INST-9768,8:15,332.6,33.2,32.2,39.4,55,0.4,0,11.3,20.86,96.83,0.57
104996,Kumar,INST-4221,14:00,424.8,26.1,23.7,61.7,77.5,9.2,20.2,20.7,21.41,98.43,0.96
104997,Kumar,INST-7684,8:45,426.3,36.6,34.8,16.5,43.4,5.1,0,2.2,17.24,96.08,0.66
104998,Priya,INST-4059,10:30,870.7,33.4,28,1,92.9,3.7,0,22.1,19.63,94.31,1.35
104999,Ravi,INST-1252,23:45,0,33.2,34.9,66.5,84.5,7.1,20.4,15.5,21.55,93.89,0.13
105000,Arun,INST-6129,10:15,707,36.3,30.1,22.2,43.1,8.2,0,0.2,18.06,92.1,1.22
105001,Akash,INST-5496,12:30,857.3,37.7,29.9,18.1,71.6,9.2,0,17,17.8,96.7,1.34
105002,Arun,INST-4541,7:30,60.9,38.9,38.2,84.8,38,12.3,6,26.1,17.14,95.23,0
105003,Akash,INST-9399,11:45,725.4,26.2,19.6,32.1,27.8,9.3,0,11.4,21.69,93.61,1.24
105004,Akash,INST-7500,2:45,0,32.1,32.9,96.7,27.8,1.8,3.8,23.4,19.03,93.22,0
105005,John,INST-9491,3:30,0,22,22.3,82.7,23.9,5.7,5.7,15.4,20.76,92.04,0
105006,John,INST-3816,1:45,0,33.9,33,20.2,65.8,9.4,0,11.8,17.33,95.4,0.03
105007,John,INST-4515,10:00,620.8,35.8,28.9,36.1,87.2,2,0,13.7,17.43,93.68,0.97
105008,Akash,INST-6562,14:45,409.4,20.4,18.3,63.6,30.3,3.9,2.5,6.7,17.96,92.58,0.7
105009,Meena,INST-6050,6:00,5.4,27.8,29.7,12.8,20.3,9.3,0,0.2,18.8,95.14,0
105010,John,INST-2147,3:30,0,36.6,35.2,62.3,51.5,0.8,23.6,20.9,22.89,93.85,0
105011,Priya,INST-4309,1:00,0,22.7,22.5,48,35.5,6.8,14.1,15.2,18.36,97.73,0
105012,Priya,INST-7858,4:45,0,36.4,35.6,98,24.9,7,8.3,16.7,17.56,94.06,0
105013,Kumar,INST-4597,11:15,476,22,19.2,59.9,67.5,2.5,22.1,27.8,22.01,97.48,0.8
105014,Akash,INST-9633,15:15,185.2,28.9,26.4,85.8,37.2,0.8,17.6,21.3,21.42,95.16,0.48
105015,Divya,INST-9882,23:00,0,31.7,30.1,64.7,27.5,7.7,10.4,26.8,20.7,97.48,0.05
105016,Kumar,INST-8133,19:15,0,37.2,35.7,65.7,64,4.9,12.3,0.9,17.31,98.26,0
105017,Ravi,INST-5953,17:00,248.5,42.6,40.4,10.7,26.7,13.3,0,25.4,21.78,96.11,0.64
105018,Kumar,INST-2202,6:45,18.1,42.2,41.7,17.9,36.1,4.9,0,20.2,21.6,97.21,0.08
105019,Divya,INST-2830,1:30,0,28.8,27.6,28,61.7,5,0,21.1,22.67,92.74,0
105020,Ravi,INST-2157,13:30,367.6,23.6,18.6,75.5,72.4,11.3,16.4,3.9,17.66,98.36,0.43
105021,Ravi,INST-5531,7:00,243.8,24,21.5,9.7,63.2,1.7,0,0,17.88,98.72,0.6
105022,Priya,INST-9653,10:00,837.3,44.6,36.7,6.2,93.3,1.2,0,24.7,17.11,96.29,1.39
105023,Meena,INST-7321,16:00,461.4,26.5,23.3,6.7,82.5,9,0,25.3,18.56,93.63,0.55
105024,Arun,INST-3560,6:30,14,25.5,23.8,63.4,55.9,14.4,19.3,12.9,21.38,97.86,0
105025,Kumar,INST-2548,13:30,306.4,38.4,34.2,80.3,53.2,11.2,5,16.3,21.21,96.73,0.73
105026,Kumar,INST-7488,9:00,708.1,39.3,33.9,1.1,93.7,4.3,0,12.9,18.61,98.11,1.39
105027,Akash,INST-8427,13:30,280.2,32,29.6,85.1,73,11.3,3.9,3.4,17.79,96.45,0.4
105028,Meena,INST-8133,9:30,653,21.8,18.1,9.8,81.6,9.3,0,6.6,20.36,93.78,1.01
105029,Ravi,INST-3689,4:15,0,21.9,22.8,82.6,42.5,5.8,5,17.8,22.06,96.55,0
105030,Meena,INST-1869,23:30,0,26.2,24.5,81.9,92.2,12.6,7.5,12.2,19.21,94.32,0
105031,Arun,INST-4798,1:00,0,29.4,30.6,98.8,79.3,8.7,16.5,27.4,18.6,94.08,0
105032,Ravi,INST-8787,9:15,280.5,23.9,21.4,73.6,34.7,7.3,14.5,8.2,17.18,92.37,0.25
105033,Meena,INST-8100,16:45,304.2,44,40.5,42.7,82.3,13.6,15.2,9.1,17.81,96.69,0.63
105034,Priya,INST-7599,18:45,0.9,37.9,37.1,74.7,52.4,7.3,20.2,28.8,20.48,97.89,0
105035,Meena,INST-8085,6:30,0,38.2,39.4,42.6,26.4,1.9,24.1,12.1,19.16,98.95,0.04
105036,Priya,INST-6128,14:30,541.5,24.4,18.9,47.7,43,6.9,1.6,7.8,19.23,93.65,1.01
105037,John,INST-9372,1:00,0,18.8,18.1,31.7,32.6,14.6,0,14.8,20.86,92.36,0.18
105038,Akash,INST-2111,15:15,290.8,39.6,37.7,71.8,24.4,10.6,19.7,21.6,19.16,93.61,0.34
105039,Arun,INST-4018,7:15,162.3,29.7,28.9,36.2,30.8,9.3,0,21.8,20.19,97.46,0.17
105040,Ravi,INST-2310,4:30,0,24.2,25.5,31.9,66.6,11.4,0,1.1,19.51,96.93,0
105041,Meena,INST-7643,22:45,0,30.2,30.3,31.5,21.7,10.6,0,21.5,20.97,96.14,0
105042,John,INST-8865,22:45,0,26.4,27.5,26.4,68.4,10.9,0,1.5,17.92,93.7,0
105043,Priya,INST-9553,6:15,0,39.1,40.3,43.7,28.8,8.9,16,22.1,21.79,93.69,0
105044,Priya,INST-6905,20:45,0,39,38,72.1,91.8,5.6,2.1,27.1,17.85,95.58,0.18
105045,Meena,INST-3274,2:30,0,19.7,20,29.4,92.5,7.7,0,2.7,20.92,92.19,0
105046,Ravi,INST-4653,1:15,0,26.1,26.6,31.5,44.8,9.1,0,10.8,20.58,93.27,0.11
105047,Meena,INST-7781,0:00,0,36.8,35,70.9,83.7,0,4.3,4.3,19.17,95.44,0
105048,Akash,INST-8599,1:45,0,36.9,38.6,84.3,49.2,12.1,23.4,22.3,17.51,93.63,0.12
105049,Kumar,INST-3224,5:15,0,21.2,21.8,99.2,42.9,3,12.3,27.4,18.91,97.73,0.08
105050,Meena,INST-7539,1:15,0,36.4,34.9,51.2,84,1.2,9.9,29,17.99,94.2,0.16
105051,Arun,INST-3747,7:45,238.6,31.9,30.9,12.9,62.9,10.9,0,21,17.3,98.32,0.32
105052,Ravi,INST-8514,18:15,0,24.8,26.4,52.2,67.2,11.1,1.7,25.9,22.62,95.72,0
105053,Meena,INST-4277,22:30,0,33.3,33.9,66,69.5,11.6,16.1,6,22.12,92.43,0.05
105054,Kumar,INST-7096,7:30,220.5,32.4,32.5,13.6,26,14.3,0,5.1,21.37,95.73,0.25
105055,Akash,INST-5309,16:45,459.2,32.4,28.7,11,64.2,3.2,0,25.6,18.11,94.82,0.74
105056,Akash,INST-5356,19:15,0,39.8,40.1,95.9,77.6,9.3,14.1,12.3,17.07,93.29,0
105057,Kumar,INST-1887,1:30,0,29.5,27.7,44.9,79.3,11.1,15.5,9.2,21.45,93.25,0.02
105058,Kumar,INST-3532,10:30,798.9,36.1,27.5,7.4,92.5,1,0,19.4,18.09,95.07,1.28
105059,Arun,INST-2842,7:45,120.2,26.5,27.5,55.4,94,8.8,5.7,12.3,22.07,92.82,0.1
105060,Ravi,INST-5847,21:00,0,24.9,23,80,27.3,7.2,0.1,20.2,19.93,93.4,0
105061,Divya,INST-4548,16:45,378.8,40,37.7,26.8,89.4,0.6,0,16.3,22.1,97.61,0.84
105062,Divya,INST-9702,13:15,706.1,28.4,24.4,32.7,72.2,11.9,0,3.9,20.63,92.83,1.22
105063,Meena,INST-5119,6:00,12.4,20.2,18.3,45.4,46,0.6,13.7,4.9,17.88,97.28,0.17
105064,Meena,INST-4637,5:15,0,36.5,35,42,86.3,12.6,7.4,0.5,20.89,94.06,0
105065,Kumar,INST-5341,2:45,0,24.8,23.8,31.2,44,11.3,0,15.3,18.66,98.57,0
105066,Priya,INST-4222,6:15,0,17.3,18.5,13.7,91.8,11.9,0,16.9,22.92,98.48,0.12
105067,Ravi,INST-7364,8:15,160.7,39.3,37,81.5,30.4,8.7,10.6,21.1,22.13,95.62,0.12
105068,Kumar,INST-1137,19:45,0,19.3,18.7,51.3,90.4,3,7.9,14.9,18.4,97.25,0.02
105069,Meena,INST-4865,14:45,619.8,38.2,32.3,32.6,67.8,8.6,0,28.3,18.89,98.41,1.15
105070,Kumar,INST-4166,5:30,0,37.7,35.7,74.3,34.8,10.8,21.8,11.8,21.5,97.41,0.15
105071,Kumar,INST-4573,23:00,0,39.6,39.6,32.9,26.7,13.7,0,14.2,20.26,97.79,0
105072,John,INST-6066,17:30,85.4,39.3,37.5,89.1,71.7,5.7,14.9,11.9,22.68,94.5,0.1
105073,Arun,INST-8868,1:00,0,34.9,35.2,28.3,49.7,14.3,0,6.8,22.77,98.49,0
105074,Meena,INST-6518,9:30,483.4,30.6,26,36.9,82.8,2.6,0,6.6,22.8,94.93,1.2
105075,Meena,INST-1351,19:30,0,33.5,33.3,30,31.7,5.3,0,15.4,18.6,92.24,0.05
105076,Priya,INST-2988,18:00,6.6,36.4,35.5,31,70.1,1.5,0,9.2,18.9,96.82,0.2
105077,Priya,INST-1562,20:45,0,39.2,39.8,76,63.4,11.7,10,8.8,18.64,94.23,0
105078,Arun,INST-5757,15:45,419.2,43.5,38.2,50.1,84.3,5.4,12.5,4.5,19.22,92.85,0.57
105079,Ravi,INST-1367,4:45,0,33.9,34.2,61.5,54.4,7.4,18.5,17.5,17.29,96.05,0
105080,Kumar,INST-8201,14:30,635,42.5,36.7,31.2,42.3,3.5,0,20.4,20.58,97.96,1.34
105081,Divya,INST-2509,2:45,0,25.9,26.6,33.1,30.1,9.1,0,6.8,21.58,94.78,0.14
105082,Priya,INST-9787,15:15,248.3,36.4,34.4,79.5,65.5,3.7,15.6,19,19.87,98.75,0.33
105083,Meena,INST-9521,23:45,0,16.8,18.6,31.4,35.4,7.9,0,27.4,19.86,95.26,0.07
105084,Meena,INST-5906,20:00,0,23.6,24.2,55.5,66.1,4.1,2.6,28.5,22.28,94.1,0
105085,Arun,INST-9899,10:00,618.2,40.6,34.5,33.8,20.5,14.3,0,25.4,19.76,92.04,0.92
105086,Ravi,INST-4664,15:30,716.5,39.6,35.7,1.1,47.3,11.2,0,8.3,19.88,97.99,1.41
105087,Arun,INST-4803,15:15,420.6,29.8,26.7,50,85.2,5.4,6.3,18.7,19.09,97.3,0.76
105088,Ravi,INST-6123,9:45,671.4,44.3,37.2,7.3,27.2,7.9,0,14.6,21.13,95.68,1.31
105089,Priya,INST-6508,3:45,0,30.4,31.4,21.1,91.1,5.5,0,16.1,22.18,97.04,0.1
105090,Ravi,INST-1773,13:45,958.7,36.4,28.7,3,38.5,10.8,0,8,22.73,93.55,1.77
105091,Divya,INST-4101,8:00,364.3,37.8,36.2,32.4,26.4,2.1,0,3.6,18.2,92.41,0.79
105092,Kumar,INST-9612,1:00,0,38.9,38.8,80.4,56.9,10.6,19.3,13.6,18.78,98.16,0
105093,Akash,INST-1291,0:15,0,29.7,28.2,97.6,53,5.1,18.8,11.6,21.94,95.99,0.06
105094,John,INST-3141,0:45,0,38.3,38.2,32,54.3,1.9,0,20,17.19,93.13,0.02
105095,Meena,INST-4194,13:30,375.8,20.4,18.5,71.6,60.4,12.7,1.6,0.2,22.72,92.72,0.78
105096,Priya,INST-7414,2:30,0,26.4,27.8,77.2,64.8,11.4,22,28.7,17.64,94.57,0
105097,Priya,INST-2269,6:15,6.8,19.4,19.6,75.5,47.1,15,10,16.1,20.22,97.08,0.03
105098,Meena,INST-5896,22:45,0,19.9,18,52.7,81.9,10.6,23,23.4,22.26,98.54,0
105099,Ravi,INST-4031,3:45,0,22.2,20.9,51.4,35,11.9,7.6,27.5,19.88,97.6,0
105100,Meena,INST-2965,9:30,430.4,28,25.9,49.8,33.6,8.8,24.8,18.3,17.06,92.76,0.49
105101,Kumar,INST-1646,0:00,0,19.6,18.7,68.2,62.6,4.1,18.9,7.4,17,93.49,0
105102,Ravi,INST-8415,21:45,0,40,38.3,86.9,90.2,6.9,20.3,17.8,17.29,93.82,0
105103,Meena,INST-9933,20:15,0,21.1,22.1,73.2,50,11.5,7.1,24.9,18.25,96.42,0.16
105104,Divya,INST-5759,5:15,0,31.8,29.8,46,58.3,0.1,21.4,3.9,18.65,93.43,0
105105,Kumar,INST-4930,5:00,0,37.5,39.2,37.3,64.5,8.2,0,11.5,22.84,95.6,0
105106,Akash,INST-8638,5:15,0,20.8,20.4,47.5,41.6,6.2,7.1,24.4,19.33,96.11,0.02
105107,Arun,INST-5049,11:30,270,22.1,19.7,85,83.8,10.7,6.4,26.2,21.24,94.73,0.29
105108,Kumar,INST-6503,12:15,288.2,39.6,37.5,85.4,68.3,0.9,21.5,14.2,17.52,98.73,0.56
105109,Akash,INST-7009,8:00,368.7,21.1,19.2,35.6,50.2,4.5,0,2.5,21.58,95.3,0.59
105110,John,INST-3347,2:00,0,24.9,23.9,45.4,81.2,2.9,2.5,7,18.57,98.38,0.04
105111,Divya,INST-3446,4:00,0,40.8,39.3,24.7,53.1,8.1,0,11.1,21.03,98.64,0.2
105112,Priya,INST-3855,16:15,470.2,33.7,28.4,10.6,64.1,6.4,0,1.7,22.98,98.79,1.21
105113,John,INST-9044,16:45,435.1,41.4,36.9,13.4,28.9,9.8,0,1.6,20.19,92.15,0.61
105114,Meena,INST-1560,23:00,0,31.1,30,96.5,25.1,12.7,17.4,25.6,17.13,95.25,0
105115,Kumar,INST-5934,21:45,0,29.7,30.1,21.6,34.3,14.2,0,20.2,21.74,94.63,0
105116,Meena,INST-1708,20:45,0,26.8,28.4,40.8,61.1,8.6,6.1,22.2,21.45,97.21,0
105117,Kumar,INST-1221,2:45,0,23.9,24.1,60.6,53.1,8.8,3.2,14.5,17.72,95.2,0
105118,Ravi,INST-4151,9:15,420.8,41.5,38.3,48.3,35.1,10.4,18.3,23,17.75,94.69,0.43
105119,Arun,INST-8210,19:00,0,40.2,41.9,74.5,40.8,14.2,12.8,27.2,19.2,96.21,0
105120,Kumar,INST-4307,9:00,666.1,30.4,25.5,5.2,77.6,2.8,0,19.1,18.86,92.91,0.89
105121,Meena,INST-9208,3:00,0,35.7,35.7,48.9,93.9,8.5,2.2,6,22,95.11,0.19
105122,Meena,INST-5050,14:15,209.2,41.5,39.3,88.6,48.7,8.2,6.5,2.2,21.87,96.46,0.62
105123,Divya,INST-2701,6:00,0,29,30.4,8.3,23.7,4.4,0,6.4,20.99,92.65,0.09
105124,Arun,INST-2552,22:15,0,34.6,35.9,63,27.1,5.2,22,14,20.87,94.24,0.18
105125,Kumar,INST-4429,5:00,0,31.6,32.1,32.3,80.8,4.4,0,4.2,21.18,94.04,0
105126,Arun,INST-3848,1:45,0,32.1,33.6,61.2,21.8,10.9,0.7,16.4,20.34,96.64,0.08
105127,Ravi,INST-9857,22:00,0,40.6,42,52.4,89.9,14.7,10,7.3,17.6,98.59,0
105128,Meena,INST-2031,10:15,667,35.3,28.2,26,64.4,1.1,0,8.6,21.03,98.23,1.24
105129,Priya,INST-8280,8:30,368.1,33.8,29.7,28.7,29,7.3,0,2.9,18.96,93.59,0.79
105130,Ravi,INST-7488,6:30,0,40.7,42,3.2,68.4,8.8,0,17.2,19.26,93.04,0.16
105131,Kumar,INST-7345,3:00,0,32,32.2,49.3,90.7,13.9,5,15.9,20.01,92.26,0.17
105132,Ravi,INST-6039,14:30,627.7,43.1,36.8,31.3,82.6,10.4,0,9.4,22.28,92.74,1.13
105133,Ravi,INST-1827,3:00,0,37.8,37.4,76.4,41,9.4,8.9,15.2,22.47,93.06,0
105134,Arun,INST-2373,11:00,893,44.8,39.4,9.3,65.3,8.5,0,27.8,19.33,97.61,1.49
105135,Kumar,INST-6602,12:00,481.5,23.5,18.6,64,42.6,5.3,22.3,26.6,21.87,94.75,0.83
105136,Arun,INST-2436,15:30,577,44,40.2,23.6,70.1,5,0,4.2,20.64,96.33,1.19
105137,Divya,INST-7537,7:00,167.3,28,27.5,34.1,72,4.9,0,16.7,17.16,98.25,0.2
105138,Meena,INST-1856,13:15,411,26,20.6,68.1,90.7,10.7,10.8,15.8,20.78,93.56,0.65
105139,Meena,INST-7351,14:30,447.9,44.4,40,58,24.7,14.1,20.7,7.3,17.82,94.1,0.81
105140,Kumar,INST-6220,0:30,0,22.4,20.8,27.2,39.5,7.7,0,19.5,17.6,93,0.1
105141,Meena,INST-3842,0:30,0,27.3,27.9,54.2,63.2,8.6,18.4,4.4,22.99,92.45,0
105142,John,INST-7576,11:45,821.5,28,21.6,18.6,23.5,11.6,0,13.3,19.36,97.65,1.5
105143,Akash,INST-9800,2:15,0,43.5,42,60.5,28.7,2,1,15,18.87,93.23,0.01
105144,Kumar,INST-7874,10:00,845.3,48,42,3.8,65.8,8,0,13.7,22.42,95.89,1.59
105145,John,INST-3306,5:00,0,32.8,33.4,61,80.4,6.8,7.3,15.7,19.34,93.26,0.1
105146,Kumar,INST-8783,16:00,473.9,39.1,33.1,8.1,24,9.1,0,4.5,19.65,93.2,0.85
105147,Meena,INST-9064,14:45,710,39.8,35.9,24,47.1,11.3,0,5.4,19.5,98.79,1.34
105148,Divya,INST-3413,13:00,691.6,37.1,30.2,34,66.4,9,0,13.1,17.88,93.25,1.22
105149,Priya,INST-8553,16:45,291.8,24.6,22,45.6,58.3,8.9,8.2,17.1,19.37,95.08,0.35
105150,John,INST-2994,19:30,0,20.4,21,43.1,25.2,6.5,10.1,11.4,22.03,97.65,0.2
105151,Arun,INST-6892,15:45,281.3,42.5,38.5,71.2,39.7,13.7,15.2,15.2,17.39,93.4,0.24
105152,Meena,INST-4748,5:00,0,37.9,39,63.3,85.4,14.9,25,7.5,18.96,95.58,0.17
105153,Meena,INST-5308,17:15,107.8,32.1,31.5,73.1,28.2,1.6,7.1,10.9,17.49,98.01,0.15
105154,Divya,INST-6376,21:45,0,39.8,39.9,50.2,82.5,11.7,16.4,26,17.75,97.99,0.07
105155,Divya,INST-6744,16:45,471.3,38.8,33.7,9.7,88.5,3.5,0,27.8,18.56,96.65,0.67
105156,Ravi,INST-1795,9:30,250.9,26.9,26.6,77.7,75.4,6.4,4.8,29,22.66,96.59,0.51
105157,John,INST-4907,12:15,371.1,24,20,75.6,44,7.7,11.8,29.6,18.16,97.75,0.72
105158,John,INST-7447,19:15,0,23.1,24.4,63.4,94.6,0.2,13,0.9,22.19,93.33,0
105159,Priya,INST-5581,2:00,0,40.4,39.9,60.5,52.4,0.6,9.7,5,21.27,92.57,0.05
105160,Akash,INST-5478,20:45,0,35.9,36.6,60,57.3,4.5,4.2,10.3,20.88,95.73,0.15
105161,Ravi,INST-2026,16:15,323.3,28.5,27.6,37.7,28.8,9.2,0,0.2,19.3,95.75,0.59
105162,Ravi,INST-1657,18:00,0,21.2,21.6,71.7,67.8,6.2,17.6,10.5,18.85,92.25,0.05
105163,Ravi,INST-8843,18:30,5.8,37,38.3,72.4,21.2,0.9,5.7,19.3,18.96,92.91,0
105164,Akash,INST-5292,21:15,0,22.6,23.2,47.5,89.6,13.9,12.7,25.8,18.21,97.78,0
105165,Meena,INST-8439,15:30,547.8,44.2,40,28,28.8,10.5,0,21.8,20.09,96.75,0.96
105166,John,INST-8861,20:00,0,36.4,36.1,54.1,36.8,14.5,2.4,20.3,19.25,98.9,0.07
105167,Akash,INST-9762,2:30,0,39.9,40.6,73.5,22.2,1.3,7.4,26.2,17.08,93.97,0
105168,Priya,INST-8948,6:15,3.4,20.8,20.2,41.2,59.5,6.3,1.9,3.6,22.23,95.61,0.05
105169,Meena,INST-8330,1:00,0,18.7,20.3,53.6,65.7,11.2,18.1,24.7,18.78,93.19,0.08
105170,Meena,INST-3248,11:15,644.6,28.4,21.7,40.5,49.1,9.4,14.6,27,20.91,93.96,1.01
105171,Ravi,INST-6193,17:15,132.5,39.3,37.6,58.9,79.8,12.9,14.5,29.6,21.13,94.98,0.42
105172,Kumar,INST-8843,15:15,352.2,46.6,42,59.1,37.2,8.4,15.8,10.1,18.81,96.1,0.43
105173,Ravi,INST-3922,12:15,561.5,28.5,24.9,53.8,42.1,8.9,16.2,0.4,19.03,94.23,0.95
105174,Arun,INST-3552,7:30,237.8,20.8,18.8,2.7,72.1,4.8,0,27.4,22.93,94.14,0.33
105175,Arun,INST-8012,15:15,408,35.4,31.9,50.4,53.9,7.9,1.1,17.3,21.58,92.32,0.68
105176,Kumar,INST-2785,9:45,384.6,40,37.9,52.4,93.3,7.5,18.6,6.5,19.15,95.4,0.57
105177,Kumar,INST-7145,4:30,0,31.6,30.1,79.9,79.7,8.2,2.6,19.2,22.06,95.41,0.01
105178,Divya,INST-4660,17:45,77.6,28.2,26.8,84.5,42.6,1.4,8.3,8.8,21.89,98.8,0.26
105179,Priya,INST-1304,20:00,0,24.4,22.8,21.9,38.4,9.9,0,25.7,19.85,98.8,0
105180,Arun,INST-9682,12:15,908.3,44.9,37.1,11.6,85.8,10.5,0,29.7,22.37,94.97,1.75
105181,Ravi,INST-1683,4:30,0,35.4,34.8,77.6,75,2.8,12.6,8.9,19.42,92.7,0.15
105182,Arun,INST-8693,0:00,0,20.9,20.8,64.4,57.1,15,2.8,20.2,21.11,93.72,0
105183,Akash,INST-7919,17:30,109.1,33.4,32.1,70.3,26.5,2.9,23.2,3.9,19.45,93.23,0.39
105184,Ravi,INST-8595,5:45,0,26.1,26.1,42.7,47.3,8.6,21.4,23.4,20.02,95.42,0.17
105185,John,INST-5026,9:15,227.6,37.5,37.5,78.3,41.5,12.2,20.8,10.6,20.36,93.48,0.55
105186,John,INST-6699,1:15,0,27.8,28.8,88.4,20.9,2.7,22,11.5,21.67,93.21,0.08
105187,Arun,INST-7977,2:45,0,25.8,26.8,49.7,59.2,8.2,3.4,21.3,22.6,95.55,0
105188,Arun,INST-2111,6:45,0,32.7,32.5,67.5,32.8,2.3,5.4,20.4,21.29,97.82,0
105189,John,INST-6378,3:15,0,28.8,28.1,31.7,20.2,12.9,0,13.5,20.21,95.01,0.18
105190,Akash,INST-5761,9:15,319.6,21.5,18.9,68.6,37.3,9.7,16.9,18.4,21.32,98.36,0.44
105191,Meena,INST-2915,2:45,0,39.3,41.3,78.8,40.2,3,1.9,3,17.99,98.39,0
105192,Divya,INST-5433,16:30,359.9,29.2,25.3,35.6,45.7,5.4,0,9.4,17.38,93.87,0.46
105193,Meena,INST-5535,16:15,268.9,42.4,40.7,57,76.3,0.9,9,23.8,22.51,95.15,0.64
105194,Meena,INST-1138,21:30,0,40.4,41,53.8,39.2,2.6,7.5,4.6,17.9,95.51,0
105195,Kumar,INST-3508,13:00,842,43.8,35.8,15.3,87.8,11.6,0,0.7,18.94,96.16,1.6
105196,Divya,INST-4238,6:30,0,31,31.2,14.7,84.8,1.3,0,20.5,20.59,97.85,0.19
105197,Ravi,INST-3679,16:45,360.2,42.3,37.8,38.2,68.7,3.7,0,29.8,20.95,92.54,0.73
105198,Meena,INST-8614,19:00,0,20.9,21.8,72.6,50,8,15.9,16.7,21.75,94.41,0.07
105199,Priya,INST-1477,21:15,0,27.5,27.7,91.5,23.7,12.2,23.5,7.8,20.98,95.7,0
105200,Divya,INST-3102,15:30,460.4,38.3,36.1,38.8,52.6,13.7,0,12.5,22.64,92.84,1
105201,Priya,INST-1431,23:30,0,27,26.2,63.6,68.5,2.9,15.1,23.6,22.26,97.83,0.01
105202,Arun,INST-5096,0:00,0,29.3,29.8,83.7,93.5,4.1,6.6,2.6,18.99,92.74,0
105203,Meena,INST-3759,18:45,0,34.9,33.9,59.1,40.5,10.1,2.5,23,17.42,95.53,0
105204,Meena,INST-1116,18:15,0,29.4,27.9,6.5,27.9,7.2,0,10.2,19.07,98.39,0.05
105205,Priya,INST-8837,15:45,608.6,31.4,27.2,14.1,87,1.2,0,11.7,18.07,95.95,0.87
105206,John,INST-6890,8:45,269.4,34.1,30.8,55.1,22.3,12.6,18.9,5.8,17.93,96.03,0.64
105207,Akash,INST-2749,12:15,368.8,20.7,18.4,76.6,89.5,11.3,1.2,29.7,19.98,97.25,0.51
105208,John,INST-7640,11:45,687.3,42,36.8,35.8,30.5,7.5,0,5.7,22.37,97.71,1.38
105209,Kumar,INST-6317,9:45,469.6,22.5,19.3,43.4,52.3,9.9,12.3,16,20.4,96.35,0.78
105210,Kumar,INST-8943,23:30,0,22.5,20.7,55.8,71.3,13.5,23.9,17.1,17.48,94.11,0
105211,Kumar,INST-3929,22:15,0,24.4,24.3,29.9,68.2,10.9,0,29.5,21.58,97.76,0
105212,Arun,INST-6378,16:00,369.1,28.1,25.7,32.4,70.9,2.3,0,14.5,18.3,96.91,0.42
105213,Priya,INST-8145,16:15,262.2,26.7,24.4,54.8,44,0.3,13.1,26,17.07,92.14,0.36
105214,Divya,INST-7532,4:30,0,42.2,42,22.5,90.8,3.2,0,27.8,17.19,96.05,0
105215,Kumar,INST-9528,10:15,507.5,25.8,22.3,50.2,21.9,2.1,23.8,20.3,17.95,95.79,0.72
105216,Priya,INST-6897,14:45,700.1,34.3,29.5,20.9,50.4,9.1,0,16.2,19.3,96.16,1.08
105217,Priya,INST-9625,8:15,266.2,25.4,22,55.2,58.6,2.8,5.2,17.5,20.52,95.09,0.46
105218,Kumar,INST-1168,1:15,0,26.1,26.8,22.3,26.1,8.3,0,12.1,20.48,96.81,0.14
105219,Arun,INST-9948,14:30,279.5,26.1,23,81.5,34.4,11.3,25,26.6,20.93,96.7,0.3
105220,Arun,INST-2420,10:45,715.9,29.7,21.7,21.6,60.1,3.1,0,12.3,17.6,97.04,1.23
105221,Arun,INST-9247,15:30,475.6,46.7,41.3,42.5,64.5,12.4,1.5,8.8,21.98,94.84,0.76
105222,Kumar,INST-8029,5:30,0,31.8,33.4,58.3,60.8,13.2,24.8,12.2,17.65,94.91,0
105223,Akash,INST-4931,22:00,0,39.7,38.1,33.2,51.6,7.9,0,23.7,17.83,96.73,0.09
105224,Kumar,INST-7657,13:45,817.9,26.3,19.6,16,41.1,12.6,0,16.4,18.25,96.11,1.39
105225,Divya,INST-6650,21:45,0,35.4,36,58.8,71.2,2.6,17.3,0.3,21.29,95.46,0.07
105226,Kumar,INST-1361,3:15,0,35.5,34.1,41.1,41,7.6,13.3,8.3,22.21,98.85,0.06
105227,Kumar,INST-6776,13:45,858.3,44.1,38.7,13.2,68.4,0.3,0,8.1,19.9,97.13,1.69
105228,Arun,INST-8662,5:15,0,31.2,31.7,24,71.5,9.2,0,19.7,19.16,98.36,0
105229,John,INST-9847,18:45,0,29.6,27.8,11.9,56,6.2,0,8.2,20.76,96.18,0
105230,Meena,INST-3674,7:30,155.2,24.3,22.4,53,89.7,13.1,24.7,17.2,17.25,98.94,0.33
105231,Akash,INST-7035,3:30,0,24.1,24.3,25.6,94.4,11.3,0,7.3,18.69,98.9,0
105232,Akash,INST-5627,14:30,471.5,39.1,37.2,56.9,38,0.3,9.6,23.3,17.28,98.98,0.55
105233,Arun,INST-8342,12:30,983.7,25.2,18.8,3.4,81.9,5.4,0,20.8,19.06,96.26,1.73
105234,Kumar,INST-7789,7:15,87.2,32.2,33,73.5,39.5,10.8,8.4,14.6,19.26,96.54,0.05
105235,Kumar,INST-9155,2:15,0,21.4,23.3,39.6,28.8,3.4,0,24.4,21.29,96.67,0
105236,Ravi,INST-7495,3:45,0,37.2,35.5,89.6,68.1,8.2,20.1,2,22.28,96.58,0.19
105237,Kumar,INST-5374,20:00,0,37.8,38.5,24.4,56.6,10.2,0,7.9,22.83,97.67,0
105238,Divya,INST-9399,9:15,355.8,32.6,29,57,34.4,12.7,22,12,18.83,98.81,0.75
105239,Priya,INST-5319,7:45,206.4,42.4,39.3,24.9,26.3,6.9,0,26.9,20.59,92.08,0.34
105240,Divya,INST-1213,1:15,0,40.4,40.2,49.5,32.8,1.7,22.5,1.4,21.51,98.38,0
105241,John,INST-2131,3:00,0,17.7,18.8,33.7,30.1,6.2,0,19,20.44,92.98,0.17
105242,Kumar,INST-8513,0:45,0,39.3,40.4,94.1,31.1,2.9,24.3,19.9,17.31,97.89,0
105243,Kumar,INST-3788,17:30,212.8,19.5,18.2,14.7,30.3,4.1,0,14.5,18.82,95.7,0.17
105244,Akash,INST-5404,18:15,7.6,33.2,32.6,22.6,92.4,8.9,0,25.9,18.05,94.81,0.09
105245,Ravi,INST-5395,10:00,431.6,22.5,18.4,60.5,32.7,14.5,10.8,26.2,20.73,95.2,0.61
105246,Divya,INST-3641,23:30,0,31.4,30.6,37.1,56.7,4.7,0,13.3,17.31,97.23,0
105247,John,INST-1591,17:30,165.9,34.6,33.6,37.5,90.3,14.3,0,28.9,18.36,93.02,0.15
105248,Kumar,INST-9712,5:45,0,29.1,27.4,68.7,92.8,12.6,7.6,13.5,18.58,95.91,0
105249,Priya,INST-4559,4:15,0,38.8,40.5,54.9,33.8,5.5,5.6,28.2,21.6,96.71,0
105250,Divya,INST-4561,21:15,0,33.7,33.3,97.9,45,11.6,6.3,23.3,18.68,96.59,0
105251,Arun,INST-7775,21:45,0,33.6,33.6,36.1,91,9.7,0,23,21.34,93.74,0.05
105252,Divya,INST-7287,7:30,184.1,40.6,37.5,26.1,81.3,0.1,0,4.8,21.25,95.04,0.35
105253,Akash,INST-6894,3:15,0,39,40.9,58.2,43.5,0.4,4,5.7,17.12,96.76,0
105254,Arun,INST-1960,1:00,0,21.3,23.2,73.6,26.7,0.9,1.2,17,18.04,95.91,0
105255,Ravi,INST-4232,17:45,152.9,39.1,39.4,46.1,57.8,12.6,10.6,8.6,17.33,92.55,0.36
105256,Akash,INST-3886,23:30,0,34,32.3,89.2,87.3,5.5,5.6,14.5,20.42,98.66,0
105257,John,INST-3603,5:00,0,35.7,33.9,48.8,73.2,3.4,1.6,11.2,20.18,95.37,0
105258,Akash,INST-4513,5:30,0,43.6,41.9,87.5,49.4,0.9,12.1,18,20.06,93.08,0.16
105259,Ravi,INST-1238,3:30,0,43.5,41.7,37.9,92.2,6.5,0,1.8,19.65,92.18,0
105260,Ravi,INST-5168,23:15,0,26.3,24.6,20.9,87.9,9.2,0,27.8,17.19,96.94,0
105261,John,INST-3866,6:15,0,18.3,19.8,69.7,61.2,12.2,22.2,22.5,22.62,93.75,0
105262,Priya,INST-6935,2:30,0,39.2,38.9,55.3,85.9,0.1,5.6,17.4,20.92,96.45,0.03
105263,Meena,INST-6485,15:15,413.6,35.2,31.2,49.7,27.5,11.4,10.6,21.7,18.12,92.81,0.7
105264,Akash,INST-3335,8:15,269.2,33.9,31.8,57,92.9,9.4,17.6,17.2,20.39,93.06,0.41
105265,John,INST-5363,23:00,0,26.8,25.7,46.8,48.9,10.3,2.2,5.5,17.12,98.03,0.14
105266,Akash,INST-3277,13:45,879,48.7,40.3,8.5,42.3,7.1,0,29,20.84,98.79,1.56
105267,Akash,INST-3576,16:45,304.8,27.4,23.6,44.8,66.4,14.1,18.6,27,20.12,94.4,0.61
105268,Arun,INST-6247,17:00,205.5,35.7,34.6,27.6,46.6,10.9,0,26.4,17.18,93.73,0.13
105269,Meena,INST-4618,19:30,0,20.5,19.6,84.2,25.5,5.3,3.2,9.1,20.04,96.63,0.19
105270,Priya,INST-8373,8:15,229.1,33.2,32.6,69.3,89.1,6.2,2,17.6,19.69,96.81,0.3
105271,John,INST-6953,14:15,583.1,29,22.5,38.5,69.4,11.1,0,0.1,17.7,96.8,1.19
105272,John,INST-7570,22:00,0,16.5,18,29.7,21.4,4.5,0,10.1,17.96,94.13,0.14
105273,Akash,INST-2928,20:30,0,30,30.7,23.3,26.9,12.9,0,22.5,20.23,92.12,0.14
105274,Ravi,INST-7573,21:00,0,27.7,29.5,47.7,43.9,8.1,24.1,1.8,20.76,92.73,0.1
105275,Priya,INST-6061,20:15,0,40.5,40.7,92.7,23.3,3,20.5,29.4,22.5,92.06,0
105276,Divya,INST-9582,17:00,114.4,36.7,35.1,68.5,52.2,14.5,1.5,17.2,22.19,98.67,0.29
105277,Priya,INST-6412,5:30,0,35.3,34.6,34.4,65.6,1.5,0,24.1,17.63,93.38,0.05
105278,Akash,INST-5199,8:15,208.8,27,23.3,68.7,82.9,0.1,7.7,10.5,20.9,98.07,0.22
105279,Arun,INST-4322,10:00,309.1,34.7,30.3,77.8,58.4,13.7,18.3,25.7,17.4,94.03,0.4
105280,Akash,INST-9117,13:30,296.2,23.2,19.6,82,31.3,13.1,19.8,14.5,17.31,93.03,0.3
105281,Priya,INST-9186,17:30,244.9,36.4,35.6,11.4,21.1,11.3,0,26.7,20.97,92.15,0.46
105282,Priya,INST-6479,9:15,513,24.9,21.7,31.7,63.9,8.4,0,3.3,17.69,94.35,0.84
105283,Ravi,INST-2404,5:30,0,40.3,39.5,74,34.8,0.1,3.6,12.5,18.41,98.27,0.08
105284,Priya,INST-8398,3:15,0,24,22.5,40,64.9,10.8,0,9.7,18.98,94.14,0.05
105285,John,INST-4756,12:45,561.5,22.1,19.3,51.6,79.6,5.6,20.1,20.6,18.19,97.09,0.98
105286,Ravi,INST-5056,16:45,373.3,42.4,37.3,28.8,48.8,1.2,0,8,20.34,93.62,0.87
105287,John,INST-4855,0:30,0,25.3,25.4,58,74.5,0.2,2,24.6,20.62,94.5,0.12
105288,John,INST-2816,13:00,483,24.6,21.6,57.9,43.9,12.7,10.3,2.7,20.58,97.78,1.12
105289,Arun,INST-7597,23:45,0,18.9,20.1,31.4,55.8,7.1,0,29.8,20.61,94.49,0
105290,Ravi,INST-9404,9:15,638.7,29.3,24.4,9.7,40,0.9,0,13.5,22.62,98.57,1.33
105291,Arun,INST-1774,19:45,0,33.5,33.5,81.9,94.5,7,12.5,21.3,22.01,92,0.1
105292,Arun,INST-3407,12:30,948.8,28.4,19.2,8,32.7,11.4,0,9.1,17.16,93.21,1.26
105293,Kumar,INST-1612,13:30,343.2,21.9,20.5,79.3,57.4,10.8,5.5,19.9,18.73,92.14,0.71
105294,Ravi,INST-2214,6:45,12.8,25.8,25.4,72,57.2,10.7,21.5,23,17.72,93.23,0
105295,Arun,INST-8432,3:00,0,28.6,29,43.5,33.4,8.5,3.9,25.8,21.2,94.08,0
105296,Ravi,INST-8882,21:15,0,40,38.8,29.3,90,10.1,0,17.6,20.55,96.37,0
105297,Ravi,INST-5296,8:15,194.9,40.8,39.3,69.3,83.4,5.9,23.5,23.8,22.06,94.52,0.55
105298,Divya,INST-1024,1:45,0,21,19.5,94.6,38,14.2,5.4,30,21.66,97.46,0
105299,Kumar,INST-4447,2:45,0,38.9,38.2,75.4,59.3,4.8,1.6,7.7,19.3,93.7,0
105300,Akash,INST-4791,18:00,3,17.5,19,61,72.5,13.3,5.9,4.8,17.57,96.14,0.11
105301,Meena,INST-3031,8:00,277.5,28.3,24.7,55.2,49.4,6.8,22,13.6,21.41,94.19,0.47
105302,Ravi,INST-8938,20:30,0,28.1,27.5,94.6,61.1,4.4,12.3,28,22.89,96.01,0.11
105303,Ravi,INST-2419,20:15,0,34.1,34.7,64.8,53.3,8.1,23.3,17.4,22.14,92.63,0.05
105304,Priya,INST-2926,15:00,317.1,27.2,25,66.7,49.2,14.6,6.5,20.2,20.47,95.19,0.58
105305,Arun,INST-7412,19:30,0,22.4,23.4,62,48,1.9,16.7,22.1,21.92,96.42,0.05
105306,Ravi,INST-6727,23:30,0,17.2,18.7,46.4,28.2,10.8,18.1,24.6,21.13,94.93,0
105307,Priya,INST-5168,0:15,0,41.1,39.2,51.8,39.6,2.1,13.5,2.7,20.04,98.37,0.13
105308,Kumar,INST-4476,5:45,0,17.3,18.4,32.6,84.4,5.1,0,18.4,19.85,95.96,0.13
105309,Meena,INST-2647,10:15,799,30.1,22.7,9.5,36,10.5,0,16.1,21.6,95.24,1.6
105310,Ravi,INST-8884,13:00,860.2,25.4,19.2,11.3,45,8.1,0,4.1,21.36,97.76,1.88
105311,Arun,INST-8928,21:30,0,34.2,32.7,65.7,67.2,12,18.9,21.4,20.71,95.65,0.14
105312,Akash,INST-7948,5:15,0,35.5,34.9,80.4,53.7,0.8,16.4,11,22.96,92.27,0.12
105313,Arun,INST-6602,22:45,0,26.7,25.2,22,34.4,11.2,0,6.4,17.71,94.72,0
105314,Divya,INST-7444,15:15,245.2,36.9,36.4,79.9,65,2.8,14.6,15.9,19.26,98.44,0.6
105315,Divya,INST-8288,14:30,812,42.6,36.1,9.4,34.7,12.2,0,9.1,18.78,97.03,1.46
105316,Priya,INST-3899,17:00,69.6,27.2,25.3,89.2,39.4,14.9,19.2,26.9,18.55,92.4,0.04
105317,Divya,INST-3718,1:30,0,21.1,21.3,50.8,25.9,2.1,10.5,16.5,19.78,98.85,0.06
105318,Akash,INST-8494,0:15,0,39.5,39.4,91.4,73.2,7.9,10.7,24,22.57,97.42,0
105319,Arun,INST-9306,15:00,363.6,26.4,21.6,61.7,92.8,14.5,14,16.1,19.13,97.99,0.5
105320,Arun,INST-9287,15:00,171.1,25.1,22.3,87.7,63.4,7.1,11.3,0.5,18.33,93.45,0.23
105321,Meena,INST-2035,13:15,600.2,34.1,30.1,47.7,57.8,14.6,11.1,23.6,17.69,94.59,0.81
105322,Priya,INST-2895,2:00,0,19.9,20.2,69.2,71.4,0.1,19.4,17.1,22.84,96.58,0.2
105323,Priya,INST-2927,4:00,0,28.7,29.6,44,61.4,4.4,0.8,23.5,17.54,97.71,0
105324,Kumar,INST-4225,10:45,302.8,41.5,39.1,75.6,44.6,3.1,15.5,26.3,21.38,95.13,0.37
105325,Akash,INST-9471,13:15,920.6,35.4,28.1,5.4,65.9,3.8,0,18.7,22.34,98.38,1.91
105326,Meena,INST-5028,15:30,302.9,40.6,37.9,67.9,49.7,13.9,1.5,12.1,17.87,97.75,0.3
105327,Priya,INST-8367,19:30,0,35.8,34.1,64.5,23.1,3.4,1.3,28.7,19.66,94.75,0
105328,Meena,INST-6368,1:15,0,42.4,41.7,64.4,78.3,1.2,24.4,15.5,21.97,96.35,0
105329,Priya,INST-8669,7:45,189.4,40.6,40.1,40.3,25.9,13.9,3,0.9,18.74,94.47,0.51
105330,Divya,INST-6815,21:00,0,18.7,20.6,40,57.4,0.3,0,16.3,19.25,98.78,0
105331,Priya,INST-1344,10:00,777.2,29.8,22,12.1,86.7,9.7,0,23.9,19.74,97.46,1.29
105332,Meena,INST-9708,22:30,0,38.1,39.7,82.3,32.2,7.4,22.6,16.8,21.79,96.6,0
105333,John,INST-9609,4:15,0,39.2,37.8,62,58.2,6.7,23.9,5.1,22.21,94.69,0
105334,Priya,INST-7715,22:00,0,41.4,42,82.6,20.1,4.7,21.6,21.8,22.49,94.4,0.15
105335,Meena,INST-3894,10:45,529.9,39.5,34.6,46.3,59.4,0.6,17.4,6.2,22.12,98.62,1.23
105336,Arun,INST-1709,11:30,896.9,47.5,38.6,8.4,94.5,2.7,0,2.9,19.63,94.8,1.54
105337,Priya,INST-7591,19:30,0,35.1,33.4,94,24.5,6.2,6.6,22.8,17.46,98.07,0
105338,Arun,INST-1888,23:00,0,39.9,38.9,33.5,46.6,14.7,0,23.5,21.72,95.44,0
105339,Divya,INST-6102,16:30,326.1,43,39.3,45.6,50.7,13.8,0.4,3.9,19.02,92.32,0.4
105340,Meena,INST-8653,22:00,0,33.4,34.7,37.2,81.9,4.6,0,2.4,21.5,92.16,0.04
105341,Arun,INST-3006,1:30,0,18.6,18.1,52.3,64.5,2.5,3,0.7,18.79,94.03,0.17
105342,Akash,INST-2787,22:30,0,23.6,24.4,65.8,46,1.2,20.4,23.1,19.49,95.5,0.13
105343,John,INST-7075,14:30,348.3,28.5,26.7,72.9,47.8,7.7,11.7,17.5,18.89,92.02,0.68
105344,Arun,INST-5593,2:00,0,31.1,29.7,20.3,44.3,0.2,0,25,20.38,93.21,0.17
105345,Kumar,INST-5741,13:45,842.3,35.6,26.8,15.1,61.5,5.3,0,23.8,21.3,96.15,1.5
105346,Akash,INST-4392,9:30,289.6,34.5,33.9,73.1,38.7,11.8,15.2,19.6,22.65,96.17,0.52
105347,Divya,INST-9824,5:45,0,30.3,31.7,50.3,58.4,9.4,6.7,12.6,17.32,96.47,0.2
105348,Kumar,INST-5628,3:00,0,38.7,37.8,93.1,77.3,0.3,19.6,5.9,21.45,97.58,0
105349,Akash,INST-4964,7:45,162.6,29.7,28.2,46.3,56.2,14.5,6.9,15.4,22.22,96.79,0.48
105350,Priya,INST-3996,5:00,0,24.9,24.1,68,77.8,13.6,0.8,9.5,20.43,93.87,0
105351,John,INST-5170,8:45,208.1,21.3,21.3,67.8,25.7,6.2,0.4,18.3,17.27,94.52,0.36
105352,Ravi,INST-4757,5:45,0,35.3,37,82,45.4,9.5,13.9,3.1,18.54,96.74,0
105353,Akash,INST-5286,12:15,603.9,26.7,21.6,47.8,22.9,1,7.7,7.7,20.78,98.01,1.18
105354,Ravi,INST-6548,20:45,0,23.3,23.3,96.5,44.9,14.5,6.7,12.9,17.63,96.22,0
105355,Divya,INST-6852,1:00,0,35.5,34.2,53.1,91.9,2.4,8.4,18.3,17.15,98.38,0.18
105356,Ravi,INST-7825,22:45,0,42.9,41.9,77,89.5,9.4,19.1,23.2,21.88,96.3,0.1
105357,Ravi,INST-4303,21:15,0,40.6,39.1,94.6,37.6,5.4,16,24.9,20.07,97.43,0.08
105358,Priya,INST-3227,2:45,0,31.2,32.1,21.8,64.2,13.2,0,2.1,17.39,93.78,0
105359,Ravi,INST-8140,3:45,0,38.1,37.9,65.4,89.2,14.3,5.3,29.9,17.34,95.5,0
105360,Akash,INST-7187,15:00,617.2,39.5,32.9,16.7,55.6,1.6,0,14.4,22.72,93.11,1.23
105361,Meena,INST-9099,17:00,240.9,23.5,21.1,5.4,24.7,12.2,0,20.7,21.81,97.58,0.29
105362,Meena,INST-7086,4:30,0,27,27.1,53.2,52.9,9.9,0.1,27,18.8,98.22,0.16
105363,Akash,INST-7237,19:00,0,25.7,26.6,26.9,92.2,14.7,0,9.5,21.6,92.97,0.18
105364,Akash,INST-8062,18:45,0,38.1,36.9,37,23.8,7,0,5.2,21.83,92.83,0.13
105365,Ravi,INST-5284,3:15,0,39.3,38.8,59.7,40.3,0.6,22.8,28.9,21.93,92.3,0.02
105366,John,INST-2555,0:15,0,19.9,20.4,25.6,56.4,9.6,0,14.4,17.42,93.56,0.17
105367,Divya,INST-9319,9:00,449.8,45.1,41.8,45.4,71.3,10.6,7.2,6.9,17.91,92.84,0.6
105368,Ravi,INST-3474,4:15,0,33.9,33.3,65.6,40.3,3.7,11.3,7,18.19,95.92,0.19
105369,John,INST-8966,5:45,0,19.6,21.1,64.2,49.2,9.7,20.6,29.6,21.99,96.92,0
105370,Meena,INST-2396,10:30,223.7,35.7,34.1,88.3,53.6,14.9,10.3,14.5,17.88,93.46,0.44
105371,Akash,INST-4614,8:30,387.2,23.1,20.6,26.6,56.7,7.9,0,1.2,18.88,95.57,0.55
105372,Divya,INST-4902,12:00,691.6,48.7,41.3,39.1,25.3,12.6,0,18.2,20.79,97.73,1.09
105373,Ravi,INST-6514,19:15,0,42.7,41.2,60,75.2,3.5,13.3,18.7,21.2,97.77,0
105374,John,INST-6214,3:00,0,35.5,34.7,54.1,93.6,5.8,2.3,19.6,18.3,93.05,0.11
105375,Arun,INST-7803,4:15,0,26.3,26.1,50.3,81.2,10.8,15.4,18.4,22.08,94.32,0.19
105376,John,INST-9959,17:15,72.3,38.1,37.6,79.9,65.1,11.1,20,15,17.55,95.52,0.14
105377,Ravi,INST-5892,16:45,169.7,39,37.2,79.6,26.1,7,0.1,23,22.34,94.94,0.49
105378,John,INST-6857,22:00,0,40.5,40.8,98.8,88.9,6.6,0.7,2.4,18.29,94.2,0
105379,Ravi,INST-2039,13:15,700.1,26,20.5,32.5,68.4,2.7,0,20.5,18.99,95.83,1.09
105380,John,INST-3897,3:15,0,40,39.6,30.4,43.8,11.5,0,24.5,21.91,93.83,0
105381,John,INST-3927,12:45,310.7,41.4,39.5,82.2,80.3,1.6,6,1.3,21.26,96.53,0.44
105382,Ravi,INST-5769,10:15,818.8,29.4,22.1,8,42.1,5.6,0,21,19.88,96.18,1.39
105383,Kumar,INST-6650,18:30,18.3,43.3,41.3,6.1,81.9,10.4,0,14.2,20.05,95.31,0
105384,Divya,INST-2828,19:15,0,35.3,36.9,59.1,81.9,10.6,13.5,6,18.44,93.48,0
105385,Meena,INST-8379,12:00,812.3,39.7,35,21.8,88.1,13.7,0,27.6,19.66,95.04,1.37
105386,Divya,INST-1451,1:00,0,31,30.8,85,78.4,12.3,8.6,2,18.09,96.13,0.02
105387,Kumar,INST-4631,22:00,0,30,30.3,27.3,38.4,4.5,0,11.1,21.07,96.5,0.11
105388,Ravi,INST-7329,0:30,0,41.3,39.6,51.7,85.8,0.2,12.8,18.3,22.68,97.62,0
105389,Divya,INST-3925,15:30,716.3,42.5,34.9,0.3,51,2.3,0,16.1,18.06,97.38,1.09
105390,Meena,INST-5002,16:45,367.7,23.4,21.1,28.8,39.9,10.4,0,4.6,17.37,93.85,0.59
105391,John,INST-5524,13:15,238.7,39.3,38.6,88.1,45.3,11,15.9,17.6,18.12,93.35,0.2
105392,Kumar,INST-3662,22:00,0,30.3,30.2,28.6,84.9,14.4,0,28.3,21.57,93.12,0.04
105393,Ravi,INST-8500,8:15,295.4,43.7,41.5,47.6,32.9,0.7,23.1,29.8,20.95,94.34,0.69
105394,Meena,INST-6998,13:45,781.9,31.7,27,21.3,94.4,11.9,0,14,21.38,98.12,1.61
105395,Akash,INST-6403,20:45,0,23.1,25,38.8,69.7,11.3,0,22.8,19.1,98.2,0.08
105396,Priya,INST-3240,10:00,393.3,41.8,37.9,64.8,77.7,5.9,13,5.1,21.62,95.21,0.61
105397,Arun,INST-5582,20:30,0,41.8,41.2,72.5,79.7,5.6,11.4,7.7,20.41,98.39,0
105398,John,INST-5976,6:15,19.7,31.2,31.2,68.2,32.8,1.1,4.9,5.6,19.97,93.31,0.15
105399,John,INST-5963,17:30,238,25.4,24.6,0.8,41.7,5.9,0,27.9,21.92,95.5,0.52
105400,Arun,INST-9196,2:45,0,23.3,22.2,32.3,34.8,7,0,5,17.13,98.04,0.01
105401,John,INST-5699,7:45,82.1,22.4,21.5,89.5,31.3,10.2,14.3,9.2,20.34,95.91,0.25
105402,Divya,INST-6723,18:45,3.8,30.9,29.8,32.8,87.2,11.2,0,22.9,21.57,93.75,0
105403,Kumar,INST-1403,0:45,0,27,28.1,27.5,77.6,9.7,0,11.8,18.28,92.76,0
105404,John,INST-5531,12:30,578.3,33.2,27.6,52.3,70.4,14.5,10,12.4,18.1,92.2,0.88
105405,Arun,INST-5582,23:30,0,40.6,39.7,26.4,63.6,1.7,0,22.6,19.76,93.58,0.08
105406,Meena,INST-8876,19:30,0,26.2,25.2,99.2,41.7,4.5,10.9,20.3,20.49,94.24,0
105407,Ravi,INST-7031,15:30,554.8,30.4,25.9,24.5,40.4,1.8,0,20,18.04,93.1,0.88
105408,Priya,INST-9923,23:30,0,31.2,31.5,73,48.2,1.3,9.5,9.5,17.03,98.29,0.01
105409,Priya,INST-6080,19:00,0,29,28.6,87.7,28.8,5.6,7,22.7,17.18,94.12,0
105410,Akash,INST-1718,16:00,161.9,39.9,37.7,77.8,30.8,3.8,0.4,23.9,21.66,93.66,0.14
105411,Divya,INST-5407,19:45,0,24.4,25.1,98.2,32.3,11.8,9.3,2.3,19.44,97.84,0
105412,Kumar,INST-9019,4:30,0,37.2,35.4,84.3,83,10.5,0.9,6.2,17.57,92.4,0
105413,Akash,INST-4774,23:45,0,33.5,32.4,49.6,56,11.1,24.4,28.2,18.84,96.4,0.16
105414,Meena,INST-8494,13:00,703.5,43.7,38.5,33.4,47.3,11.4,0,17.3,19.16,93.38,1.2
105415,Arun,INST-2353,17:00,119.8,27.7,24.7,55.9,38.8,10.9,23,17.4,17.49,97.86,0.22
105416,Kumar,INST-6912,16:00,379,21.9,19.2,32.9,60.9,10.2,0,0,18.91,98.04,0.66
105417,Arun,INST-5562,8:15,218.9,38.1,35.2,63.6,57.7,9.2,3.9,13.5,18.5,97.6,0.33
105418,John,INST-9874,11:00,627.8,45.1,40.7,39.8,79.8,3.4,0,21.8,21.47,93.94,1.32
105419,Ravi,INST-7086,15:00,211.3,35.3,33.9,86.3,22.4,13.3,0.8,0.1,20.9,98.24,0.34
105420,Arun,INST-6927,16:45,233.5,33.7,33.7,62,68.2,4.7,15.5,28.5,17.19,92.74,0.34
105421,Meena,INST-6505,5:45,0,22.5,21.4,26.8,30.2,0.6,0,21.5,22.66,92.9,0.03
105422,Divya,INST-9055,12:00,798.8,28.8,20.6,22.6,87.8,11.7,0,23.8,17.07,95.61,1.33
105423,Meena,INST-3400,10:30,821.1,42,35.7,3.5,86.9,14.3,0,3.4,20.98,95.88,1.68
105424,Kumar,INST-5542,23:30,0,40,40.8,59.4,42.4,7.6,14.8,13.6,17.93,96.9,0.07
105425,Priya,INST-2364,12:00,698.8,32.7,27.3,36.9,67.1,2.8,0,12.9,21,97.15,1.34
105426,Arun,INST-8210,16:45,364.6,24.1,21.6,34.4,67.9,7.6,0,9.6,19.36,98.22,0.83
105427,Akash,INST-4652,10:45,349.1,32.3,30.2,70.5,33,0.5,8.7,8,17.67,98.91,0.46
105428,Kumar,INST-2969,8:15,465.9,28,25.4,10.3,37.8,7.8,0,26,17.94,92.35,0.6
105429,John,INST-5566,0:15,0,26.8,25.1,58.8,87.9,11.5,6.3,4.7,17.04,97.72,0
105430,Arun,INST-1480,23:45,0,17.4,18.4,68.8,31.2,14,21.3,13.1,21.07,93.71,0.06
105431,Akash,INST-4173,9:30,638.4,38.3,34.4,11.9,94.2,13,0,0.2,21.18,92.67,1.11
105432,Priya,INST-4719,23:15,0,35.3,35.7,79.4,45.4,11.6,20.3,9.7,17.94,97.18,0
105433,Divya,INST-1277,0:15,0,38,38.8,60,62.3,14.6,15.1,24.1,17.33,94.18,0.09
105434,Akash,INST-9182,21:00,0,20.2,20,33.2,80.3,9.4,0,18.6,21.78,95.59,0
105435,Ravi,INST-2646,0:45,0,21.9,21.2,56.7,29.8,12.1,14.6,28,20.5,92.4,0
105436,Ravi,INST-9375,8:15,295.5,34.3,32.9,45.7,87.2,11.7,19.5,8.2,22.15,96.79,0.77
105437,Divya,INST-3339,14:30,771.1,30.3,22.7,15.7,54.9,6.5,0,2.1,19.59,93.39,1.24
105438,Meena,INST-7238,20:30,0,41.2,39.6,70.2,71.2,11,11.5,1.8,20.28,94.4,0
105439,Akash,INST-4865,8:00,216.4,27.2,27,67.4,52,0.4,4.3,6.3,18.39,93.52,0.53
105440,John,INST-7028,22:45,0,25.4,24.7,97.4,66.1,12,10.7,22,21.23,95.32,0.15
105441,Ravi,INST-6494,8:15,369.1,23.6,20,28.7,91.5,7.4,0,27.1,22.9,92.69,0.81
105442,Divya,INST-9428,17:45,119.5,31.7,28.9,65.4,77.5,5.1,1.2,18.8,17.47,93.2,0.06
105443,John,INST-9406,23:15,0,20.7,21.8,54.8,48.2,1.7,24.4,28.8,21.67,96.12,0
105444,Arun,INST-2157,10:30,483.6,29.1,23.1,51.2,64.4,9.4,5.9,3.2,20.59,98.77,1.04
105445,Ravi,INST-6850,22:00,0,39.7,41.5,63.6,56.3,11.7,12.1,3.8,20.05,92.71,0.09
105446,Priya,INST-9271,14:00,293,26.6,26,80,23.7,7.9,20.9,18.4,17.61,98.94,0.31
105447,Ravi,INST-4793,12:00,559.1,27.2,23.4,50.6,91.8,12.9,24.8,12.1,21.94,95.15,1.21
105448,Ravi,INST-8704,19:15,0,39.3,38.1,75.6,52.2,5.7,0.1,17.4,17.29,93.51,0.03
105449,Kumar,INST-8252,18:00,14.3,18.1,18,24.4,63.1,1.2,0,18.1,18.52,93.19,0
105450,Arun,INST-1984,5:45,0,41.9,40.8,89.7,24.1,4.6,25,22.6,19.94,97.99,0
105451,Ravi,INST-2745,9:30,574.8,44.9,39.6,19.7,52.2,0.4,0,10.4,17.63,96.8,0.75
105452,Meena,INST-5019,10:15,643,31.9,25,31.9,75.8,6.4,0,20.1,22.57,95.35,1.19
105453,John,INST-2571,4:15,0,36.5,37.8,50.7,62.6,4,12.9,25.7,19.39,95.55,0
105454,Akash,INST-6281,20:30,0,27.5,28.6,40.3,66.4,8.3,14.2,19.5,17.5,94.98,0.19
105455,Divya,INST-3328,9:15,523.1,41,38.4,34,44,12.7,0,13.5,19.52,95.97,0.76
105456,Kumar,INST-3374,3:45,0,26.4,24.7,28.9,93.3,3.1,0,1,22.68,97.45,0
105457,Meena,INST-8343,23:00,0,25.9,24.6,87.4,84.9,2.2,11.1,21.3,19.71,96.34,0.17
105458,Priya,INST-9382,4:30,0,23.7,24.6,81.4,88.6,10.8,5.6,7.6,22.92,92.29,0
105459,Priya,INST-1636,16:30,472,33.9,29.2,11.4,55.5,4.4,0,12.3,21.33,96.98,1.1
105460,Kumar,INST-3585,11:45,351.7,25,22.2,74.2,26.2,13.2,17.2,0.4,18.99,92.71,0.79
105461,Arun,INST-8673,14:15,464.1,39.7,34.1,55.2,51.6,3.3,21.5,17.3,19.51,95.23,0.71
105462,John,INST-9971,14:15,843.2,38.4,32.1,5.1,73.1,2.2,0,1.8,19.03,92.13,1.58
105463,Akash,INST-5506,17:15,103.9,37.6,38.5,79.5,43.9,11.4,4.8,12.5,21.08,95.41,0.4
105464,Priya,INST-7688,14:30,731.1,46.5,41.9,20.3,60.6,6.9,0,10.5,22.1,95.18,1.64
105465,Divya,INST-6198,6:00,2.5,43.4,41.9,43.1,93,6.4,24.7,13.8,21.39,97.16,0
105466,Priya,INST-6414,14:30,670.6,34.2,28.9,24.9,69.7,11.3,0,16.8,18.1,93.92,1.12
105467,Arun,INST-1979,19:45,0,26.6,28.1,62.1,31.6,10.1,21.3,25.7,21.36,93.05,0
105468,Arun,INST-7864,17:45,130.6,29.7,29.9,62.4,62.6,8.4,14.7,11.6,20.66,97.5,0.45
105469,John,INST-9097,11:30,535.5,27.4,23.9,55.8,31.4,7.7,19.2,25.8,20.58,96.72,0.98
105470,Meena,INST-2207,14:45,489.6,33.2,29.7,53.3,41.2,7.5,6.5,25.6,18.92,94.61,0.84
105471,Akash,INST-3068,7:45,126.3,27.7,28,60.4,52.5,6.7,23.6,0.6,20.01,97.03,0.17
105472,Akash,INST-5102,13:30,399.5,24.4,19.6,71.9,86,4.3,15.3,11.4,19.36,98.73,0.69
105473,Kumar,INST-9354,18:45,0,37.3,35.6,61.8,85.4,4.2,10.2,1.8,22.16,98.36,0.13
105474,Meena,INST-3684,4:45,0,39.1,38,78.8,80.7,7.3,4.9,26.4,18.98,92.03,0
105475,Ravi,INST-2044,19:00,0,38.8,37.8,78,86.6,6,14.1,9.5,22.98,96.26,0.08
105476,Ravi,INST-3646,22:00,0,22.5,24.4,87.9,64.2,4.7,19.8,3.1,19.94,93.36,0
105477,Divya,INST-1031,9:15,551.7,28.2,23.7,28.7,23.5,6.1,0,23.9,20.51,93.05,0.93
105478,Divya,INST-6595,4:30,0,39,38.8,57.5,55.4,14,4.5,8,19.63,96.17,0
105479,Divya,INST-6520,4:30,0,20.2,20.4,44.3,77.3,9.1,23.8,3.6,20.15,96.98,0.15
105480,Meena,INST-3802,23:45,0,39.7,40.4,37.4,63.9,9.8,0,9.4,20.68,98.5,0
105481,Kumar,INST-8615,11:30,540.4,36.4,32.5,50.7,28.9,1,6.4,26.8,17.47,95.87,0.88
105482,Divya,INST-3747,12:00,741.4,29.9,25.4,31.6,57,8.9,0,26.1,21.95,94.68,1.53
105483,Meena,INST-9340,2:15,0,34,35.2,81.3,40.1,11.1,17.6,23.2,18.11,97.53,0
105484,John,INST-9118,1:45,0,25.6,25.1,48.1,57.1,7.4,1.5,28.5,20.2,95.4,0.09
105485,Akash,INST-1488,14:15,375.1,41.5,38.9,68.5,82.7,13.5,11.9,16.8,22.1,94.54,0.79
105486,Priya,INST-4032,17:15,103.5,37.6,38.2,68.2,79.6,6.8,23.7,4,20.83,94.03,0.38
105487,Akash,INST-6093,15:00,422.4,26.8,24.1,47.9,26.1,6.1,0.6,21.1,22.71,97.67,0.83
105488,Meena,INST-9730,15:30,250.9,21.6,21.4,80,23.5,14.4,19.5,17.8,20.99,96.69,0.42
105489,Akash,INST-1031,15:30,572,31.9,26.3,25.1,34,3.2,0,25.8,17.05,98.95,0.92
105490,John,INST-4154,9:45,643.2,37.9,31.9,12,31.8,1.6,0,9.9,20.44,96.05,1.23
105491,Akash,INST-2293,23:45,0,40.7,40.6,70.1,81.1,8.2,17.8,16.8,17.83,93.87,0.12
105492,Ravi,INST-5106,2:15,0,23.9,25.4,49.7,51.9,3.2,19,9.1,20.23,97.1,0.13
105493,John,INST-4137,1:30,0,37.4,36,39.8,51.5,4.4,0,25.8,17.23,94.17,0
105494,Akash,INST-2930,7:00,168.5,35.9,34.6,39.3,36.7,11.2,0,0.9,17.93,96.58,0.28
105495,Meena,INST-3614,15:15,315.6,21,18.7,65.2,45.3,13.1,22.6,2.2,17.48,92.87,0.36
105496,Arun,INST-3342,2:15,0,19.5,20.9,97.1,48.2,1.1,3.1,24.8,21.64,95.81,0.13
105497,Ravi,INST-1749,3:30,0,42.7,41,68.6,59.1,10.4,11.8,18.6,17.18,93.42,0
105498,Ravi,INST-7025,14:45,741.9,26,20.7,18.1,91,2.7,0,18.1,19.55,98.66,1.4
105499,John,INST-9351,9:45,673.9,25.1,19.3,7.2,31.2,3.3,0,15.1,21.58,93.35,1.24
105500,Arun,INST-2701,2:15,0,33.7,33.5,70.6,72,13.4,17.6,9.4,18.45,98.79,0.05
105501,Divya,INST-3712,21:00,0,34.6,35,40.7,82.8,8.1,13.7,1.6,18.69,92.5,0.19
105502,Arun,INST-6410,1:45,0,32.7,32.1,87.9,37.8,1,22,7.7,20.87,93.93,0.19
105503,Akash,INST-7913,6:00,18.1,40.6,38.4,27.9,20.5,11.1,0,29,21.85,94.54,0
105504,Akash,INST-6539,10:15,480.6,36.2,30.8,54.9,28.1,2,7.2,11.8,20.94,98.66,0.96
105505,Divya,INST-9825,17:00,173.6,29.4,29.8,45,62.1,3.6,4.2,29.9,18.08,93.02,0.3
105506,Ravi,INST-3262,3:30,0,23.4,22.7,94.4,59.5,13.1,11.4,21.1,17.65,93.65,0.15
105507,Arun,INST-6425,14:00,584.8,33.4,30.4,39.5,43,8.9,0,13.6,19.99,92.91,0.9
105508,Ravi,INST-8857,3:30,0,40.9,41.1,66.3,82.4,6.8,20.8,15.9,18.59,93.95,0
105509,Akash,INST-8637,13:15,871.3,42.8,34.9,10.7,73.4,14.1,0,18.5,21.73,93.3,1.7
105510,John,INST-9064,21:00,0,18.4,19,85.9,88.7,6.4,2.9,24.9,20.95,93.47,0.01
105511,Meena,INST-8051,16:00,183.9,36.2,33.1,71.4,83.6,9,19.4,7.9,21.05,96.34,0.55
105512,Meena,INST-1175,11:45,822.6,38.9,33.2,19,46.9,2.3,0,10.7,20.56,93.03,1.63
105513,Kumar,INST-8816,0:00,0,26.1,25.5,96,60.2,3.8,8.4,16.2,18.27,98.69,0.11
105514,Ravi,INST-5731,19:45,0,34.9,33.9,80.8,66.8,2.8,0.2,26.6,19.77,98.13,0.09
105515,Arun,INST-9278,14:30,822.4,31.5,23.6,4.9,80.4,10.3,0,26.9,21.16,92.98,1.53
105516,Meena,INST-9385,1:15,0,29.5,29,77.3,72.1,5.6,14.6,18.1,19.86,94.42,0.1
105517,Akash,INST-8166,9:00,462.8,44.4,41.2,41.8,47.7,1.4,13.4,16.9,20.92,93.61,0.96
105518,John,INST-6674,6:30,0,40.1,39.1,31.2,32.7,4.4,0,26.1,17.46,97,0
105519,Meena,INST-6683,19:45,0,35,35.9,78.9,32.8,14.3,6.2,8.3,18.48,94.14,0
105520,Arun,INST-9326,19:15,0,20.2,20.8,50.1,44.2,4.2,17.3,12.2,17.04,94.45,0
105521,Divya,INST-4164,18:45,0,30.9,29.5,72.7,49.6,9.4,16.6,14,17.02,95.14,0.19
105522,John,INST-2578,5:00,0,22.7,21.1,24,69,5.6,0,14.5,18.06,94.88,0.03
105523,Divya,INST-1451,18:00,0,39.4,39.7,88.7,72.5,1.6,23.5,6.5,17.82,93.44,0.04
105524,Priya,INST-4500,0:15,0,30.2,29.6,70.6,26.6,13.1,22.7,4.4,20.51,92.65,0
105525,Kumar,INST-7886,7:45,173.2,36.5,36.4,33.8,60.5,6,0,1.1,17.61,92.78,0.14
105526,John,INST-2269,12:30,276.6,33,28.9,89.1,84.9,8.1,6.4,18,17.8,96.43,0.41
105527,John,INST-9836,22:30,0,28.3,29.3,74.6,48.1,12.2,19.5,2.9,18.79,94.62,0
105528,Ravi,INST-7215,2:45,0,22.8,23.9,44.4,49.6,6.4,7.1,3.4,21.85,98.34,0
105529,Meena,INST-7268,9:45,619.9,48,41.9,13.9,43.7,10.8,0,25.7,19.21,94.74,1.11
105530,Arun,INST-4104,6:15,0,34.8,36.3,28.8,37.1,9.4,0,27.7,19.5,98.85,0
105531,Arun,INST-3296,16:30,477.2,25.6,20.1,3.1,66.1,7.5,0,1.4,19.35,92.61,0.68
105532,Arun,INST-6983,22:45,0,40.5,38.8,34.5,90.5,0.2,0,14.1,21.63,92.47,0.1
105533,Priya,INST-2539,3:00,0,37.9,39.2,82.2,68.1,6.9,13.6,9.1,19.2,98.73,0
105534,Kumar,INST-5582,11:45,713.9,38.1,32,31.9,75,11,0,27.8,18.07,92.41,0.97
105535,Arun,INST-5393,10:30,256.8,23,22.5,81.7,79.5,12.4,12.1,21.6,18.42,94.42,0.5
105536,Meena,INST-8440,20:30,0,39.8,38.9,25.8,33.3,14.6,0,24.7,19.97,96.5,0.15
105537,John,INST-9557,4:15,0,40,38.6,73.8,72.2,12.9,0.4,13.4,21.99,92.27,0.19
105538,Meena,INST-7863,7:15,147,21.3,19,52.3,46.1,9.4,24,19.3,18.73,93.43,0.1
105539,Kumar,INST-4081,1:45,0,20.7,21.9,86,61.2,3.7,19.3,1.2,20.44,98.49,0.02
105540,Akash,INST-5889,8:00,335.3,30.2,29.1,36.7,69.7,6.5,0,22.9,22.99,96.98,0.76
105541,Arun,INST-3661,5:30,0,22.5,23.9,67.1,80.9,9,2.4,18,17.47,98.21,0
105542,John,INST-2469,7:15,236.9,34.5,34.2,2.9,37.1,0.6,0,1.2,21.46,95.86,0.52
105543,Priya,INST-2764,8:30,195.8,39.5,37,71.1,30.3,8.6,6.8,28.2,21.42,92.86,0.49
105544,John,INST-7296,12:15,575.7,42.2,37.5,50.6,52.7,10.1,3,24.7,20.39,97.88,1.12
105545,John,INST-1081,9:00,668.2,45.8,41,6.5,28.4,14.4,0,26,22.05,94.47,1.07
105546,Divya,INST-4244,7:00,166.5,36.2,32.8,40,46.5,2.7,0,14,19.64,98.8,0.37
105547,Kumar,INST-3752,2:45,0,23.7,22.9,56.2,31.1,4.7,10.8,15.8,19.71,98.04,0
105548,Meena,INST-2064,12:30,751.1,24.1,19.5,32.1,91,8.1,0,21.6,19.64,93.53,1.35
105549,Meena,INST-1874,5:00,0,18.9,20.4,44.5,66.2,7.8,15,15.7,18.32,97.85,0
105550,John,INST-3166,16:15,418,37.8,35.7,17.7,71.1,13.6,0,3.6,22.88,98.67,0.82
105551,Arun,INST-6542,6:00,12.1,28,29.3,84.1,80.4,4.3,13.7,29.8,18.61,93.8,0
105552,Meena,INST-2663,6:45,5.3,29.2,30.9,78.3,45.3,11.9,13.2,1.4,19.81,93.26,0
105553,Arun,INST-5157,9:15,682.1,38.2,31.7,4.7,79.7,3,0,29.2,21.38,98.23,1.16
105554,Arun,INST-9486,5:15,0,35.1,36.8,39.5,51.2,1.6,0,28.4,21.86,93.2,0.06
105555,Meena,INST-7333,1:00,0,29.2,28.6,56.6,91.1,3.4,19.8,16.6,18.82,96.44,0
105556,Ravi,INST-3982,5:45,0,30.9,32.9,40.9,83.7,0.8,18.7,6.9,20.99,97.56,0.05
105557,Meena,INST-7031,7:45,115.7,43,40.9,58.6,54.7,13.6,11.4,1.3,18.34,97,0.14
105558,Divya,INST-3105,20:45,0,21.7,22.9,20.3,48.3,11.7,0,12.7,19.07,95.95,0.04
105559,Ravi,INST-7272,14:00,787.3,46.7,39.1,12.3,23.4,7.9,0,0.5,18.46,92.95,1.18
105560,Arun,INST-3099,18:45,19.7,19.1,20.5,32.2,63,10.9,0,9.4,18.63,92.59,0.22
105561,John,INST-2389,16:00,424.2,39.9,36.9,14.3,60.6,6,0,1.5,19.27,94.28,0.65
105562,Akash,INST-2171,6:00,0.8,30.4,30.3,84.2,82.1,7.5,11.8,2.2,17.18,96.07,0
105563,Kumar,INST-4252,20:15,0,40.7,40.2,20.8,94.5,5.5,0,14.4,17.52,96.23,0
105564,Arun,INST-6269,18:00,19.8,20,19.7,81.2,31.3,0.4,2.3,27.1,18.41,98.62,0
105565,Meena,INST-9789,1:15,0,23.5,23.5,94.6,64.7,11.6,11.3,20.5,20.84,96.32,0.1
105566,Priya,INST-6679,16:15,346.7,35.6,33.4,36.5,50.3,5.1,0,26.6,21.2,96.58,0.56
105567,John,INST-6080,7:15,153.2,42,38.8,48.4,34.2,11.3,19,4.4,18.29,98.86,0.32
105568,Priya,INST-2310,18:45,14.9,43.3,41.3,65.7,51.4,13.2,2.4,27.1,19.94,96.23,0
105569,Divya,INST-3866,1:45,0,39.7,39.1,59.7,35,4.2,12.8,2.4,18.04,98.71,0.04
105570,Meena,INST-5734,18:00,19.4,20.4,18.7,5.5,88.1,13.5,0,3,17.57,97.59,0
105571,John,INST-5749,12:15,837.4,37,28.7,17.9,79.6,5.1,0,17.3,21.21,97.56,1.68
105572,Ravi,INST-4293,7:15,97.3,32.8,30.7,69.9,85.1,13.3,19.1,12.3,21.46,97.96,0.1
105573,Ravi,INST-1931,10:00,642,27.1,23.3,29.4,37.7,0,0,18.3,18.84,95.99,1.15
105574,Priya,INST-4104,6:00,17.8,21.9,21.6,18.4,63.1,10.5,0,2.8,20.97,93.14,0
105575,Arun,INST-7058,12:30,991.6,42.3,34.9,1.4,72.5,4.4,0,26.3,22.57,94.52,1.81
105576,Ravi,INST-4507,6:45,0,24.4,23.9,76.6,55.9,3.7,11.7,14.4,19.51,96.45,0
105577,Kumar,INST-4231,4:45,0,37.3,38.6,24.4,68.6,1.8,0,2.7,17.72,97.48,0.09
105578,John,INST-4493,15:45,283.6,42,40.5,68.6,34.2,6.9,3.3,29.9,20.9,95.16,0.51
105579,Divya,INST-3665,15:45,368.9,34.5,29.5,54.7,69.3,4.3,1.4,21.7,21.85,93.77,0.56
105580,Divya,INST-6170,21:00,0,37.3,37.4,73.7,58.2,4.6,24.6,11,17.27,95.91,0
105581,Divya,INST-8286,2:00,0,40.3,39.1,65.7,39.5,7.4,24.5,10.2,18.3,92.55,0
105582,Divya,INST-8871,1:45,0,39,38.6,79.6,74.3,5.3,8.4,8.6,18.48,98.49,0.02
105583,Arun,INST-8122,4:30,0,23.4,23.8,56.3,50.8,6.1,16.9,0.2,20.34,96.35,0
105584,John,INST-7004,10:30,607.9,26.7,20.7,33.4,77.6,4.8,0,17.5,20.09,98.91,1.17
105585,Arun,INST-2529,11:45,970.6,40.6,33.3,1.4,87.5,10.6,0,10.6,19.42,93.29,1.86
105586,Meena,INST-6267,8:30,413.9,41.4,36.1,19.8,63.7,7.2,0,29.5,21.73,95.39,0.54
105587,Divya,INST-8039,17:15,177.6,44.1,40.6,46.2,83,1.5,14.5,3.6,19.19,96.92,0.28
105588,Arun,INST-5953,17:00,171.5,25.5,23.2,35.8,86.7,1.3,0,27.5,20.15,92.99,0.24
105589,John,INST-8672,15:00,390.7,41,38,51.7,54.2,6.3,11.4,5.2,20.78,92.17,0.62
105590,Priya,INST-4865,19:00,0,16.9,18.5,32.9,77.6,4.2,0,0.9,21.94,95.03,0
105591,John,INST-6051,0:00,0,22,23.5,69.4,29.7,6.9,7.6,24.4,18.35,94.46,0.16
105592,Akash,INST-1323,10:00,513.7,42.7,40.3,50.5,54.9,9,17,8.6,18.2,98.32,1.05
105593,Meena,INST-7268,8:15,425.7,42.2,38.5,13,89.9,6.7,0,11.1,20.61,96.92,0.99
105594,Priya,INST-1067,16:00,201.7,43.3,41.3,75.5,88,8.7,16,10.6,22.94,95.64,0.43
105595,Arun,INST-7110,16:00,177.5,21.5,19.4,80,69.1,14.3,4.1,24.2,20.04,92.86,0.12
105596,Priya,INST-8041,16:30,505.9,30.4,26.4,3.3,34.2,1.6,0,5.2,19.04,94.3,0.74
105597,Divya,INST-5340,20:15,0,27.7,27.9,61.6,68.3,13.1,4.3,29.3,22.08,96.94,0.02
105598,Divya,INST-9689,23:00,0,42.1,40.7,63.8,54.5,7.5,14.6,14.7,22.44,94.4,0.17
105599,Priya,INST-9098,14:30,451.4,27.8,23.5,57.7,57.3,10.7,14.8,24.4,20.37,97.57,0.66
105600,Priya,INST-3714,9:00,391.5,41.5,38.1,55,75.7,5.8,20.7,0.2,18.51,94.79,0.7
105601,Meena,INST-9087,0:30,0,29.3,30.4,29.3,51.8,1.9,0,2.2,22.01,98.12,0
105602,Priya,INST-8142,7:30,191.5,38.5,36.2,35.8,60.9,6.7,0,20.6,20.13,92.17,0.33
105603,Akash,INST-4879,17:00,207.9,32.3,29.5,15,70.4,8.8,0,4.6,19.31,92.98,0.53
105604,John,INST-9335,7:45,89.2,20.8,19.3,71,84.9,9.4,1.2,29.2,18.27,98.55,0
105605,Meena,INST-8385,7:00,257.6,32,27.9,0.1,30,7.8,0,9,18.15,96.6,0.26
105606,John,INST-7073,0:45,0,22.8,23.6,44.8,94.7,12.6,18,9.8,20.53,93.07,0
105607,Priya,INST-4693,16:30,292.3,45,41,54,79.9,6.3,22.4,8.6,22.29,92.09,0.58
105608,Meena,INST-3245,4:15,0,30.1,29.5,44.1,86.8,2.1,10.3,5,20.91,95.55,0
105609,Meena,INST-6390,2:00,0,26.2,24.6,96.3,22.4,7.8,23.6,26.2,21.51,92.37,0.1
105610,Ravi,INST-7396,15:30,476.9,24.7,20.3,42,91.4,2.3,20.7,29.5,17.4,92.76,0.63
105611,Arun,INST-9555,5:00,0,26.5,26.9,78.8,28.7,8.9,14.6,0.2,21.21,93.62,0.2
105612,Divya,INST-1157,23:45,0,35.6,37.4,79.6,42.4,2.1,2.4,25.6,22.58,94.3,0
105613,Arun,INST-2644,19:45,0,39.4,40,75.5,38.8,10.1,11,16.2,19.18,98.34,0.04
105614,John,INST-5459,14:15,417.5,26.5,21.2,59.9,84.3,0.3,24.7,18.8,19.17,98.15,0.51
105615,Ravi,INST-8842,1:00,0,22.5,23.1,69.3,91,4.5,2.1,6.4,18.66,92.84,0
105616,Kumar,INST-7363,3:15,0,23.5,25.4,77.7,51.9,14.4,3.1,5.6,20.89,95.69,0
105617,Priya,INST-9042,13:00,864,43.1,37.9,14.8,71.6,3.5,0,24.4,18.94,94.96,1.56
105618,Divya,INST-7128,10:15,476.8,22.9,19.4,51.7,79.5,15,10.6,26.5,19.88,92.29,0.64
105619,Kumar,INST-9895,14:15,299,24.3,22.6,75.8,78.1,0.7,21.2,1.4,19.69,94.01,0.35
105620,Priya,INST-7153,1:45,0,19.8,21.4,22.1,34,3.9,0,6.7,19.7,94.16,0.03
105621,Meena,INST-7876,16:45,136,41.6,38.7,84.2,39.1,0.6,3.5,29.5,19.6,98.87,0.27
105622,Divya,INST-9478,18:45,0,37.9,38.5,47.4,69.6,0.5,12.1,15.3,18.38,92.06,0
105623,Meena,INST-3809,6:15,3.8,34.3,32.5,53.4,58.7,13.2,3.5,29.1,21.1,95.36,0
105624,Ravi,INST-3259,17:45,226,34.5,31.2,22.9,63.9,10.5,0,16.2,18.12,97.39,0.48
105625,Priya,INST-8516,18:00,0,34,33.1,12.4,84.6,3,0,3.2,22.32,94.1,0
105626,John,INST-7383,17:30,136.3,36.1,35.8,56.6,86.2,4.6,25,19.8,22.88,96.27,0.11
105627,Akash,INST-2900,20:45,0,35.8,36.5,33.5,63.3,6.9,0,4.4,18.16,92.44,0
105628,Kumar,INST-7151,3:30,0,24.2,25,96.1,87.9,8,22.7,14.8,20.88,92.66,0
105629,Meena,INST-8866,7:00,59.8,38.3,39.5,86.9,20.9,12.9,9.7,17.5,20.78,92.24,0.04
105630,Ravi,INST-2251,8:15,315.7,45.3,41.3,42.9,50.3,5.5,1.4,25.1,19.99,92.2,0.6
105631,Kumar,INST-7731,7:15,70.3,41,39.9,89.2,75.6,10.5,21.9,13.9,19.23,94.97,0.08
105632,Priya,INST-5777,18:15,0,19.5,19.9,30.7,55.9,3.2,0,14.8,17.68,93.94,0.19
105633,Divya,INST-2769,2:30,0,39.2,41.1,51.1,62.2,0.7,16.9,26.3,19.61,92.59,0
105634,Priya,INST-3108,18:45,0,27.2,27.1,85,44.2,11.1,2,21.8,22.09,93.98,0.16
105635,Priya,INST-2278,18:15,0,34.4,36.2,35.3,22.9,6.5,0,19.6,22.83,96.53,0
105636,Kumar,INST-1071,0:30,0,25.4,25.3,50.9,61.5,14.2,9,17.5,20.98,98.51,0
105637,Akash,INST-2323,8:00,242.2,36.7,33,62.4,29.5,2.6,0.7,22.3,17.08,96.93,0.43
105638,Kumar,INST-8039,6:45,0,27.3,27,30.4,46.5,3.9,0,0.9,22.59,94.29,0.13
105639,Arun,INST-3668,14:30,866.9,34,24.9,0.7,79.7,13.4,0,13.5,17.67,94.92,1.21
105640,Meena,INST-9927,9:00,503.9,36.6,30.6,36.5,42.3,0.9,0,8.4,17.68,95.68,0.98
105641,Ravi,INST-6677,5:30,0,24,23.3,87.4,65.4,11.1,23.7,10.1,18.29,95.63,0
105642,Arun,INST-5264,8:00,510.1,46.1,40.4,0.8,39.2,2.4,0,29,21.83,93.38,1.08
105643,Arun,INST-4454,21:00,0,39.2,39.2,57.7,41.6,10.6,8.8,8,20.98,96.46,0
105644,Divya,INST-5750,18:00,5.7,38.5,39.7,13.2,69.5,8.7,0,18.8,20.25,92.41,0.17
105645,Akash,INST-8267,9:45,277.2,25.7,24,73.7,48.2,12,15.3,15.3,18.54,95.46,0.62
105646,Priya,INST-9392,19:45,0,38.9,37.4,79.1,81.1,7.5,20.9,10,19.74,98.26,0
105647,Akash,INST-8120,13:30,725.2,37,31.5,28.7,36.7,3.7,0,12.8,22.12,97.72,1.45
105648,Ravi,INST-5148,1:00,0,26.4,26.9,24.2,81.7,6.5,0,6,18.12,97.56,0
105649,Divya,INST-7310,2:15,0,41.4,41.3,81.5,40.4,4.7,9.2,19.5,19.52,98.38,0.16
105650,Akash,INST-1379,22:45,0,43,41.3,58.4,57.1,14.8,5,11.2,22.1,97.49,0
105651,Kumar,INST-5429,5:30,0,25.7,26.4,94.2,77.5,2.3,1.2,12.8,19.45,93.08,0
105652,Akash,INST-6299,11:15,582.3,43.2,36.4,47.7,86.9,10.6,14.5,24.4,22.68,94.76,1.07
105653,Divya,INST-3041,10:45,417.7,22.9,18.4,60.4,86.7,5.5,3.5,23.9,22.54,95.21,0.85
105654,Akash,INST-7237,17:00,120.5,38.8,36,69.6,21.4,6.7,19.3,26.4,18.43,92.97,0.15
105655,Meena,INST-2153,4:30,0,26.6,26.2,45,30.4,5.6,3.3,7.9,20.77,93.27,0.08
105656,Priya,INST-1991,12:30,854.9,41.6,33,18.9,54.3,8.7,0,7.7,19.73,98.98,1.52
105657,Arun,INST-1719,11:00,813.3,30.4,22.2,19.3,48.3,11.3,0,20.1,22.42,92.74,1.62
105658,Akash,INST-8853,22:45,0,18.3,18.7,26.6,83.2,11.4,0,8.3,20.61,98.44,0.08
105659,Ravi,INST-3091,17:15,160.2,42.6,41.1,53.1,73.4,7.9,20,20.2,19.83,95.6,0.43
105660,Ravi,INST-4206,0:00,0,20.7,20.3,44.9,88.6,12.1,16.9,3.1,22.34,94.9,0.18
105661,Priya,INST-7362,2:15,0,39.6,41.2,58.5,70.9,12.9,3,0.7,19.66,97.93,0
105662,Arun,INST-9081,16:30,347.1,32.3,28.6,33.1,20.2,13.4,0,21.1,21.02,96.89,0.51
105663,Divya,INST-8608,17:30,257.5,29.8,27.3,9.8,71.1,10.3,0,0.7,19.6,94.08,0.44
105664,Meena,INST-7581,14:15,367.8,28,25.3,67.6,68.8,10.4,12.8,2.9,19.95,92.59,0.81
105665,Arun,INST-1990,6:45,0,40.5,40.4,48.1,71.4,6.8,11.8,13.7,20.43,95.69,0
105666,John,INST-9754,15:45,309.2,27.4,24.5,67.9,53.4,9.4,13.3,23,17.4,98.59,0.3
105667,Divya,INST-8684,6:00,13.5,38.5,37.1,29.7,26.5,9.1,0,0,22.02,98.95,0.09
105668,Arun,INST-2720,22:30,0,33.1,34.3,75.6,93.8,10.5,8.5,20.4,21.8,94.37,0.01
105669,Priya,INST-4173,0:00,0,34.2,32.9,79.8,27.6,1.8,22.9,9.8,20.99,95.13,0.12
105670,Kumar,INST-5736,7:00,100.1,29.3,29.3,76,49.6,7.3,3.2,17.8,20.29,92.72,0.06
105671,Divya,INST-7398,16:45,312.3,40.5,36.8,46.1,34.7,7.4,7.7,19.2,21.15,93.48,0.66
105672,Meena,INST-3075,6:30,0,40.3,41.9,71.6,69.8,10.3,12.8,16.9,22.6,93.34,0.13
105673,Akash,INST-2228,6:00,0,30.2,29.9,47.9,83.2,5.3,5.3,29.3,22.78,97.38,0
105674,Arun,INST-2954,16:45,466.7,30.4,25,9.6,82.8,11.8,0,24.5,21.96,93.86,0.74
105675,Divya,INST-5751,3:15,0,21.8,20.9,49.1,34.2,13.7,10.2,18,22.53,97.04,0
105676,Kumar,INST-8255,1:00,0,43.4,41.4,30.5,89.3,12.6,0,25.1,17.29,93.57,0
105677,Kumar,INST-4614,2:00,0,42.9,41.3,32.6,55.1,3.8,0,7.7,18.04,97.74,0.05
105678,Akash,INST-7760,12:15,501,33.2,30.2,58.9,52.7,3.3,12.8,22.2,17.53,92.26,0.92
105679,Akash,INST-8929,3:15,0,34.8,34.6,70.6,61.6,3.8,24.3,6.7,20.37,97.33,0
105680,John,INST-6835,21:30,0,30.8,31,76.1,67.4,5.4,13.7,20.1,17.59,94.78,0
105681,Divya,INST-2584,0:15,0,30.2,28.4,78.3,31.1,1.9,16.2,10.4,17.36,93.88,0
105682,Meena,INST-6634,12:15,906.7,40.9,34.7,12.7,85,10.7,0,15,19.19,98.68,1.44
105683,Priya,INST-3331,21:30,0,38,38,24.8,38.8,11.8,0,24,22.42,96.33,0.1
105684,Divya,INST-4847,2:15,0,32.5,33.9,36.2,94.5,15,0,12.4,22.88,95.87,0.04
105685,Kumar,INST-5164,16:15,337.8,42,39.7,37.4,72.6,5.2,0,14.1,17.48,97.03,0.6
105686,Arun,INST-8728,16:30,432.8,41.1,35.6,19.1,73.3,7,0,21.7,19.03,97.66,0.6
105687,Akash,INST-5370,3:30,0,29.9,30.8,68.1,20.3,8.4,19.4,0.5,20.95,96.08,0.15
105688,Arun,INST-2356,0:45,0,32.6,33.7,65.4,48.2,9.1,24.6,0.1,17.57,98.76,0.04
105689,Kumar,INST-4024,23:15,0,33.5,34.9,28.3,46.1,2.7,0,26.6,22.5,92.91,0.03
105690,Priya,INST-4547,10:15,496.9,33.1,30.5,49.8,75.1,4.8,17.6,29.9,22.93,95.93,0.9
105691,Akash,INST-4286,23:00,0,24.7,23.5,32.8,63.3,13.7,0,20.3,19.38,92.4,0
105692,John,INST-7448,16:15,351.1,29.4,25.3,32.3,68.3,0.8,0,12.6,17.95,98.51,0.7
105693,Kumar,INST-4300,10:45,820.5,26.6,20.4,4.2,62.3,9,0,26.4,17.32,97.84,1.15
105694,Priya,INST-6742,4:45,0,19.4,18.8,99.7,72.2,4.1,18.2,4.3,20.57,97.39,0.06
105695,Divya,INST-7842,8:15,408.8,30.6,25.6,23.9,51,1.3,0,4.5,22.02,97.78,0.84
105696,Arun,INST-3713,3:15,0,26.4,26.3,74.9,21.9,7.5,2.4,3.8,21.42,98.1,0
105697,Meena,INST-4684,20:45,0,21.6,20.5,94.4,26.3,11.9,5.4,13.9,22.44,96.19,0
105698,Priya,INST-5347,22:00,0,36.8,36.3,32.4,34.8,11.1,0,22.4,19.79,95.18,0.1
105699,Priya,INST-3084,9:00,559.9,28.9,22.5,25.2,91.5,12.6,0,15.5,18.44,94.44,0.99
105700,Priya,INST-2327,11:15,601.8,30.7,24.1,42.8,75.6,5.4,13,16.9,18.05,94.02,0.9
105701,Kumar,INST-4501,5:00,0,31.8,32.8,26,22.5,13.1,0,2.1,22.22,96.6,0
105702,Akash,INST-4648,20:00,0,30.2,32.2,77.1,71.1,1.6,21.3,19.1,19.75,95.04,0
105703,Meena,INST-6664,13:45,875,44.4,38.9,9.9,52.7,14.6,0,28,22.93,98.97,1.57
105704,Priya,INST-3092,0:45,0,21.8,22.1,52.3,87.9,8.8,23.9,29.1,20.74,95.59,0.17
105705,Akash,INST-5868,22:45,0,20.7,21,41.7,22.1,8.9,12.6,6.6,22.02,93.15,0
105706,Kumar,INST-2047,15:45,433.4,40.4,35.8,44.6,68.1,13,5.9,9.5,21.78,94.76,0.69
105707,Meena,INST-6601,15:30,418.7,22.1,19.1,50,69.1,5.7,1.3,25.5,20.91,95.88,0.67
105708,Ravi,INST-8925,11:45,280.2,34.1,30.8,84.8,37,8,6.7,23.1,22.87,96.64,0.38
105709,Divya,INST-6700,17:00,67.8,39.5,39.5,84.4,70,0.8,7.9,21,22.34,96.76,0
105710,Meena,INST-6294,11:45,258.5,35.9,32.2,85.8,34.5,10,8.6,27.8,20.96,95.2,0.43
105711,Ravi,INST-3460,6:45,16,40.9,39.1,32.7,66.5,0.6,0,7.5,18.67,96.46,0.16
105712,Arun,INST-5980,23:00,0,35.1,35.1,54.1,63.2,4.1,19.9,18.6,21.69,95.85,0.03
105713,Ravi,INST-5351,16:15,208.5,21,20.7,72.3,77,1,2.7,24.8,18.79,98.31,0.15
105714,Akash,INST-2715,17:45,143.5,26.8,24.1,52.1,82.4,0.3,17.6,22,21.93,95.68,0.14
105715,Divya,INST-3164,20:15,0,39.4,39.3,33.1,35.4,0.3,0,23.5,21.28,98.76,0
105716,Arun,INST-3972,22:15,0,36.8,36.1,78.2,60.5,13,19.7,29.4,21.47,95.58,0.12
105717,Meena,INST-4677,5:45,0,27.3,29.2,59.7,47.9,12.1,22.9,27.7,22.52,92.64,0.01
105718,Akash,INST-3340,9:45,487.6,37.1,35,38.5,85.3,12.8,0,8,20.57,95.36,1.09
105719,John,INST-5766,10:00,835.6,33.8,26.6,4.9,45.5,5.2,0,10,22.05,92.95,1.5
105720,Priya,INST-8461,18:00,19,40,41.8,24.7,82.2,9.7,0,7.7,21.3,97.05,0
105721,Priya,INST-9163,0:15,0,28,29.3,68,89.3,0.8,24.7,4,18.55,98.25,0.07
105722,Akash,INST-8693,5:45,0,20.7,21.4,27,35.8,9.3,0,3,19.71,98.25,0
105723,Ravi,INST-7448,2:15,0,28.2,27.9,99.3,40.6,5.7,23.1,10.9,19.79,93.51,0
105724,John,INST-3196,21:15,0,21.7,21.5,99.7,31.6,6.1,13.8,13,21.93,97.02,0.14
105725,Divya,INST-7670,22:15,0,26.4,24.6,62.2,68.4,9.6,7.9,18.4,18.19,98.36,0.1
105726,Priya,INST-9717,2:30,0,28.2,30.2,99.3,57.6,3.8,17.1,24.1,20.54,93.93,0
105727,Akash,INST-3649,15:15,404,34.2,31.2,48.9,44,12.8,3.7,3.4,22.96,98.01,0.92
105728,Kumar,INST-4679,15:30,360.1,41.2,38.5,59.8,26.2,3.1,20.6,28.7,21.47,94.6,0.61
105729,Akash,INST-9390,17:15,206.7,36.6,34.4,26.2,92.1,9.4,0,3.5,18.02,93.14,0.27
105730,John,INST-8431,0:15,0,32.5,31.2,40.5,65.6,2.9,19.7,2.6,21.81,94.8,0
105731,Arun,INST-9262,5:00,0,37.2,36.7,56.4,46.9,9.7,24.2,11.9,18.29,96.01,0.1
105732,Priya,INST-3291,3:45,0,30.2,29.2,25.4,89.2,0.5,0,2.2,17.82,93.29,0
105733,Arun,INST-3183,22:00,0,24.8,25.3,66.4,56.9,0.3,12.2,0.9,22.15,98.15,0
105734,Priya,INST-3196,21:15,0,18.9,20.6,40.2,50,3.1,22.2,18.9,21.14,96.99,0
105735,Akash,INST-9177,13:00,294.3,37.2,36.4,85.9,27.3,11.7,9.5,21.8,19.27,93.48,0.3
105736,Ravi,INST-9913,6:45,0,25.9,26.1,78.3,75.6,7.2,2.4,1.4,18.62,94.51,0.19
105737,Divya,INST-5147,23:30,0,38,38.9,31,59.3,13,0,23.8,18.43,92.02,0.09
105738,Ravi,INST-9021,3:15,0,26.8,25.6,53.4,63.5,9.4,24,1.7,19.59,95.68,0
105739,Meena,INST-5252,19:45,0,34.1,34.9,89.6,90.1,0,21.3,18.1,20.95,93.1,0
105740,Meena,INST-6489,10:00,819.3,42.5,35.1,4.6,47.9,12.7,0,5,21.07,96.22,1.69
105741,Arun,INST-2850,9:45,491.7,37.1,32.9,34.2,93.4,2.8,0,8.4,20.34,93.38,0.73
105742,Ravi,INST-9392,9:45,203,32.1,31.7,85.2,92.6,4.7,14.7,15.4,20.76,96.69,0.43
105743,Meena,INST-9908,20:15,0,30.8,30.4,63.7,48.8,13.4,3.8,13.2,20.1,98.62,0.12
105744,Priya,INST-6094,13:15,307.7,33.7,30.9,83,21.1,9.6,14.8,13.1,18.43,96.14,0.38
105745,Arun,INST-9597,2:00,0,23,22.1,62.2,59.9,10.5,19.2,2.8,20.03,96.98,0.09
105746,Akash,INST-6492,1:15,0,28.4,27.3,89.1,48.4,9.8,16.3,24,19.04,95.88,0
105747,Arun,INST-4295,16:00,365.9,32.3,27.7,27.6,38.2,11.3,0,4.1,19.2,92.77,0.61
105748,Arun,INST-3463,6:45,3.3,31.4,32,64,24.4,5.4,6.4,20.8,22.38,94.47,0.09
105749,Arun,INST-5146,20:45,0,40.7,40.1,97.2,32,0.2,17.1,10.3,20.39,93.18,0
105750,Meena,INST-2960,7:00,140.5,37.2,34.2,57.9,31.4,12.3,11.8,28.4,20.39,92.62,0.39
105751,Ravi,INST-3981,21:15,0,30.3,30.2,54.9,41.6,6,18.2,7.4,22.57,94.31,0
105752,Akash,INST-8030,13:30,773.2,34.5,29.6,25.5,77.7,12.4,0,28.5,17.16,95.29,0.93
105753,Kumar,INST-3717,14:15,291.1,30.2,28.2,78.7,67.3,6.9,5.3,22.1,21.56,97.14,0.55
105754,John,INST-6716,12:30,738.4,25.3,20.3,29.2,20.2,7.3,0,24.1,18.22,95.28,1.3
105755,John,INST-1662,5:00,0,20.6,20.7,90,85,7.4,2.9,2.7,17.59,93.77,0
105756,Arun,INST-9808,4:00,0,32.5,32.7,74,87.8,5.3,20.5,10.1,21.53,94.54,0.04
105757,Arun,INST-9016,13:45,813.5,27.6,19,21.4,62.6,12.3,0,16.5,22.63,97.62,1.75
105758,Priya,INST-2318,12:00,282.8,30.9,27,87.2,77.8,1.7,7.3,8.3,18.06,98.76,0.34
105759,Priya,INST-9360,22:15,0,21.4,22.2,35,86.6,11.8,0,29.8,22.82,95.5,0
105760,Arun,INST-2328,11:30,689.1,27.7,20.1,36.8,89.7,1.1,0,7.8,22.07,97.97,1.28
105761,Priya,INST-6771,9:30,233.9,24.8,22.5,82.1,24.9,8.9,12.2,16.4,17.4,93.09,0.25
105762,Kumar,INST-9023,23:15,0,30.8,32.4,53,83.4,9.9,23.7,26.7,18.12,98.57,0
105763,Meena,INST-4503,15:30,302.9,27.5,26.7,71.2,59.3,11.3,11.5,19.2,17.88,93.37,0.33
105764,Kumar,INST-1064,19:00,0,27.3,29.2,43.9,62,0.6,2,10.9,18.37,96.45,0
105765,Ravi,INST-6402,12:45,468.7,29.3,23.6,65.1,94.4,0.5,9.6,3.8,19.47,95.3,0.79
105766,Meena,INST-4326,9:15,535.2,29.2,26.1,28.2,51.8,1.2,0,7.3,18.65,94.2,0.9
105767,John,INST-1113,9:30,386.9,21.4,20,52,58.4,2.9,14.2,15.9,22.91,96.78,0.95
105768,Ravi,INST-5306,2:45,0,29.2,29,49.2,47.3,6.5,18.6,29.3,22.77,95.83,0.09
105769,Priya,INST-3294,10:15,486.7,32.1,26.2,55.1,34,13,2.8,10.7,21.55,97.6,0.85
105770,Akash,INST-1471,9:00,324.8,27,24.9,62.4,81.7,15,12.1,2.5,22.65,95.99,0.88
105771,Meena,INST-3152,16:15,202.4,24.1,23.5,67.4,64.6,0.2,24.5,1,18.04,92.88,0.31
105772,Meena,INST-4287,8:30,197.8,28.1,26.5,74.2,43.2,12.7,16.6,19.2,19.42,93.46,0.49
105773,Arun,INST-6267,22:00,0,33.7,34.6,38,49.7,7.2,0,27.2,17.75,96.4,0.1
105774,Kumar,INST-3061,4:45,0,18.3,19.9,49.5,25.9,7.3,20.6,22.5,21.13,98.9,0
105775,John,INST-3480,12:30,569,42.9,38.9,52.2,48.4,2.6,1.7,26.8,17.59,98.33,0.68
105776,John,INST-4052,7:00,116.9,33.2,31.4,66.9,78.2,6.8,21.1,26.9,21.6,92.42,0.26
105777,Kumar,INST-5966,12:15,314.4,39.5,37.1,84.3,66,2.7,10.1,14.7,20.79,97.8,0.56
105778,Kumar,INST-8135,18:45,8.9,32.3,31.2,54.7,21.3,13.3,18.3,10,20.23,95.72,0
105779,Priya,INST-8761,9:00,645,28.8,23.9,13.9,40.1,0.4,0,10.5,21.17,92.41,1.22
105780,Priya,INST-1257,5:00,0,28.4,26.4,70.4,44,3.7,1.8,20.5,17.05,94.15,0
105781,Divya,INST-6808,20:30,0,35.4,34.6,69.4,49.7,3.9,8.8,26.8,18,92.47,0.01
105782,Ravi,INST-9960,22:30,0,27.4,26.1,91.1,59.1,3.5,13.6,1.9,18.33,96.15,0.2
105783,Ravi,INST-7443,21:00,0,36.4,34.9,93.9,93.4,14.6,14.6,9.3,22.49,94.28,0.16
105784,Divya,INST-7791,2:00,0,37.5,38.8,33.9,56.2,3.2,0,2.4,20.15,93.86,0.16
105785,Kumar,INST-6312,23:00,0,31.8,30.3,83.4,78.6,12.2,19.4,8.8,19.1,96.2,0
105786,Kumar,INST-2344,17:30,163.1,33.1,32.8,53.2,54.9,13.7,12.2,9.6,22.66,95.11,0.14
105787,Kumar,INST-7121,11:45,920.1,24.9,19,6.1,37.6,4.6,0,21.3,20.29,97.95,1.62
105788,Arun,INST-7171,5:30,0,28.4,29.8,71.4,62.6,13.9,12.5,28,20.08,97.7,0.02
105789,John,INST-6294,11:15,462.5,31.6,28.7,64.3,31.5,14.2,15.2,28.7,21.28,96.19,0.78
105790,Meena,INST-3553,17:00,143.3,38,35.4,45,25.2,7.9,8.5,9.5,21.25,96.97,0.14
105791,Divya,INST-4375,11:45,855.6,39,32.2,12.9,93.6,2.9,0,18.4,22.35,95.24,1.48
105792,Divya,INST-4755,16:15,246.8,24,20.2,56.9,84.3,12.1,2.3,0.6,20.36,92.22,0.3
105793,Ravi,INST-6931,20:15,0,22.6,22.6,21.2,69.5,4.1,0,8.8,17.19,97.99,0.19
105794,Ravi,INST-3921,2:45,0,26.9,28.7,86.7,41.2,4.5,3.3,19.7,22.76,95.32,0.06
105795,Kumar,INST-2076,3:45,0,32.5,31.5,34.4,81.8,4.9,0,17.4,20.21,96.93,0
105796,Divya,INST-1129,8:30,280.2,33,30.6,53.8,94.8,2.3,23.5,24,17.63,97.95,0.4
105797,Divya,INST-2204,23:45,0,28.7,28.7,62.3,45.8,14.3,20.9,21.8,17.51,94.06,0.12
105798,Akash,INST-3736,18:45,2.9,23.9,24,59,65.8,6.1,2.9,24,21.63,92,0.09
105799,Divya,INST-8041,20:15,0,19.6,18.4,92.3,28.3,11.7,15.7,10.8,18.35,92.07,0
105800,Kumar,INST-2348,18:00,6.5,34.8,35.5,18.1,90.8,7.3,0,12.3,19.94,94.63,0
105801,John,INST-3389,1:45,0,36.7,37.3,50.2,81.6,6.6,12.4,3.4,20.08,92.44,0
105802,Arun,INST-2173,0:15,0,30.3,32.1,73.8,93.3,1.4,11.8,24.4,18.84,94.66,0
105803,Kumar,INST-6326,6:30,0,18.4,18.3,46.1,61.6,8.4,16.3,20.8,22.81,97.12,0.07
105804,Meena,INST-3290,8:45,421.9,43.7,42,16.6,25,7.2,0,23.6,17.35,94.32,0.76
105805,Kumar,INST-7994,23:45,0,33.6,32.2,81.9,21.3,9,4.5,29,22.66,97.96,0
105806,Akash,INST-6970,16:15,169.4,29.9,29.3,78,27.9,5.5,24.6,23.7,18.02,93.34,0.17
105807,Ravi,INST-6465,17:00,244.1,24.3,21.3,8.5,28.1,7.4,0,13.2,18.45,93.28,0.33
105808,Priya,INST-3431,11:15,450.7,36.5,31.1,64.2,71.4,12.1,5,3.4,18.61,94.61,0.88
105809,Kumar,INST-3327,22:00,0,33.1,33.1,81.4,24.6,11.9,15,25.2,18.66,95.02,0
105810,Akash,INST-1474,19:30,0,32.3,33.3,79.8,47.4,3.8,13.9,1.6,18.18,95.05,0.09
105811,Meena,INST-7129,2:15,0,23,21.2,62.9,59.6,0.9,9.7,14.8,21.22,95.99,0
105812,Ravi,INST-8335,17:15,187.3,41.3,41.2,27.5,50.2,11,0,25.6,22.51,92.44,0.52
105813,Meena,INST-4900,12:45,424.4,24.3,21.6,71.1,48.9,11.5,5.2,15.5,18.39,94,0.65
105814,Akash,INST-2085,3:45,0,32.4,33,42.9,59.4,6.6,11.5,15.7,22.83,96.16,0.05
105815,John,INST-5642,6:15,0,25.3,24.6,7.9,48.5,8.3,0,0.6,20.7,96.76,0
105816,Arun,INST-5648,3:30,0,19.9,19.7,93,27.9,0.8,22.6,9.4,19.96,95.75,0
105817,Divya,INST-4519,22:15,0,42.5,40.9,46.1,77.6,6.5,18.1,20.4,22,96.69,0.11
105818,Divya,INST-9665,3:30,0,27.3,27.3,53.3,55.2,4.5,13.2,16.5,18.84,95.86,0.14
105819,Divya,INST-9531,22:45,0,35.4,36.6,76.5,24.8,2.3,6.7,11,22.39,98.01,0.17
105820,Ravi,INST-3222,8:00,156.8,31,27.8,86.2,32.3,9,9.5,16,19.6,94.12,0.07
105821,Divya,INST-5375,17:00,88.5,20.4,20.8,82.7,71.2,14,12.1,26.4,22.4,98.45,0.03
105822,Ravi,INST-7983,20:45,0,19.8,20.1,76.3,77.3,7.2,21.2,28.8,21.59,92.93,0
105823,Priya,INST-5074,23:15,0,41.2,40.3,29.8,84,15,0,5.4,20.07,98.08,0.09
105824,Akash,INST-4198,5:15,0,42.9,41,92.7,93.4,10,24,1.4,22.69,95.23,0.02
105825,John,INST-8911,18:30,11.1,24.7,24.4,5.8,59.2,8.5,0,1.5,21.43,93.65,0
105826,Akash,INST-7791,14:00,795.3,42.1,34.7,9.9,60.8,10.6,0,14,19.28,92.96,1.19
105827,John,INST-8432,21:00,0,38.9,39.5,28.2,50.7,6,0,5.6,17.16,97.72,0.15
105828,Kumar,INST-6291,9:30,447.9,44.8,41,42.8,30.3,4.9,23.1,4.7,21.02,95.39,1.05
105829,Meena,INST-6132,2:45,0,29.2,29.2,62.6,21.2,12.1,6.8,8.4,19.58,98.57,0.2
105830,Ravi,INST-4665,11:45,645.7,24.8,19.8,39.4,85.9,4.8,0,14.8,18.86,93.14,0.92
105831,Kumar,INST-9769,12:00,268.3,44.5,41.1,87.9,29.1,13.6,1.3,24.6,22.99,97.1,0.35
105832,Akash,INST-9359,2:15,0,19.9,20.9,54.2,66.8,6.9,2.5,7.3,19.96,95.93,0.1
105833,Arun,INST-5100,20:00,0,38,36.9,80.5,42.4,3.6,6.4,26.3,17.22,97.46,0.03
105834,Priya,INST-5086,17:00,115,20.9,19.7,67.5,37.4,7.1,14.3,14,22.99,97.95,0.42
105835,Priya,INST-8351,8:15,154.1,30.8,27.9,84.6,43.8,8.4,8.6,25.5,17.64,98.17,0.06
105836,Priya,INST-4612,21:15,0,19,19,41.5,39.8,2.7,16.8,28.4,18.48,98.47,0
105837,Kumar,INST-5331,16:45,387.1,44.8,40.9,28.8,86.8,13.4,0,16.2,19.68,96.85,0.71
105838,Akash,INST-4983,5:15,0,29.9,28.5,61.7,32.9,14.5,16.6,7.8,17.93,93.08,0
105839,Divya,INST-6737,6:45,0,25.1,23.3,76.8,30.4,1.8,0.2,29.7,19.91,97.23,0.02
105840,Priya,INST-1989,14:00,768.4,33.2,26.9,13.4,83.6,11.8,0,27.6,19.81,96.65,1.08
105841,Priya,INST-5304,15:30,320.3,42.5,38.2,68,68.7,11.1,15.9,4.2,21.8,96.6,0.77
105842,Kumar,INST-3013,17:30,77.2,28.4,28.6,87.3,26.5,0.8,10.7,23.7,18.18,94.71,0.26
105843,Akash,INST-1276,21:45,0,32.4,30.5,65.7,76,8.6,18,23.8,21.68,94.67,0.09
105844,Arun,INST-6273,7:00,245.8,22.8,19.5,1.7,68.8,10.4,0,0.2,17.3,98.01,0.27
105845,Arun,INST-5139,1:45,0,28.1,28.4,87.6,78.4,12.3,20,7.6,22.71,93.85,0
105846,Akash,INST-7669,6:00,0,23.7,22.6,0.4,55.4,8,0,13.7,17.29,95.17,0
105847,Meena,INST-9845,7:00,226.4,22.5,20.2,18.4,58.3,14.3,0,4.6,19.57,93.85,0.47
105848,Kumar,INST-9274,22:45,0,37.5,39,99.2,35.4,5.4,6.8,8.6,18.95,98.18,0.07
105849,Akash,INST-4025,10:30,387.1,42.2,37.5,63.9,25.4,11.4,21.1,15.2,20.58,95.34,0.77
105850,Divya,INST-4682,13:00,713.1,22.8,18,32.8,93.7,5.3,0,28.2,22.68,96.3,1.38
105851,Arun,INST-6296,16:00,497,42.6,38.7,4.7,26.4,0.6,0,22.5,20.44,97.06,0.84
105852,Kumar,INST-2267,12:45,395.6,26.5,23.4,71.8,79.9,4.8,2.3,27,20.12,92.08,0.47
105853,Meena,INST-9204,21:45,0,19.7,21,35.9,42.5,4.2,0,3.7,21.9,96.32,0
105854,Arun,INST-3490,5:30,0,28.3,26.4,56.9,72.5,4.8,8.4,19,22.86,98.08,0
105855,Meena,INST-9562,14:00,827.2,47.5,40.1,8,65.6,12,0,3.8,22.89,95.66,1.77
105856,Priya,INST-2689,23:15,0,35.3,35.3,65.2,44,11.1,24.1,3,20.49,98.73,0.16
105857,John,INST-3589,9:00,416.9,26.7,24.8,47,59.7,6.4,7.8,7,20.83,93.41,0.83
105858,Ravi,INST-1525,12:15,554,43.3,37.2,55.7,37,0.7,2.5,19.4,18.69,97.98,0.74
105859,Kumar,INST-4552,3:30,0,26.3,27.5,57.3,23.7,9.2,10.1,28.1,17.45,96.32,0.2
105860,Priya,INST-6134,17:30,199.3,36.1,32.9,19.1,81.1,3.8,0,7.3,21.82,97.16,0.32
105861,Arun,INST-4265,23:45,0,18.6,20.5,30.3,90.7,1.1,0,11.7,19.01,93.57,0
105862,Priya,INST-3113,13:15,859.3,34.1,28,14.6,66.9,11.5,0,12.5,18.23,94.29,1.41
105863,Arun,INST-8101,6:30,8.4,37.9,39,76.6,79.5,10.5,16.6,5,21.22,93.83,0.03
105864,Ravi,INST-8940,13:45,677.5,48.6,41.3,37.2,77.7,8.5,0,12.2,18.92,94.14,1.2
105865,Arun,INST-6214,8:30,293.5,24.1,19.7,51.9,42.3,14.1,18.8,7.2,19.88,95.87,0.55
105866,Divya,INST-7868,2:00,0,33,33.8,89.1,38.8,8.1,3.5,26.6,19.84,92.29,0
105867,Ravi,INST-8519,20:00,0,20.6,20.2,96.7,31.7,14.5,8.6,27.8,17.91,97.61,0.01
105868,Ravi,INST-7595,9:45,232.9,43.2,41.1,83.4,58.9,9.4,10.2,10.8,20.2,92.26,0.25
105869,Ravi,INST-5194,7:15,124.1,32,30.8,67.6,85.6,9.8,12.8,27.8,19.51,94.34,0
105870,John,INST-7905,8:15,233.7,22.5,22.4,63.8,55,7.7,22.9,5.6,22.71,96.88,0.59
105871,Ravi,INST-9767,23:30,0,28.8,29,38,88.7,9.4,0,0.8,22.34,97.47,0
105872,Priya,INST-1603,22:30,0,35.1,35.1,62.9,84.2,9,21,12.9,17.36,94.62,0.17
105873,Arun,INST-6894,2:45,0,33.9,32.7,71.9,46.3,0.3,11.8,16.2,18.36,96.01,0.13
105874,Ravi,INST-2663,17:00,211.9,38.4,36.5,26,69.4,4.9,0,1.3,21.62,94.97,0.37
105875,Divya,INST-1577,10:45,731.5,45.8,39.9,20,53.1,14.5,0,3.3,20.19,95.85,1.28
105876,Meena,INST-8188,10:30,781.1,28.6,20.3,9,65.4,5.8,0,4.7,22.54,97.61,1.56
105877,Arun,INST-4224,17:00,164.2,43.2,41.3,36.2,35.9,9.1,0,28.8,22.65,96.46,0.17
105878,John,INST-1151,13:30,715.7,30.7,25.3,29.8,92.2,6.7,0,28.9,21.57,98.41,1.4
105879,Priya,INST-8605,6:30,0,32.7,31,83.9,33.5,7.8,5.1,24.6,18.21,97.52,0.12
105880,Meena,INST-3012,5:00,0,27.1,25.9,98.2,88.5,9.5,23,16.2,20.64,92.3,0
105881,Akash,INST-8995,8:00,163.7,30.5,27.1,76,36.2,12.6,9.5,18.9,22.04,98.92,0.13
105882,Arun,INST-4862,5:00,0,37.2,39.1,28.8,94.1,11.5,0,26.6,18.77,96.53,0
105883,Priya,INST-2612,9:00,484.3,43.1,37.2,36.9,79.3,12.9,0,14.5,20.15,98.56,0.8
105884,Divya,INST-5691,15:15,527.1,33.9,29,31,44,5.8,0,23.1,19.32,97.61,1.01
105885,John,INST-5371,15:45,406.5,27.3,22.8,50.7,26.2,6.6,8.6,13.5,22.26,93.74,0.97
105886,John,INST-6331,6:45,13.5,26,24.5,74.8,83.6,10.1,21.8,6.4,18.52,97.84,0
105887,Akash,INST-3472,13:00,540,43.2,40,51.1,71,13.8,15.9,26.5,22.95,92.26,1.06
105888,Ravi,INST-5281,14:30,545.5,35.9,31.6,42,71.3,12.6,6.6,3.7,18.85,94.27,0.79
105889,Priya,INST-6457,19:30,0,36.8,38.5,80.9,61.2,7.2,19.1,2.2,21.35,94.24,0
105890,John,INST-5133,14:30,301.5,26.8,25.3,78.5,34.7,6.9,21,4.7,17.5,97.36,0.68
105891,Divya,INST-5287,17:30,84.4,28,25.4,89.4,23.3,10.9,21,29.4,21.89,98.05,0.23
105892,Kumar,INST-6470,3:00,0,28.7,28.7,42.5,72.4,3.4,13,22.3,20.77,93.23,0
105893,Arun,INST-5382,2:30,0,38.1,37.4,27.1,26.2,4.1,0,20,19.77,93.43,0.08
105894,John,INST-2266,4:30,0,41.1,39.5,98.5,76.3,4,13,28.1,17.11,98.13,0.07
105895,Akash,INST-5428,17:45,123.4,40.1,39.2,62.3,62.1,5.7,2.5,17.3,22.63,96.51,0.42
105896,Arun,INST-6942,4:45,0,32.5,34.5,85.3,90.8,11.4,8.2,2.7,19.74,98.05,0.14
105897,Divya,INST-8499,20:00,0,29,28.9,48.8,53.2,8.5,5.8,11.7,21.91,95.77,0.16
105898,Priya,INST-3904,0:15,0,30.7,31.9,60.4,48.1,11.3,22,5.1,22.94,94.33,0
105899,Divya,INST-1243,23:15,0,21.9,21.4,30.7,39.9,3.8,0,12.4,21.8,97.48,0
105900,Akash,INST-2817,21:45,0,32.8,33.7,50.5,62.6,7.6,18.9,0.9,18.65,93.51,0.03
105901,Priya,INST-5835,21:30,0,34.9,36.3,40.8,58.2,7.1,5.3,7.7,19.4,93.08,0
105902,Priya,INST-8211,3:15,0,19.3,19,69.1,85.5,8.9,1.7,12.8,17.93,97.49,0.17
105903,John,INST-2188,12:30,694.8,48.4,40.9,36.5,71.3,8.3,0,0.4,19.62,92.06,1.18
105904,Priya,INST-8544,21:30,0,30.2,28.2,53.5,35.5,11.7,5.5,22.9,17.39,94.14,0
105905,Divya,INST-7145,15:45,306.9,32.5,28.5,65.8,61.5,8.9,19.7,20,20.02,96.97,0.42
105906,John,INST-7116,3:30,0,28.3,27.1,75.1,61.3,1.5,21.2,5,17.39,94,0
105907,Kumar,INST-3715,18:00,0,27.3,28.1,16.9,36.7,7.8,0,0.3,17.42,94.25,0
105908,Meena,INST-3977,14:45,542.1,27,23.3,46.5,83.2,12.8,10.2,12.6,17.34,98.02,0.99
105909,Kumar,INST-9423,5:15,0,28.1,27.9,38.4,61.1,5.9,0,20.8,19.14,96.48,0
105910,Divya,INST-8240,13:45,776,29.3,22.1,25.9,89.2,13.1,0,10.1,21.14,92.43,1.35
105911,Akash,INST-9057,17:30,85.4,26.3,24.1,72,55.7,6.2,3.8,4,19.69,98.64,0.21
105912,Akash,INST-2982,20:45,0,21.1,21.5,71.6,65.9,13.3,18.6,23.9,22.73,98.29,0
105913,Priya,INST-1052,16:45,176.3,29.2,27.5,77.6,86.4,14.4,9.9,25.3,20.07,94.65,0.1
105914,Arun,INST-7953,7:30,151.2,43.3,41.4,42.6,74.1,9.9,9.9,2.4,19.96,95.03,0.45
105915,Akash,INST-1080,3:15,0,30.7,29.4,48.8,40.7,1.9,21.4,0.5,22.24,95.37,0
105916,Meena,INST-1137,13:30,541.9,32.3,27.5,50.2,82.2,7.1,8.2,11,22.49,94.66,1.06
105917,Akash,INST-5170,22:00,0,40,40.5,46.2,21.1,11.3,15.5,18.5,22.01,95.21,0.04
105918,John,INST-6681,20:00,0,42.2,40.3,57,89.2,8.3,1.9,15.8,17.18,96.95,0.11
105919,Meena,INST-7545,6:30,8.4,24,23.3,72.6,80.8,14.5,20.9,15.7,22.11,94.39,0.08
105920,Akash,INST-7742,3:45,0,26.4,26.7,86.9,34.1,12.8,16.5,12.3,18.65,96.87,0.03
105921,Akash,INST-4032,3:45,0,19.7,19.3,50.4,90.2,12,5.8,14,17.75,96.87,0
105922,Priya,INST-5651,23:15,0,23.3,24.1,27.6,59.1,6.4,0,15.8,21.41,96.77,0
105923,Ravi,INST-9805,12:15,967.5,38.9,31.8,3.3,90.1,6.7,0,0.3,17.31,97.53,1.75
105924,John,INST-8565,22:30,0,30.1,31.5,56,58,12.6,0.6,3.3,20.84,93.67,0
105925,Arun,INST-1109,18:45,2,32.1,31.3,11.3,23.8,3.8,0,8.2,21.33,98.01,0.04
105926,Divya,INST-6733,14:00,604,34.9,31.4,39,58.3,9.4,0,12.5,17.28,93.49,0.97
105927,Priya,INST-6187,16:00,407.7,34.5,30.9,26.6,91.3,11.3,0,4.3,22.89,95.12,0.93
105928,Akash,INST-1586,14:15,747.1,32.8,25.2,17.8,59.8,0.7,0,28.9,18.54,95.35,1.04
105929,Meena,INST-8465,2:45,0,29.9,30.6,69.3,45.6,3.1,14.7,7.8,18.2,93.37,0
105930,Ravi,INST-9989,20:15,0,37.2,39,49.1,90.5,14.6,14.8,4.2,17.53,94.93,0.1
105931,Arun,INST-9767,2:45,0,32.4,33.6,56.4,70.3,9.3,9.4,12,22.06,92.49,0
105932,Ravi,INST-2182,4:15,0,25,24.5,76.6,32.4,9.9,15.7,25.5,22.69,95.56,0.08
105933,Ravi,INST-9734,19:00,0,23,23,47.1,91.7,10.6,8,1.9,22.22,98.92,0
105934,John,INST-6080,10:30,263,38.3,34.8,82.9,56.6,7,13.5,14.1,20.54,98.82,0.65
105935,Kumar,INST-3417,23:15,0,30.9,30.6,94.6,63.4,13.1,0.5,3,19.2,96.51,0.09
105936,Akash,INST-4393,21:30,0,32.4,32.1,41.4,33.1,0.6,15,27.3,20.57,94.98,0
105937,Meena,INST-6174,5:15,0,23,22.1,50.1,91.1,6.7,17.5,25.4,17.44,94.22,0.19
105938,Kumar,INST-9136,22:00,0,29.3,30.7,35.6,49.3,11.2,0,14,20.12,93.17,0.18
105939,Priya,INST-5413,9:45,252.2,38.4,35.8,78.5,55.1,5.9,16.5,7.2,17.84,97.17,0.29
105940,Ravi,INST-5637,9:00,369.9,25.3,21.6,56.2,59.6,3.4,18.5,1,20.37,97.47,0.53
105941,Meena,INST-4853,11:15,777.7,36.9,31.3,22.4,89.9,10.1,0,4.4,18.81,98.79,1.41
105942,Divya,INST-3892,13:30,687,33.4,26.8,37,21.1,5.4,0,4,18.68,98.27,1.16
105943,John,INST-4997,20:30,0,29.1,28,32,31.9,0.6,0,18.4,20.36,98.71,0.16
105944,Kumar,INST-5042,3:30,0,23.8,23.8,43.5,82.8,12.5,10.6,5.1,21.73,95.95,0.11
105945,Kumar,INST-9820,20:30,0,20.5,20.1,89.5,54.3,10.1,15.6,14.3,19.36,94.79,0.18
105946,John,INST-5613,1:00,0,35,36.3,28.6,76.9,4.8,0,29.9,20.16,92.03,0
105947,Divya,INST-3689,3:45,0,30.3,30.5,84,43.3,1.2,8.8,21.6,19.2,95.9,0.1
105948,Akash,INST-1849,15:30,436.2,34.7,31.6,48.1,77.7,5,3.5,20.7,18.44,95.97,0.62
105949,Arun,INST-1342,22:00,0,29.4,29.9,57.4,46.2,2,12.7,6.7,22.81,93.21,0.03
105950,Arun,INST-4756,14:30,806.7,42.2,34.2,9.3,33.6,1.6,0,17,22.13,92.82,1.48
105951,Kumar,INST-8241,8:45,356.8,41.9,38.4,38.8,23.4,1.4,0,8.1,22.48,92.9,0.73
105952,Kumar,INST-5374,21:45,0,23.3,24.5,46.5,41,1.9,12.2,23.4,22.94,92.12,0.05
105953,Ravi,INST-3312,5:45,0,27.2,26.7,46.9,74.7,9.7,9,25.9,18.31,93.81,0.07
105954,Priya,INST-5122,5:30,0,28.4,28.5,52.4,22.8,12.2,22.6,12,21.8,93.17,0.03
105955,Meena,INST-7366,17:00,125.7,20.2,20.6,53.6,25.8,6.7,20.3,26.2,19.57,93.89,0.35
105956,Priya,INST-8406,21:15,0,23.8,24.1,36.6,21.2,7.8,0,17,17.73,97.94,0
105957,Divya,INST-2472,16:00,425.7,39.8,37.3,20.8,39.9,9.1,0,3.2,22.11,92.3,0.94
105958,Divya,INST-2853,15:00,431.1,31.6,27.1,46.1,28.6,8,15.9,28.2,21.34,92.47,0.89
105959,Kumar,INST-4009,1:00,0,28.2,29.3,22.4,82.1,5.4,0,10.7,18.17,97.31,0.16
105960,Ravi,INST-8150,4:00,0,38,37.6,32.9,28.4,11.3,0,9,18.51,98.82,0
105961,Akash,INST-6451,23:00,0,38.2,38.2,63.2,31.8,0.1,2.5,3.5,19.53,98.23,0.04
105962,Priya,INST-7622,12:45,690.6,40.5,33.4,39,47.5,13.2,0,7.6,22.74,94.36,1.43
105963,Priya,INST-1840,19:00,0,31.7,31.6,41.4,49.8,8.2,2.4,7.3,19.84,98.7,0.05
105964,Arun,INST-9022,10:30,345.7,21.7,19.9,72.2,89.1,2.2,19.2,28.3,22.2,94.44,0.76
105965,Arun,INST-8949,8:45,260,22.7,22.1,59.9,79.8,7.1,7.9,10.6,21.55,97.9,0.32
105966,Divya,INST-2889,14:45,731.7,27.3,21.7,19.2,22.5,7.7,0,2.8,18.68,96.01,1.35
105967,Ravi,INST-7610,8:30,288.4,40.1,38,53.7,27,8,13.1,19.2,20.76,98.38,0.57
105968,Arun,INST-4125,11:00,558.2,23.4,18.5,53,58,13.6,8.3,20.2,19,94.48,0.74
105969,Divya,INST-2704,4:15,0,25.4,26,49.6,58.4,13.5,2.9,29.4,20.24,95.6,0.03
105970,Arun,INST-9642,18:00,0,33.9,35.4,67.3,77.5,0.7,11.6,20,21,93.19,0
105971,Akash,INST-3606,10:30,303.4,35.8,35.2,80.5,77.9,3,6.2,13.2,22.84,97.79,0.59
105972,Ravi,INST-9325,5:45,0,36.6,36.5,94.7,47.7,11.6,17.2,9.9,19.52,94.08,0.01
105973,Arun,INST-1975,4:45,0,36.2,36.7,37.4,65.5,7.8,0,0.4,20.85,93.77,0.06
105974,Priya,INST-7663,17:30,159.8,20.5,19.5,49.6,93.2,9.8,2.9,13,22.18,98.69,0.21
105975,Kumar,INST-2664,18:45,9.8,19.9,19.2,22.1,69.7,6,0,18.5,20.74,95.45,0.09
105976,John,INST-4061,11:00,548,35.5,32,51.1,51.3,9.1,9.1,18.4,21.19,96.2,0.94
105977,Priya,INST-6119,10:00,511,32.3,26.7,47.6,84.8,7.7,20,27.3,18.75,96.09,0.6
105978,Priya,INST-5024,9:15,669.1,28.8,23.2,5,37.8,7.7,0,5.5,20.78,96.77,1.24
105979,John,INST-3014,3:45,0,26.9,28.6,38.8,60.8,5.4,0,14.7,19.06,94.68,0
105980,Meena,INST-8773,8:15,432.3,31.4,28,19,64.4,14.3,0,1.7,18.13,94.98,0.55
105981,Divya,INST-5652,22:15,0,32.2,31.9,92.8,62.4,8,0.9,0.2,19.07,94.09,0
105982,Kumar,INST-2586,11:45,957.8,45.7,39.5,0.5,65.3,14.4,0,23,19.27,95.53,1.65
105983,Kumar,INST-1745,3:00,0,35.2,35.6,99.2,20.6,6.2,2.1,26.2,20.06,92.57,0.09
105984,Meena,INST-9006,21:45,0,39.2,37.3,94.8,62.6,6.6,14.7,21.6,22.57,95.52,0.19
105985,Priya,INST-7670,1:45,0,36.8,37.4,44,59.2,10.9,13.8,12.8,20.11,98.59,0
105986,Divya,INST-8565,22:15,0,34.1,34.3,81.2,45.9,0.7,8,10.3,20.08,96.35,0
105987,Meena,INST-4578,6:15,0,32.5,32.6,28.7,43.4,8.2,0,20,20.27,97.71,0.04
105988,Ravi,INST-6012,5:15,0,21,21.8,84.5,45.1,7.8,1.4,21.5,21.29,95.44,0
105989,Arun,INST-5408,0:15,0,43.4,41.5,96.8,84.4,7.2,13.5,15.2,20.54,97.85,0.16
105990,Akash,INST-8119,15:00,575.2,44.4,39.2,22.9,61.8,10.5,0,0.5,19.19,96.53,1.09
105991,Meena,INST-2646,0:00,0,31.8,30.8,70.8,94.3,2.2,15.7,12.7,17.12,97.9,0
105992,Meena,INST-9488,18:15,0,29.7,29.4,6.2,31.1,1.6,0,27.4,17.91,92.36,0
105993,Meena,INST-2672,14:45,616,31.4,25.5,36.8,23.9,2,0,6.3,18,97.31,0.98
105994,Meena,INST-8313,4:15,0,33.6,33.7,61.1,30.6,5.1,13.3,11.1,20.83,95.69,0.02
105995,John,INST-9935,14:30,862,26.8,21.2,2.2,71.9,13.6,0,2.1,19.83,94.7,1.73
105996,Divya,INST-9039,2:45,0,42.1,40.5,46.3,22.5,10.2,9.6,19.1,19.99,96.52,0.13
105997,John,INST-5181,11:00,498.9,35.5,29.6,59.7,36.5,3,18.2,15.3,18.34,97.7,0.95
105998,Priya,INST-2750,10:30,742.3,28.6,20.7,18.3,38.3,14.8,0,14.3,18.71,98.98,1.46
105999,John,INST-4530,10:15,655.3,29,23.5,27.1,40.3,1.7,0,9.2,21.05,95.64,1.24
106000,John,INST-9685,16:00,445.2,31.7,29,10.1,92.8,9.4,0,11.7,22.34,97.3,1.1
106001,Meena,INST-1477,20:30,0,37.4,35.5,31,42.9,2.7,0,24.8,20.5,98.09,0.17
106002,Priya,INST-5173,6:00,0,17.5,18.7,70.1,59.2,8.2,22.9,19.6,21.13,98.89,0
106003,John,INST-8230,10:30,805.1,43.5,37.2,7.9,38.9,12.5,0,5.7,18.96,96.55,1.24
106004,Akash,INST-1448,0:30,0,22.6,22.4,99.4,89.8,15,22,14.1,18.78,95.76,0
106005,Divya,INST-2123,5:00,0,33.9,33,20.6,82.5,5.5,0,13.6,20.53,95.07,0.02
106006,Kumar,INST-5249,2:15,0,28.8,28.7,88.2,38.2,5.3,21.2,0.2,17.62,92.41,0
106007,Arun,INST-7396,10:45,432.8,29.1,23.6,60.4,34.6,4.5,19.9,22.4,21.1,97.2,0.87
106008,Meena,INST-1654,8:45,365.3,31.6,27.3,32.8,89.5,2.2,0,13.2,18.23,92.95,0.49
106009,Priya,INST-4757,23:15,0,22.8,23.9,51.7,89.7,13.4,21.4,16,17.3,98.61,0.16
106010,Arun,INST-4954,7:30,197,35.9,33.7,33.4,69.4,0.6,0,11.4,21.25,92.24,0.41
106011,Kumar,INST-5975,9:15,345.2,32.8,31.5,60.5,44.4,2.3,10.5,29.7,18.22,96.31,0.49
106012,Meena,INST-2269,8:15,152.4,21.5,19.3,83.3,45.4,1.5,2.6,22.2,18.33,95.71,0.14
106013,Kumar,INST-7696,12:00,335.2,29.5,26.6,77.7,73.4,13.2,13.6,8.2,19.96,95.26,0.68
106014,Ravi,INST-3709,20:45,0,35.3,34,86.1,66.7,11.3,15.1,23.3,17.37,92.8,0.01
106015,Meena,INST-1475,11:15,590.9,44.2,40.3,48.7,83.8,8,2.5,13.1,17.42,92.28,1.06
106016,Divya,INST-1701,17:45,197.4,26.8,24.6,26.7,83.5,6.7,0,22.2,20.31,92.43,0.36
106017,Ravi,INST-7865,6:15,16.4,18.8,20.5,50.2,31.6,6.8,6.8,4.6,21.81,95.31,0.19
106018,Arun,INST-8671,14:00,329.9,38.8,34.7,75.7,26,10,19.4,5.1,21.24,92.63,0.47
106019,Kumar,INST-1781,16:15,431.2,25.9,23.2,20.2,30.8,6.1,0,7.5,18.52,97.69,0.85
106020,Priya,INST-8920,8:15,348.1,39.4,34.6,32.6,37.9,3,0,6.7,22.18,94.8,0.86
106021,Divya,INST-7984,5:00,0,36.6,36.3,74.6,63.5,11.9,0.5,4.1,21.91,98.75,0
106022,John,INST-9159,14:00,840.2,33.2,26.2,1.6,65.4,13.9,0,27.7,19.89,95.48,1.22
106023,Priya,INST-8107,8:00,469.8,41.2,37.1,11.3,75.7,13.8,0,13.1,19.28,93.35,0.75
106024,Divya,INST-7554,6:00,8.6,28.8,28.9,40.2,78.5,12.6,15.9,3.2,22.76,98.06,0.09
106025,Priya,INST-4250,2:15,0,25.3,27.1,40,62.7,12.2,0,14.6,22.77,98.92,0.15
106026,Arun,INST-3606,5:15,0,26.8,25.2,46.2,68.8,3.7,10.1,19.7,21.54,96.7,0.05
106027,Arun,INST-7213,13:00,526.1,34.8,31.7,54.1,34.7,2.7,7.2,2.8,21.57,96.34,0.98
106028,John,INST-8086,14:30,531.5,28.3,25.5,48.1,74.4,6,9.3,11.6,20.99,97.35,0.97
106029,Akash,INST-6016,20:15,0,35.9,35.5,83.3,58,9,1.4,2.4,18.92,96.65,0.1
106030,Ravi,INST-4297,6:30,7.3,30.1,28.3,58.5,41.1,9.6,13.3,21.1,20.42,98.67,0
106031,John,INST-7004,14:15,232.9,32.9,31.5,88.8,22.6,14.8,15.5,12.6,18.95,94.69,0.22
106032,Akash,INST-8548,14:00,474.4,40.2,35.5,53.7,36.5,4.6,2.3,7.9,19.94,98.89,0.93
106033,Akash,INST-1661,10:00,430.8,30.4,27.5,62.2,43.6,13.5,20.1,5.4,20.88,92.79,0.95
106034,Ravi,INST-6744,6:45,0,35.9,36.9,13.6,44.4,6.5,0,1.3,20.87,94.64,0
106035,Akash,INST-7059,9:00,412.8,23.9,19.3,52.8,28.1,0.7,23.8,16,17.75,92.73,0.47
106036,Divya,INST-7887,8:15,264.6,34.1,32.1,59.6,49.7,5.4,6.6,20.7,19.17,95.36,0.49
106037,Arun,INST-8306,21:15,0,35.6,35.7,48.3,38.2,9.8,4.3,23.6,19.84,93.75,0
106038,Ravi,INST-1373,11:45,609.2,34.1,30.5,42.2,62.2,10,1,1.1,18.63,93.43,0.88
106039,Kumar,INST-1730,0:45,0,34.2,34.3,77.8,54.8,7.4,1.3,2.9,18.9,93.77,0
106040,John,INST-4361,4:00,0,35.6,35.2,48.6,51.4,9.6,3.7,5.5,19.9,92.36,0.15
106041,Divya,INST-5082,23:15,0,42.5,40.5,91.2,35.8,8.4,19.6,28.2,19.9,95.75,0.19
106042,Ravi,INST-1923,22:45,0,31.9,32.2,40.5,53.5,8.5,12.3,1.7,20.03,94.58,0.09
106043,Akash,INST-7456,11:00,744.2,30.4,25.1,26.2,41.8,6.5,0,26.8,22.03,96.43,1.56
106044,Divya,INST-2460,13:15,781.8,33.2,24.7,21.3,87.9,8.6,0,15.1,22.54,97.98,1.48
106045,Arun,INST-1723,4:45,0,36.3,35.4,31.8,56,2.5,0,12.2,18.06,94.22,0.01
106046,Priya,INST-6186,5:15,0,20.8,18.9,65.5,27.2,9,13.4,10.9,22.13,94.44,0
106047,Meena,INST-5329,19:00,0,38.6,37.6,31.2,52.3,8.4,0,1.6,17.35,94.38,0
106048,Priya,INST-5380,6:45,6.8,25.5,25.4,41.6,64.5,10.9,18,24.4,19.42,94.23,0
106049,Priya,INST-2470,1:00,0,40.1,39.3,59.5,84.4,0.8,12,10.5,19.93,98.32,0.18
106050,Divya,INST-7128,6:15,5.6,27.9,28.1,19.3,82.9,8.8,0,11.7,17.73,93.05,0.21
106051,John,INST-6602,5:45,0,39.2,38.7,76.1,37,9.2,12.5,5.4,19.56,97.94,0
106052,Divya,INST-3976,14:00,501.1,38.8,33.7,49.1,60.1,1.3,9.4,14.3,19.14,95.14,0.74
106053,Akash,INST-6655,11:00,524,30.4,25.2,56.6,68.3,13.7,3.5,17,22.61,98.35,1.15
106054,Akash,INST-7950,1:00,0,23.7,21.9,23.8,49.9,9.8,0,17.8,18,96.12,0
106055,Akash,INST-8270,2:30,0,39.5,39.3,54.7,49.6,12,15.8,29.3,22.9,95.24,0.19
106056,Ravi,INST-6378,11:30,338.4,32.7,31.1,80.4,39.6,8.2,0.1,11.9,17.76,96.19,0.47
106057,John,INST-6091,8:45,272.9,37.6,35.4,50.9,63.3,14.8,18.5,15.7,22.57,98.6,0.42
106058,Priya,INST-2643,22:30,0,29.7,30.8,64.8,35.4,9.5,17.3,28.6,17.98,96.16,0
106059,Akash,INST-6681,0:30,0,22.7,21.1,72.8,87.2,0.9,13.2,1.5,17.21,93.67,0.02
106060,Priya,INST-1415,14:30,266,34.1,33.7,81.3,81.3,1.3,5.6,4.2,17.28,96.67,0.29
106061,John,INST-5608,14:30,629,46.4,41.5,34.4,78.7,5.8,0,1.1,19.31,98.43,1.14
106062,Priya,INST-9368,12:15,817.3,31.6,25.5,23,55.4,6.2,0,1.1,19.97,92.38,1.42
106063,Divya,INST-2846,5:45,0,20.6,20.6,65.3,52,1.2,8.4,15.1,19.81,92.58,0
106064,Ravi,INST-4793,23:15,0,23.1,21.2,28.7,32.7,10.7,0,5.9,18.09,92.24,0.05
106065,Priya,INST-4034,21:45,0,36.8,37.6,92.6,64.6,8.9,19.8,1.6,17.04,98.53,0.13
106066,Priya,INST-3140,16:30,228.9,39.4,37.5,67.7,84.2,3.9,17.6,11.8,19.99,96.42,0.5
106067,Meena,INST-3683,12:00,614.4,46.6,41.8,47.9,89.9,1.3,20.1,7.9,18.42,93.26,0.84
106068,Akash,INST-9330,17:00,126.2,34,34.6,62.9,61.1,14.5,12.1,24.7,20.9,92.82,0.39
106069,Priya,INST-8625,14:00,351.6,29.2,24.5,70.2,70.1,3.9,11.8,22,22.49,93,0.78
106070,Divya,INST-4542,17:00,198.4,28.7,26.5,25.5,43.2,14,0,20.1,17.96,92.94,0.21
106071,John,INST-3530,16:30,277.1,35.9,34.9,52.3,90.5,8.7,23.8,8.6,17.82,92.36,0.49
106072,Ravi,INST-5745,4:30,0,34.2,35.1,62.6,33.2,9,2.3,21.6,22.86,98.05,0
106073,Divya,INST-3206,4:30,0,39.2,40,40,49.9,3.3,4.6,13.9,20.32,96.93,0.1
106074,John,INST-6255,19:15,0,18.6,18.2,22,64.1,7.3,0,15.9,18.9,98.63,0
106075,Arun,INST-5467,19:15,0,31.6,31.6,81.8,51.3,14.7,19,1.3,21.21,96.01,0
106076,Ravi,INST-2863,13:30,751.5,30.8,23.6,24.8,20.7,11.5,0,19.4,17.42,98.08,1.11
106077,Ravi,INST-6699,3:45,0,27.6,25.9,59,58.6,5.7,16.2,7.1,19.24,98.26,0.07
106078,Divya,INST-7204,12:15,686.7,36.1,32,35.4,66,6.5,0,23,18.4,97.4,0.95
106079,Kumar,INST-8186,16:45,435.4,23.6,19.5,19.1,35.8,10,0,21.6,21.05,97.43,0.75
106080,Divya,INST-9637,1:15,0,33.8,35.2,39.9,27.4,4.6,0,27.9,20.2,93.79,0.11
106081,Priya,INST-9086,1:30,0,19.9,18.4,63.9,24.2,11.9,18.1,26.3,19.51,92.79,0.05
106082,Meena,INST-9422,15:15,547.9,23,20.1,24,38.2,8.6,0,21.6,17.07,98.17,0.94
106083,Priya,INST-2021,11:00,392,35.2,30.8,70.7,75.1,6.4,14.6,20.8,17.68,95.11,0.68
106084,Akash,INST-5309,7:15,169.1,25.3,24.8,36.2,87.4,2.1,0,4.5,21.3,98.04,0.37
106085,Meena,INST-2723,11:15,553.9,40,36.7,49.2,22.2,7.2,4.6,21.7,17.16,94.78,0.99
106086,John,INST-4537,3:00,0,32.9,34.9,37.8,50.8,3.6,0,14.4,17.37,96.67,0.14
106087,Priya,INST-5327,5:15,0,19.3,21.1,60.6,78.9,3.5,0.2,0.2,22.32,93.62,0.18
106088,Ravi,INST-5414,14:15,253,26.9,25.4,84.9,72.7,12.8,18.3,8.5,21.03,93.02,0.45
106089,John,INST-9464,7:30,101.9,33.1,32.4,65.1,89.5,7,10.8,0.4,17.99,96.18,0.29
106090,Divya,INST-3621,9:30,459.9,44.2,39.1,40.5,46.2,9.2,22.8,27.1,20.16,94.87,0.87
106091,John,INST-1084,20:00,0,21.7,20.1,64.8,42,8.7,22.7,13.8,22.72,95.8,0.19
106092,John,INST-6187,12:00,619.5,45.6,39.5,46.5,37.6,9.3,4.9,2.8,19.29,95.3,1.05
106093,Ravi,INST-4412,21:00,0,32.8,32.7,94.2,60.9,2.7,9.1,5.7,20.71,95.31,0.1
106094,Akash,INST-8950,16:00,153.7,27.8,27.9,83.9,35.3,4,24.5,3.1,22.97,97.89,0.21
106095,Meena,INST-4960,8:00,387.8,34.4,33.2,24.6,54.3,1.9,0,2.7,17.44,97.73,0.5
106096,Arun,INST-6232,18:45,0,40.1,40.3,80.3,63.1,10.6,10.3,3.7,20.66,97,0
106097,Priya,INST-4550,12:15,832.7,37.6,29.7,19.3,55.7,7.6,0,22.5,21.69,95.45,1.68
106098,Priya,INST-3756,14:45,649.5,30,24.2,32.4,43.3,12.2,0,27.8,17.04,97.61,0.89
106099,Ravi,INST-1319,8:00,290.7,35.2,33.2,46.1,85.3,0.5,9.6,12.8,17.04,93.18,0.25
106100,Priya,INST-8389,8:30,469.1,34.2,30.1,10.2,81,8.8,0,7.9,19.75,92.49,0.67
106101,Ravi,INST-7651,1:00,0,36.1,36,38.5,63.8,3.4,0,1.3,17.69,97.87,0
106102,Meena,INST-2903,18:30,0,37.8,36.9,82.2,32.2,2,10.8,25.3,17.26,98.25,0
106103,Divya,INST-1876,20:30,0,39.3,40.2,53.4,74.3,0.6,8.1,24.2,21.63,93.92,0
106104,Kumar,INST-6792,2:15,0,25.5,24.7,21.1,73.4,1.9,0,15.3,21.46,94.16,0.13
106105,Meena,INST-8110,16:30,240.1,29.3,27.3,64.9,67.1,4,5.7,4.5,20.08,98.65,0.3
106106,John,INST-6446,13:00,505.4,25.7,21.9,56.4,22.8,7.6,19.4,10.5,21.34,94.98,1.15
106107,Arun,INST-6630,9:00,603.8,46.2,39.7,20.1,25.5,10.2,0,1.1,19.87,95.94,1.32
106108,John,INST-4330,19:15,0,27.4,26.8,69.3,75.1,12.9,6.5,12.3,19.09,94.38,0
106109,Divya,INST-5328,8:30,409.7,41.7,37.2,19.2,56,1.9,0,12.8,22.53,95.46,0.92
106110,John,INST-3419,20:15,0,32,33.9,85.7,67.3,7.1,24.8,23.6,19.17,98.86,0.14
106111,Arun,INST-3397,17:15,162.6,20.7,20.6,39,70.9,0.8,0,16.4,20.94,93.7,0.21
106112,Ravi,INST-4314,13:15,609,26.2,21.7,43.5,29.6,12.5,7.4,17.9,17.87,95.21,1.03
106113,Arun,INST-1836,16:15,353.8,32.9,29.6,38.1,83.1,7.7,0,3.2,21.56,93.53,0.81
106114,Akash,INST-1419,2:15,0,39.2,41.2,43,34.2,0.8,10.5,16.2,19.82,92.78,0.12
106115,Divya,INST-6869,22:30,0,30.3,29.4,66.7,79.3,12.2,4,25.2,21.8,96.6,0.08
106116,Kumar,INST-2776,19:15,0,27.1,27.6,61,34,1.4,6,29,20.1,94.94,0
106117,Meena,INST-1309,7:30,116.6,24.8,24.7,56.8,86.7,8.3,16.3,3.2,17.47,96.63,0.05
106118,Ravi,INST-1018,1:30,0,22.4,22,74.4,69.1,9.4,22.8,6.5,20.56,96.86,0
106119,Kumar,INST-4116,3:15,0,34.3,34.7,49.4,91.8,13.3,1.1,3.8,18.58,92.25,0
106120,Kumar,INST-5790,21:15,0,31.3,29.9,28.5,69.3,4.8,0,4.5,17.74,95.76,0.13
106121,John,INST-2477,11:15,652.6,32.7,26.6,41.4,80.7,12.2,23.7,10.8,21.54,97.74,1.48
106122,Arun,INST-6199,8:45,359,29.5,27.3,32.2,63.4,8.9,0,28.4,20.74,96.61,0.63
106123,Divya,INST-6372,5:15,0,27.3,28.7,61.4,52,4,13.6,3.8,22.92,97.77,0
106124,Akash,INST-8342,4:00,0,35.4,35.3,63.9,58.8,10.3,24.2,2.6,17.12,94.86,0.15
106125,Akash,INST-6251,19:00,0,19.3,18.3,68,87,9.4,6.4,9.8,17.19,94.57,0
106126,Arun,INST-8346,10:30,502.6,34,31.3,52.9,72.1,2.5,22.9,15.3,21.42,97.17,1.02
106127,Meena,INST-7111,20:15,0,31.4,30.3,64.4,63,6.8,20.7,7.2,18.76,98.93,0
106128,Meena,INST-3807,15:45,461.1,42.7,40,38.8,73.9,5.8,0,26.4,22.03,97.19,0.91
106129,Akash,INST-6994,23:00,0,35,35,91.2,55.2,13.6,21.7,16.7,22.91,98.35,0.06
106130,Ravi,INST-2992,0:45,0,34,34.9,57.5,67.2,5.3,6.9,10.7,17.27,98.45,0.14
106131,Priya,INST-9576,14:15,768.2,32,26,13.8,86.3,9.4,0,19.2,22.07,96.27,1.42
106132,Kumar,INST-9401,0:30,0,23.8,24.5,73.8,91.1,13.6,3.8,21.3,22.11,98.52,0
106133,Ravi,INST-4703,1:30,0,34.6,35.9,71.4,91.7,13.8,7.7,15.5,20.16,97.31,0.17
106134,Akash,INST-4876,16:30,244.8,36.2,32.7,56.9,56.8,10.7,17.9,23,19.04,98.53,0.38
106135,Akash,INST-1974,2:00,0,32.9,31.4,71.3,66.9,10.6,14.6,25.4,19.54,97.71,0.06
106136,Meena,INST-9489,15:30,647.6,48.2,40.8,9.4,43.6,0.3,0,18.6,22.69,97.89,1.34
106137,John,INST-1649,7:30,204.2,38,35.4,27.6,47.3,12,0,26.4,17.02,98.37,0.28
106138,Meena,INST-1326,6:30,4.4,33.9,34.6,24.6,83.8,10.8,0,9.5,20.12,97.96,0.2
106139,Priya,INST-4118,10:30,781.4,41.4,33.8,10,40.7,0.4,0,17.9,18.21,96.6,1.23
106140,Meena,INST-9969,20:45,0,37.8,38.2,94.9,50.4,11.6,4.9,12.7,18.16,95.4,0
106141,Divya,INST-9948,14:15,291.9,40.8,38.2,77.7,58.2,6.7,22.6,7.7,18.91,95.69,0.67
106142,Priya,INST-2346,13:45,879.6,32.9,24.6,9.4,41.9,2.8,0,2.2,20.61,94.02,1.53
106143,Ravi,INST-8204,1:45,0,34.5,35.9,28.6,23,2.3,0,23.4,18.71,93.25,0
106144,Akash,INST-2354,17:15,86.9,30.6,30.2,74.7,61.1,8.4,21.3,16.8,21.34,96.23,0.06
106145,John,INST-1699,1:45,0,22.8,21.3,61,67.8,3.1,1.9,6.5,21.77,98.82,0.11
106146,Priya,INST-1973,20:00,0,23.7,22.3,74.5,64.1,1.5,5.6,25.5,22.71,94.35,0.1
106147,John,INST-4000,20:00,0,27.6,26.9,21.5,93,13,0,2.1,20.19,92.86,0.16
106148,Kumar,INST-1882,23:30,0,27.7,28.9,31.9,39.2,1,0,19.1,18.84,92.4,0
106149,Ravi,INST-9137,11:30,332.2,38.8,36.7,81,67.2,11.4,16,20.1,18.91,94.63,0.46
106150,Meena,INST-3356,12:30,687.3,28.5,22,35.2,26.8,10,0,26.3,17.65,92.69,0.95
106151,John,INST-5490,17:15,204.8,36.7,36.1,33.4,24.9,4.5,0,23,22.99,92.03,0.22
106152,Arun,INST-7574,4:15,0,22.1,23.5,95.1,83.2,14.9,14.8,7.3,17.12,92.92,0
106153,Ravi,INST-7355,9:45,601.4,30.8,25.6,18.6,21.8,8.2,0,26.4,17.59,98.68,0.9
106154,John,INST-2159,23:00,0,35,36.4,57.3,38.1,0.4,23.4,29.5,21.85,96.17,0
106155,Akash,INST-3561,19:00,0,32.3,32.3,67,34.2,7.6,19.2,5.7,20.8,98.77,0
106156,Meena,INST-2018,7:45,259.8,32.7,32.5,1.4,70.6,2.3,0,1.9,20.18,92.42,0.51
106157,John,INST-5334,13:30,381.1,41.3,37.9,71.7,52,2,7,1.7,17.26,98.12,0.49
106158,Arun,INST-7072,12:00,984,34.8,24.9,1.3,83.2,5.5,0,8.8,20.72,96.93,1.82
106159,Priya,INST-9892,10:00,811.2,37.4,30.6,10.3,90.6,1.5,0,2,22.42,93.87,1.5
106160,Priya,INST-7533,11:30,868.3,40.5,33.2,10.8,29.9,10.2,0,6.3,19.51,93.49,1.37
106161,Akash,INST-2441,18:45,0,31.8,33.4,19.6,88.2,12.2,0,28.8,21.03,96.16,0.03
106162,Ravi,INST-6409,13:45,538.9,35,31.2,54.3,86,3.9,17.2,1.8,20.71,92.83,0.95
106163,Ravi,INST-5432,5:00,0,26.9,28,85.3,40.5,0.9,10.8,7.4,22.32,93.61,0
106164,Divya,INST-4176,12:00,631.6,30.8,25,44.6,63.6,13.9,20.3,11.1,22.43,94.16,1.17
106165,Meena,INST-4295,3:15,0,21,19.5,41.4,48.1,11.3,2.7,26.3,19.51,98.33,0.19
106166,Divya,INST-1393,9:45,328.5,22.4,18.4,62.9,28.6,11.1,22.5,17.7,18.2,95.41,0.55
106167,John,INST-8633,5:45,0,40.1,38.8,31.2,25.1,7,0,23.3,17.52,95.23,0.2
106168,Kumar,INST-6733,10:00,233.3,37.8,36.9,87,21.2,1.5,20.8,24,21.09,97.25,0.58
106169,Akash,INST-8207,20:15,0,24.3,23.7,44.7,85,0.5,7.7,5.1,20.44,98.7,0.11
106170,Arun,INST-7165,19:45,0,40.5,39.1,83.6,58,12.5,9.8,29.9,17.2,94.88,0.13
106171,Akash,INST-5650,6:00,9.2,41.7,40.6,23.2,65.6,14,0,18.7,22.57,95.2,0.15
106172,Priya,INST-6176,14:45,836,38.9,33.8,4.1,75.3,1.4,0,29,20.3,92.15,1.26
106173,Priya,INST-2369,1:00,0,42.2,41.2,69,47.4,13.3,5.4,9.4,19.4,98.41,0.15
106174,John,INST-8330,0:15,0,32.2,33.4,65,37.6,5,14.2,10,19.77,96.37,0.14
106175,Priya,INST-5564,22:45,0,40.5,41,61,40.1,8.7,7.5,4.9,20.27,97.41,0
106176,Ravi,INST-9932,7:15,77.1,28.2,27.5,86.6,69.6,14.1,4.1,14,18.15,94.41,0.1
106177,Divya,INST-8320,4:45,0,29.3,27.9,32.1,85.3,12.1,0,21.1,18.82,95.78,0
106178,John,INST-1592,11:30,801,32.5,26.9,18.9,38,1.1,0,6.4,21.85,93.72,1.78
106179,Akash,INST-1741,15:15,364.1,27.4,26.2,57.9,25.5,9.7,1.3,11.5,22.95,96.18,0.58
106180,Arun,INST-9388,16:00,302.8,27.8,23.5,44.4,73.1,4.2,7.3,18.2,21.43,92.62,0.52
106181,Priya,INST-3524,7:45,188.2,24.8,22.8,33.5,37.1,11.7,0,9.8,18.91,95.14,0.22
106182,John,INST-7061,17:15,196.3,39.5,39.2,31.7,57.2,6.8,0,0.9,22.58,95.99,0.34
106183,Meena,INST-4418,0:15,0,27.2,26.9,69.2,49.3,8.1,13.1,13.9,17.68,93.68,0
106184,Ravi,INST-4989,21:30,0,22.3,22.7,41.4,89.2,7.8,16,2.2,21.28,93.2,0.17
106185,Akash,INST-8086,14:15,248.6,27.3,25.5,85.1,61.4,5.1,13.4,7.7,18.79,94.3,0.36
106186,Ravi,INST-9336,20:45,0,25.4,25.5,25.1,51.2,10.4,0,24.7,22.4,95.53,0.07
106187,John,INST-7473,22:00,0,26.7,27.5,46,63.1,11.1,8.8,0.1,19.19,98.06,0.01
106188,Akash,INST-8198,7:15,219.6,42.9,39.9,15.1,77.9,8.9,0,24,21.29,96.26,0.59
106189,Kumar,INST-2731,4:15,0,36.3,36.9,29.7,38.4,11.3,0,0.3,17.13,98.37,0
106190,Akash,INST-6800,4:15,0,35.7,37.4,94.3,40.7,5.1,23.5,8.8,20.73,97.81,0.01
106191,Akash,INST-5770,21:30,0,39.7,38,86.1,40.2,13.3,17.6,3.6,22.28,94.32,0
106192,John,INST-2227,2:30,0,28,26.5,54.4,80.2,12.5,18.8,3.1,21.73,92.19,0.19
106193,John,INST-4222,0:30,0,24.8,25.7,74.1,24.6,0.5,7.6,13.6,20.16,98.51,0
106194,John,INST-6217,14:30,327.6,26.9,25.9,73.1,68.1,4,10.7,12.5,22.96,98.21,0.5
106195,Kumar,INST-2527,5:30,0,37.4,37.9,54.7,75.4,7.3,19.7,22.2,18.05,97.27,0.15
106196,Meena,INST-3394,2:30,0,23,22.1,55.7,27.4,8.4,14.5,13.3,19.02,98.62,0
106197,Akash,INST-9294,8:00,431.9,26.1,21.1,17,61,7,0,11.6,20.55,96.29,0.61
106198,Meena,INST-7428,19:15,0,23.5,21.7,24.1,77.3,5.1,0,23,19.7,97.71,0
106199,Meena,INST-7243,13:45,793,39.9,33.1,19.5,40.2,7,0,25.4,21.79,96.3,1.41
106200,Meena,INST-2324,19:00,0,33.6,35.1,57.3,90.6,2.1,21.4,6.4,17.2,95.55,0.1
106201,Akash,INST-1470,13:45,285.2,28.8,25.4,84.7,39.6,1.8,6,19.8,21.64,96.41,0.66
106202,Arun,INST-8917,21:00,0,27.4,27.1,21.7,31.3,9,0,18.2,17.91,98.82,0
106203,Divya,INST-7253,5:30,0,24.8,24.5,62.5,71.1,14.8,2.6,10.4,21.08,94.39,0.05
106204,Divya,INST-8894,8:15,378.6,37.1,32.7,25.7,86,0.3,0,27.5,22.37,95.62,0.58
106205,Kumar,INST-6009,16:45,444.3,32.2,26.8,17.6,32.2,3.1,0,22.1,19.88,94.18,0.8
106206,Priya,INST-5157,9:30,292.3,30.6,29.2,67.1,62.1,5,9.8,8.4,20.33,92.62,0.65
106207,Arun,INST-5575,16:30,197,38.5,36.7,70,86.8,11.6,18.2,20.8,20.91,97.97,0.26
106208,Priya,INST-9558,22:30,0,22.1,20.7,86.8,36,9.6,17,24.5,19.35,93.54,0.04
106209,Akash,INST-1442,0:45,0,33.8,33.7,77.7,41.8,8.7,0.9,6.3,21.42,96.78,0.18
106210,Akash,INST-4214,3:15,0,33.4,34,83.7,68.4,1.5,16.7,14,19.55,95.72,0.07
106211,Divya,INST-2969,7:00,87.3,37.5,38.5,80.6,44.4,2.3,1.1,26,21.65,93.21,0.03
106212,Meena,INST-5796,4:00,0,26.7,26.6,87.5,23.8,4.9,11.6,1.6,21.03,98.51,0
106213,Meena,INST-3456,1:00,0,22.4,20.8,43.6,47.9,8.1,16.3,20.6,17.28,97.03,0.2
106214,Meena,INST-2516,13:30,940.4,45.5,38.7,1.4,94.5,1.9,0,13.6,22.17,95.13,1.7
106215,Arun,INST-3978,11:45,791.1,39.1,33.4,23.9,39,0.6,0,5.9,20.93,93.84,1.43
106216,Akash,INST-9400,1:15,0,16.7,18.6,39.1,50.8,14.5,0,19.4,22.79,98.68,0.1
106217,Akash,INST-1678,3:00,0,32.3,30.6,86.4,41.8,9.3,21.8,27.2,17.08,96.41,0
106218,Priya,INST-5848,18:30,0,28.4,27.5,25.4,62.4,6.2,0,18.8,20.55,93.96,0.02
106219,Divya,INST-1676,19:45,0,31.1,31.8,77.5,48,0.8,21.1,19.5,22.21,92.16,0
106220,Ravi,INST-2509,10:15,677.6,38.4,32,24.9,69.5,1,0,9.2,20.49,95.68,1.4
106221,Ravi,INST-1049,18:00,0,19.1,21,41.6,74.6,7.7,20.6,3.4,21.9,97.91,0
106222,Ravi,INST-2872,2:00,0,29,30.3,88.2,56.6,12.2,20.3,10.5,22.12,98.41,0.17
106223,Divya,INST-2158,19:30,0,35.3,33.6,68.4,50.5,2.7,18.2,0,20.66,95.75,0
106224,Ravi,INST-4253,17:45,55.1,27.4,26.7,89,48.3,2.9,7.9,9.2,19.67,97.9,0.15
106225,Kumar,INST-9849,6:45,0,31.5,31.6,44.8,22.7,4.9,14.6,27.5,19.31,98.56,0
106226,Arun,INST-9884,11:30,464.7,40.4,34.7,62.7,21.5,1.9,19.5,7.7,19.36,94.03,0.67
106227,Meena,INST-1126,8:30,180.5,20.2,20.7,75.3,47.3,5.9,12.2,22.4,17.8,95.63,0.29
106228,Priya,INST-9673,11:45,638.3,35.7,30.7,41.6,36.1,10.8,9.7,6.4,17.82,94.48,1.18
106229,Arun,INST-5136,8:30,245.2,32,28.6,61.2,39.6,1.3,14.9,24.5,22.21,98.85,0.54
106230,John,INST-8633,21:45,0,33,33.6,42.5,24,12.5,15.4,9.9,22.83,94.27,0
106231,Akash,INST-3127,11:15,409.9,31.1,29.3,71.5,65.2,4.3,22.6,5,20.8,96.19,0.79
106232,Akash,INST-4875,10:45,525.5,26.4,20.4,46.5,59.7,4.7,2.2,28.8,22.33,98.7,0.79
106233,Arun,INST-1461,7:00,229.2,37.1,35.3,18.4,22,9.1,0,12.4,17.94,97.68,0.52
106234,Divya,INST-6996,20:15,0,33.6,31.6,29.2,82.3,14,0,1.9,19.54,97.59,0
106235,Divya,INST-8032,7:45,78.9,41.5,41.3,74.8,77.6,6.5,15.4,4,21.15,93.07,0.3
106236,Arun,INST-6649,17:30,76.7,41.3,41.6,86.8,48.2,4.3,22.2,17.3,20.89,95.36,0.04
106237,Priya,INST-2000,15:45,415.6,27.7,23.5,46.9,25.2,14.2,19.8,7,19.33,92.6,0.76
106238,John,INST-3738,6:45,15.9,33.6,33.6,10.6,78.9,6.7,0,24.3,18.25,93.56,0
106239,Priya,INST-2692,15:00,628.1,37.8,31.6,13.2,45,5.3,0,14.2,17.93,96.81,1.11
106240,Divya,INST-2058,15:45,523.3,40.9,37.4,28.2,34.5,8.8,0,4.2,21.98,96.69,1.16
106241,Meena,INST-9466,18:15,1,30,28.9,84.1,84.6,14.8,23.9,4.5,18.16,98.02,0
106242,Meena,INST-2332,23:30,0,19.5,21,94.3,68.3,11.7,7,24.5,19.53,94.49,0
106243,Kumar,INST-5499,12:15,297.1,20.2,19.2,85.3,77.5,1.1,2.8,12,22.42,92.01,0.68
106244,Priya,INST-3880,10:30,686.5,29.2,24.5,24.1,42.1,6.4,0,3.8,18.64,92.64,1.3
106245,John,INST-9814,18:00,0,33,32,45.7,64.1,3,5.9,7.1,19.26,94.96,0
106246,Meena,INST-3474,7:45,128.3,31.8,31.8,64.7,59.9,11.5,0.9,26.3,17.07,94.47,0.3
106247,Ravi,INST-3464,17:30,186.1,44.3,41.2,38.5,79.6,5,0,14.2,22.91,96.34,0.52
106248,Akash,INST-7912,16:00,291.8,27.2,24.7,54.4,77.5,6.4,7,13,18.88,97.4,0.45
106249,Kumar,INST-9559,11:45,463.3,23.4,20.9,64.3,32,7.3,0.1,28.6,20.42,96.52,0.67
106250,Meena,INST-8291,7:45,140.7,23.2,23.1,59.1,34,11.4,1,24.9,20.65,93.1,0.3
106251,Priya,INST-8026,23:45,0,35.2,33.5,87.1,36.9,0.2,19.7,21.6,17.71,95.7,0.19
106252,Arun,INST-1339,10:15,456.8,44.7,39.3,59.1,45.2,1.2,13.2,24.9,21.41,93.77,0.69
106253,Meena,INST-3326,2:45,0,35.4,34.5,54.7,83,11,16,20.2,18.12,92.53,0.01
106254,Kumar,INST-1448,1:30,0,27.8,26.5,92.8,57.2,13.9,12.8,11.4,18.7,96.76,0
106255,Akash,INST-7599,17:00,254.6,23.7,23.5,0.7,56.1,14.4,0,28.9,17.58,97.97,0.48
106256,Meena,INST-5046,23:30,0,22.1,23.5,88.3,88.8,1.6,13.6,30,19.45,97.87,0.19
106257,John,INST-4818,5:00,0,29.5,29.2,86,93.4,4.9,14.3,3.5,20.67,97.2,0.01
106258,Divya,INST-8986,21:45,0,30.6,30.6,72.5,49.7,0.3,11.2,1.8,20.54,97.2,0
106259,Arun,INST-8413,13:15,513.2,44.9,40.1,54.2,22.7,6.7,3.3,28.2,20.96,96.68,0.94
106260,Akash,INST-8051,18:30,18.4,17.5,18.9,9.7,84.2,1.9,0,25.4,18.17,94.18,0.15
106261,Ravi,INST-6825,19:45,0,17.9,18.5,29.2,47.1,0.4,0,10,21.58,97.78,0
106262,Akash,INST-1681,9:00,681.4,40.3,36.1,1.7,69.2,8.2,0,7.3,21.94,95.89,1.43
106263,Ravi,INST-1180,12:30,729,31.7,24.6,31.6,85.7,1,0,13.6,22.22,95.95,1.29
106264,Arun,INST-5762,5:15,0,20.6,22.2,71.7,52.9,3.7,19.2,1.3,18.17,97.37,0.03
106265,John,INST-6191,5:30,0,17.7,18.4,69.1,41.9,11.6,1.7,4.8,19.7,94.5,0
106266,Divya,INST-6555,7:30,110.4,42.9,41.6,65.8,29.5,9.4,18,20.9,22.68,97.69,0.33
106267,John,INST-8732,7:45,73.2,31.1,31.7,80.3,48.4,2.2,0,9.6,18.64,92.61,0.13
106268,Meena,INST-6005,7:00,64.6,38,38.9,84.6,67.1,6.4,17.4,28.8,22.98,92.71,0
106269,Meena,INST-6019,15:15,471.1,26.3,23.3,38.5,77.2,2.1,0,12.1,17.8,93.02,0.76
106270,Akash,INST-2593,17:00,170.1,39.4,39.2,45.4,77.5,11.7,1.8,24.2,19.63,93.94,0.15
106271,Arun,INST-5211,1:15,0,25.3,24.9,71,27.3,4.2,14.7,23.7,17.56,92.65,0
106272,Ravi,INST-2296,19:00,0,36,36.8,83.1,32.3,2.3,6.8,16.3,17.37,93.76,0
106273,Akash,INST-4191,6:15,0,22.5,22.5,1.8,64,13.1,0,0.9,18.14,93.88,0
106274,Priya,INST-1150,3:15,0,38.3,39.9,91.3,93.9,12.4,19,10.5,17.24,98.45,0.14
106275,John,INST-8276,11:45,424.1,28.1,22.7,66.8,25.4,0.8,24.1,22.9,20.79,97.85,0.89
106276,John,INST-8443,7:30,242.2,24.4,20.4,2.9,59.4,0.5,0,2.8,21.39,98.93,0.58
106277,Meena,INST-5449,13:00,370.3,46.1,41.3,74.1,57.9,6,7.9,6.1,17.78,97.54,0.43
106278,Divya,INST-8986,23:15,0,35,35.7,52.5,82.5,4,5.7,7.3,20.89,98.4,0
106279,John,INST-7614,7:15,218.1,31.9,28.1,26.2,35.7,0.4,0,15.7,20.31,94.18,0.52
106280,Ravi,INST-3640,11:15,547.6,27.6,21.6,50.6,47.8,3.5,5.7,25.6,17.23,93.68,0.64
106281,John,INST-8380,5:15,0,19.7,18.2,66,94.5,2.8,24.4,4.7,18.95,97.88,0.11
106282,John,INST-3985,6:15,10.6,32.5,33.6,60,54,7.2,6.9,3.6,19.64,97.07,0.05
106283,Divya,INST-1837,19:30,0,36.4,37.9,49.2,44.6,10.7,19.2,15.8,21.11,98.72,0.07
106284,Meena,INST-6123,9:15,343.6,21,18.1,63.2,50.8,3.5,15.7,24.1,20.04,92.53,0.57
106285,Kumar,INST-3917,16:00,359.4,25.1,22.3,32.1,52.2,14.8,0,15.5,21.67,95.98,0.81
106286,Akash,INST-1581,10:00,405.8,35,31.6,64.6,30.3,8.2,6.3,25,22.35,93.4,0.76
106287,Meena,INST-4580,4:00,0,33.2,31.4,24.7,49.1,12.3,0,11.7,17.07,95.48,0
106288,Arun,INST-7921,16:30,463.1,23.9,20.4,7.4,80.6,9.9,0,16.8,19.46,96.27,0.9
106289,Arun,INST-4189,3:30,0,23.7,24.4,76,46.2,13.2,2.5,14.1,18.09,98.37,0.17
106290,Arun,INST-1927,0:30,0,18.2,19.2,64,45.9,4.4,24.1,27,20.17,94,0
106291,Meena,INST-1744,15:00,312.9,29.6,27,64,81.7,3.8,8.8,3.9,17.59,95.13,0.68
106292,John,INST-4354,10:45,479,36.1,34,55.7,48.1,5.2,1.8,25.5,20.61,94.96,0.82
106293,Divya,INST-9538,22:30,0,17.1,18.7,80.1,89.9,0.5,17.9,20.3,22.37,93.7,0.17
106294,Ravi,INST-9307,21:30,0,22.9,24.3,61.8,80.5,2.1,14.7,11.6,17.81,94.09,0.04
106295,John,INST-8486,8:45,258.8,30.9,28.5,56.2,38.8,9.7,13.2,8.2,18.26,94.32,0.39
106296,Priya,INST-3795,1:30,0,30.3,31.2,21,55.4,0.7,0,25.3,17.56,97.62,0
106297,Priya,INST-3479,1:30,0,30.8,31.2,22.7,78.8,5.9,0,2.1,20.02,98.82,0.04
106298,Ravi,INST-6011,11:00,797.7,25.8,20.9,21.5,81.3,1.6,0,20.5,18.71,96.62,1.11
106299,Akash,INST-4952,15:00,260.7,23.6,21.7,79.1,74.5,7.3,11,8,18.66,92.9,0.44
106300,John,INST-9764,17:15,232.8,28.9,28.3,7.9,71.5,10.2,0,21.6,21.8,92.41,0.56
106301,Priya,INST-9938,0:45,0,40.6,40.5,69,70.8,0.2,10.3,18.6,18.34,93.77,0
106302,Meena,INST-8916,12:30,934.9,34.7,28.5,6.4,27.1,1.9,0,0.9,20.78,97.17,1.77
106303,Arun,INST-5624,14:15,300.3,40.1,37,79.5,90.1,4.5,19.7,6.9,21.66,97.36,0.62
106304,Priya,INST-5813,18:45,14.1,24.2,25.6,83.8,83.9,10.2,0.1,7.8,20.15,95.2,0.17
106305,Meena,INST-4331,21:45,0,36.9,36.1,89.5,58.7,10.3,10.8,28.6,20.61,92.45,0.05
106306,Arun,INST-8758,14:30,366.7,22.9,20.1,66.8,32.5,11.8,19.8,6.4,17.64,96.98,0.7
106307,Divya,INST-1084,3:00,0,29.2,29.8,39,51.4,8,0,12.9,20.75,94.24,0.17
106308,John,INST-7565,15:15,229.7,36.1,33.5,83.2,33.9,2.6,14.5,12.7,21.86,97.26,0.59
106309,Ravi,INST-8659,2:00,0,26.9,26,52.7,23,2.3,9.9,28.2,19.2,97.98,0
106310,Ravi,INST-6895,2:00,0,32.3,33.1,99.9,31.2,9.9,14.8,8.7,20.09,97.64,0.09
106311,Priya,INST-3736,13:30,794.5,39.5,34.9,20.2,71.9,0,0,5.4,21.83,97.79,1.62
106312,Kumar,INST-8110,0:30,0,21,19.6,26.8,41.3,5.1,0,29.3,21.48,93.7,0
106313,Divya,INST-9839,11:00,871.2,41,35.1,11.3,87.1,5.2,0,9.5,19.49,96.17,1.72
106314,Kumar,INST-2105,16:15,203.1,39.2,36,75,80.5,12.8,9.6,5.7,17.58,95.93,0.32
106315,Kumar,INST-4981,19:00,0,25.7,24.2,60.1,59.5,0.3,10.8,20.4,20.86,93.93,0
106316,Divya,INST-6115,6:00,0,42.8,41.9,87.3,24.4,12.3,15.1,7.8,21.4,94.92,0
106317,John,INST-3967,9:30,180.6,39.9,38.5,89.6,78,10.3,5.4,1.3,19.8,97.01,0.27
106318,Priya,INST-8334,9:45,381.2,32.6,29.1,57.1,78.3,13.1,10,7.9,17.99,93.52,0.76
106319,Akash,INST-2359,23:00,0,19.7,19.7,56.8,87.3,12.7,15.2,20.2,20.85,97.39,0
106320,Akash,INST-2172,3:00,0,24.2,24.4,55.8,73.7,11.9,21,28.4,20.7,93.79,0
106321,Kumar,INST-5492,12:00,381.1,26.7,22.1,75.9,91.6,1.4,3.5,4.6,20.02,96.45,0.66
106322,John,INST-9604,3:45,0,31.2,29.4,34.1,71.7,1.1,0,4.3,20.43,93.99,0
106323,Arun,INST-2526,2:45,0,33.8,33.2,40.2,51.8,0.9,18.5,23.9,22.08,94.17,0
106324,Ravi,INST-7309,20:15,0,30.4,28.6,25.1,61.6,3.8,0,18,19.7,98.18,0.11
106325,Kumar,INST-8133,13:00,409,35.3,31.8,66.7,53.8,0,0.5,29.4,21.7,93.7,0.53
106326,John,INST-1231,5:30,0,39.3,41,58.5,61.9,10.8,14.6,19.6,22.86,96.26,0.17
106327,Ravi,INST-3016,21:30,0,20.3,18.6,44.5,80.5,2.5,14.1,9.8,19.24,95.99,0
106328,Meena,INST-5813,14:45,493.8,34.3,31.9,54.1,58.9,14.9,2.6,11,20.43,93.72,0.89
106329,Ravi,INST-7663,5:15,0,35.2,36.3,41.4,63.2,13.3,3.3,22.6,18.56,93.3,0.19
106330,Divya,INST-3091,15:45,556.1,46.3,40.7,28.9,22.6,12.6,0,1.3,17.11,95.49,1
106331,Kumar,INST-2923,20:00,0,26.3,26.7,50.6,56.7,6.9,24.5,17.2,21.75,95.24,0
106332,John,INST-5039,8:00,483.3,24.8,21.2,3,38.9,9.4,0,5.4,17.51,98.95,0.91
106333,Akash,INST-2327,23:00,0,36.1,35.5,41.2,58.6,4.6,6.4,3,18.96,98.57,0
106334,Akash,INST-5840,6:45,17.2,31.9,32.4,55.1,70.2,5.7,6.1,25.3,21.31,97.41,0.01
106335,Priya,INST-6402,10:00,681.4,47,40.4,23.8,28.7,10.9,0,18.9,18.31,98.48,1.22
106336,Kumar,INST-3425,14:45,606,40.3,35.3,38.3,38.6,6.7,0,22.7,21.35,94.16,0.92
106337,John,INST-4115,12:45,513.2,39.5,35.5,59.9,20.9,4.1,10.7,12.6,21.51,93.95,0.91
106338,Arun,INST-8504,2:15,0,32.2,32.4,40,69,1.9,0,24.5,17.99,97.11,0.01
106339,Ravi,INST-8828,20:00,0,33.7,34.1,69,27,2.1,1.6,10,19.34,94.7,0
106340,Arun,INST-5947,7:00,120.3,33.4,32.6,57.1,34.1,4,14,20.8,20.85,93.32,0.05
106341,Priya,INST-6261,18:30,2.9,27.8,27.4,83.7,46.8,14.1,14.7,15.4,19.65,97.22,0
106342,Divya,INST-2772,16:45,173.7,33.5,32.3,73.7,45.8,11.6,23.2,1.9,21.51,98.71,0.56
106343,Ravi,INST-8604,3:15,0,33.5,33.3,55.3,41,14.3,23.1,5.7,21.85,97.62,0
106344,John,INST-9078,21:15,0,40,40.1,78.7,26.8,4.7,21.1,17.3,21.96,93.72,0
106345,Akash,INST-8830,12:30,749.2,36.8,29.5,30.3,84.6,15,0,11.9,19.25,94.72,1.41
106346,Akash,INST-5017,8:00,369,39.6,36.1,31.7,22.6,9.8,0,27.2,22.94,92.34,0.81
106347,Akash,INST-9524,6:15,0,36.5,36.1,13.7,41.4,1.3,0,19.9,21.47,98.13,0.05
106348,John,INST-1516,3:00,0,31,31.4,66,51.2,10.8,23.5,13.3,20.64,96.7,0
106349,Divya,INST-4139,15:00,336.6,38.5,34.4,62.5,40.5,6.6,17.2,1.2,21.5,98.14,0.87
106350,Ravi,INST-7745,10:30,488.2,40.1,35.3,51.2,82,7.7,2.1,23.8,18.18,95.44,0.61
106351,Divya,INST-2717,20:15,0,27.9,28.4,52.7,49.4,10.1,22.2,16.4,21.36,92.5,0
106352,Meena,INST-9513,22:15,0,34.5,34.7,42.2,79.8,11.8,18.5,25.3,21.48,95.76,0
106353,Ravi,INST-8835,11:15,276.6,24.1,20.1,85.6,41.3,2.4,10,25,21.38,95.06,0.45
106354,John,INST-5493,7:15,85.9,38.5,37.6,73.3,91.3,5.2,12.1,20.3,20.52,97.77,0.35
106355,Arun,INST-8956,14:45,739.3,28.7,22.8,18.5,38,6.3,0,1.1,21.64,98.13,1.5
106356,Priya,INST-9143,7:15,144.3,28.2,25.5,57.8,70.5,14.3,11.7,15.3,20.3,98.17,0.17
106357,John,INST-5252,22:15,0,42.3,40.4,37.3,25,0.8,0,27.2,19.91,93.7,0.13
106358,Priya,INST-8242,11:45,416.5,32.4,27.6,66.9,21.2,14.5,18.6,13,22.46,98.79,1.01
106359,Kumar,INST-5844,16:45,373.3,39.4,35.1,30.1,29.9,3.1,0,1.6,17.17,95.65,0.78
106360,Kumar,INST-9991,17:45,269.4,32,29.6,3.3,31.7,0.3,0,7.7,22.44,98.76,0.44
106361,Kumar,INST-5000,2:15,0,37.4,39.2,33,86,0.2,0,16.9,22.92,95.23,0.08
106362,Kumar,INST-6035,8:30,322,42,39.4,46.9,55.5,11.4,23.6,6.8,18.74,93.32,0.47
106363,Kumar,INST-6169,18:45,0,27.6,27.6,49.6,34.5,12.6,0.4,1.3,17.94,94.79,0
106364,Akash,INST-8975,12:30,673.5,25.7,18.2,36.9,85.9,3.2,0,7.4,18.86,97.39,1.01
106365,Ravi,INST-8111,20:15,0,23.5,24.4,69.1,82.4,10.5,1.4,28.6,18.38,93.72,0
106366,Divya,INST-5449,5:30,0,30,30.7,33.7,52.9,7.4,0,10.9,18.97,97.77,0.02
106367,John,INST-7719,18:00,0,41.6,40.3,49.1,82.2,6.5,9.4,21.8,19.14,93.79,0
106368,Meena,INST-2488,14:00,613.5,32.9,26.7,33.8,57.2,1.3,0,10.5,18.48,97.15,1.23
106369,Akash,INST-8153,8:15,351.9,30.6,26,38.3,71,7,0,4.2,22.92,97.99,0.86
106370,Arun,INST-7445,13:15,273.2,40.5,36.9,83.6,20.2,8.7,2.6,22.5,19.85,96.43,0.43
106371,Kumar,INST-5902,5:15,0,23.9,23,36.2,69.8,3.6,0,13.1,19.92,96.96,0
106372,Priya,INST-2355,16:15,191.4,42.5,41.3,77.4,42.3,4.5,0.7,13,20.77,95.56,0.53
106373,Ravi,INST-2065,2:15,0,39.7,40,42.7,75,1.3,13.4,27.7,22.86,95.87,0.16
106374,John,INST-9330,23:00,0,39.7,39.8,71.4,43.4,10.8,5.9,14.3,20.65,93.37,0.13
106375,Meena,INST-3736,20:45,0,31.6,32.3,93.7,26.3,7.1,12.2,6.4,21.25,93.19,0.08
106376,Akash,INST-2545,3:15,0,35.4,36.5,27.5,48.6,10.7,0,18.1,18.66,97.4,0
106377,Divya,INST-9343,7:00,192.7,28,26.5,37.9,52.6,3.8,0,16.7,21.27,92.62,0.24
106378,John,INST-4026,11:45,904.8,36.7,29.9,7.2,29.8,10.9,0,11,17.58,96.1,1.57
106379,Divya,INST-6133,13:30,268.7,20.3,18.6,85.6,89.1,2.7,15.4,8,18.82,97.57,0.62
106380,Arun,INST-1448,22:45,0,37.4,37.5,91.1,39.3,10.2,4.8,16.9,20.45,96.83,0
106381,Priya,INST-2426,4:15,0,23.4,21.8,70.2,36.3,12.3,24.1,15.2,19.72,95.42,0.09
106382,Divya,INST-4308,3:15,0,17.7,18.3,45.2,55.8,3.7,23.4,21,22.3,92.19,0.13
106383,Kumar,INST-8231,16:45,433,42.5,39,20.4,27.8,7.6,0,15.2,22.32,94.78,0.74
106384,Kumar,INST-7414,15:30,477.7,38.8,34.1,36.9,38.5,13.1,0,8.1,19.78,97.6,1.08
106385,Divya,INST-7191,17:00,133.5,23.6,24.3,57.5,60.1,4.4,17.9,23.1,17.08,96.33,0.37
106386,Kumar,INST-6188,23:30,0,34.8,35.3,50.2,88.1,0.8,0.2,16.9,17.89,98.6,0.02
106387,Ravi,INST-4489,21:15,0,17.9,19.5,54.9,86.9,3.7,20.1,16.8,20.36,94.86,0.04
106388,Akash,INST-7703,5:15,0,32.3,31.7,35.6,33.4,6.3,0,10.6,19.06,98.52,0
106389,Kumar,INST-6265,15:45,370.7,28.3,23.7,60.5,49.9,10.6,21.9,23.5,22.46,96.3,0.73
106390,Meena,INST-3258,3:30,0,30.8,31.6,89.8,63.3,8.2,14.7,16.6,22.04,92.25,0
106391,Meena,INST-5277,14:15,543.4,39.2,32.8,46.6,78.7,1.8,20.2,22.1,21.5,95.6,0.94
106392,Divya,INST-9365,0:30,0,37.7,37.4,90.5,27.4,7.5,16,24.8,21.56,93.09,0
106393,Priya,INST-9732,2:30,0,35.4,33.5,22.9,62.6,8.3,0,16,22.65,92.46,0
106394,Ravi,INST-9010,21:00,0,40.5,39.8,90.4,94.7,7.3,12.4,7.5,18.21,97.3,0.16
106395,Divya,INST-2628,8:00,273.4,33.6,32.2,53.4,77.2,11.7,4.5,25.7,18.19,98.36,0.6
106396,John,INST-1627,17:00,222.7,37.7,35,22.5,52.8,3.7,0,25.1,21.1,92.44,0.49
106397,Kumar,INST-7674,12:30,929.5,31.2,23.7,9.4,64.9,1.2,0,6.3,20.35,98.65,1.89
106398,Akash,INST-4699,21:00,0,24.4,24.9,61.7,89.2,4.6,9.8,26.9,17.88,96.7,0
106399,Meena,INST-5827,1:30,0,40.6,38.9,58.9,56.1,3.7,4.3,28.9,17.34,97.77,0.02
106400,John,INST-2708,16:30,173.9,33.2,31.1,79,57,3.1,20,19.6,19.53,97.7,0.18
106401,Priya,INST-3412,16:00,221.7,37.5,34.1,66.6,43.9,10.2,18.8,9.9,18.1,98.45,0.47
106402,Priya,INST-3057,7:30,237.7,33.9,33.3,13.2,39.1,7.2,0,19.5,19.49,97.73,0.59
106403,Ravi,INST-2057,16:30,498.6,27.2,22.5,1.6,45.6,9.2,0,14.8,20.77,93.85,0.95
106404,Akash,INST-2569,14:00,664.3,40.9,37.1,28.9,91.7,4.6,0,8.8,17.77,93.84,0.94
106405,Divya,INST-5986,13:45,532.6,29.5,25.3,55.3,42.5,0.9,8.9,13.9,17.98,95.18,0.72
106406,John,INST-7807,6:00,0,23.4,24.6,59.6,67.9,1.4,3.8,19.5,19.58,95.33,0
106407,Meena,INST-1491,13:30,360,37.2,36.1,77.1,86.8,8.1,0,12.1,20.54,93.12,0.59
106408,Divya,INST-4062,7:00,215.8,23.7,22.4,11.3,80.5,4.6,0,28.3,19.94,94.26,0.31
106409,Akash,INST-5281,14:45,246.6,27.3,25.9,85.3,38,3.8,14.9,28.4,21.04,97.01,0.24
106410,Divya,INST-2027,16:00,151.9,42.8,40.2,83.5,54.4,0.5,12.1,5.8,20.67,97.06,0.18
106411,Kumar,INST-3183,6:30,0,20.7,21.7,10.4,73.1,4.8,0,23.3,18.8,96.85,0
106412,Ravi,INST-9546,22:45,0,28.8,30.4,39.5,61,2.3,0,20.3,20.29,98.68,0.1
106413,Arun,INST-8759,0:45,0,37.1,37.6,92.8,23.1,2.4,18.3,6.6,17.29,92.29,0
106414,Kumar,INST-2280,23:45,0,35.5,34.3,41.7,39.4,8,23.8,17.8,20.24,94.67,0.08
106415,Kumar,INST-5999,16:30,433.3,40.1,35.6,15.2,41.9,1.9,0,29.1,21.85,98.04,0.75
106416,Divya,INST-8010,3:00,0,23.2,21.9,64.2,37.7,6.4,1.3,0,22.26,94.42,0
106417,Akash,INST-4275,6:30,16.6,27.5,28.1,13.8,61.1,2.8,0,15.4,17.58,92.37,0
106418,Akash,INST-3193,10:00,589.6,27.1,22.7,38.6,23.9,6.1,0,3.7,21.47,94.68,1.1
106419,Kumar,INST-8850,6:15,0,36.2,38,18.9,21.3,14.5,0,7.6,19.52,94.8,0.05
106420,John,INST-6179,19:15,0,30.3,30.1,91.5,80.9,12.6,20.1,1.2,21.32,92.33,0.05
106421,Arun,INST-4530,7:45,206.7,28.3,26.1,17,89,1.3,0,5.4,21.25,94.62,0.33
106422,Akash,INST-9144,10:45,528.7,29.9,24.4,44.4,86.8,0.9,6.9,23,20.83,92.81,0.71
106423,Ravi,INST-8013,4:00,0,30,31.2,75.6,47.7,6.4,9.9,22,20.27,95.87,0
106424,John,INST-9532,19:00,0,31,31.6,44.2,33.6,5.7,9.7,8.3,19.8,96.63,0.14
106425,Arun,INST-7696,21:00,0,39.5,39.5,91.5,20.8,0.7,6.6,4.6,18.33,94.01,0
106426,Meena,INST-7271,22:15,0,40.6,40.1,48.9,42.2,7.2,20.4,5.2,19.35,93.07,0.01
106427,Akash,INST-1937,14:00,729.3,39.8,32.4,20.8,50.7,14.5,0,18.3,18.48,94.75,1.27
106428,Priya,INST-4753,18:30,0,24.4,25.3,41.9,49,6.8,19.6,14.2,18.36,92.47,0
106429,Divya,INST-4228,7:00,114.4,39.3,39.8,58.7,82.5,14.1,3.6,19,17.53,96.41,0.11
106430,Akash,INST-5539,15:00,617,31.5,28.1,15.2,75.6,13.2,0,3.6,18.52,92.19,0.94
106431,Ravi,INST-1104,13:15,477.5,21.7,19,60.4,28.1,14,5.5,17.5,22.25,94.98,0.78
106432,Meena,INST-4461,1:45,0,26.6,25.9,80.5,37.8,10.4,9.2,27.2,20.17,94.56,0
106433,Arun,INST-5252,2:45,0,31.8,29.8,83.1,52.4,12.5,5,21.7,19.3,94.25,0.05
106434,Priya,INST-8409,10:30,652.2,40,34,28.6,83.6,4.4,0,11.5,20.81,93.53,1.01
106435,Meena,INST-8126,11:15,561.1,25.7,22.3,52.2,64.6,4.2,22.9,4,17.17,94.44,0.88
106436,Akash,INST-7378,2:15,0,18,18.4,20.1,20.4,8.9,0,11.6,19.95,92.64,0.01
106437,John,INST-3355,4:30,0,30.6,32.4,59.5,62.2,10.1,23.9,18.5,21.31,98.27,0
106438,Kumar,INST-9470,2:15,0,26.7,26.6,64.9,64.4,3.2,13.5,26.7,18.1,94.17,0.08
106439,Akash,INST-1543,6:30,0,27.7,25.7,80.5,88.1,10.5,9,20.5,20.75,95.58,0.12
106440,Priya,INST-4090,4:45,0,31.5,29.6,41.8,63.9,8.2,12,18.7,19.82,94,0.1
106441,Akash,INST-6889,6:00,6.4,33.1,33.6,15.7,32.8,9,0,24.8,20.61,93.39,0
106442,Meena,INST-5953,16:00,464.2,25.7,23.5,10.4,54.2,3.8,0,19.6,22.46,92.2,0.7
106443,Divya,INST-8200,17:45,81.7,27.9,28.9,87.5,22,5.2,24.1,13.7,18.31,95.71,0
106444,Kumar,INST-6190,21:45,0,33.5,34.7,36.1,89.3,1.2,0,10.3,19.2,93.04,0
106445,Divya,INST-8296,19:15,0,31.8,31,71.1,36.2,12.4,22.8,24.7,22.71,97.69,0
106446,Akash,INST-6976,20:15,0,32.1,33.2,79.9,69.3,12.7,2.8,22.7,18.71,98.92,0.04
106447,Arun,INST-6682,10:45,475.5,22.1,19.4,54.2,35.4,10.9,19.1,22.8,20.89,98.76,0.99
106448,Arun,INST-3821,23:30,0,22.5,23.2,70.8,52.3,6.2,0.3,10.8,22.07,98.86,0
106449,Ravi,INST-5373,17:45,156.5,30.5,28.5,45.6,51.5,7.6,18,14.8,20.02,94.77,0.08
106450,Priya,INST-3106,23:00,0,30.6,28.8,67.1,67.2,7.2,24.3,4.4,22.65,94.66,0
106451,Divya,INST-4014,15:15,706.8,31,25,1,22.1,7.4,0,15.4,21.75,95.19,1.53
106452,Meena,INST-2301,21:45,0,39.1,40.6,26.2,67.9,6.6,0,26.8,22.07,97.57,0
106453,Akash,INST-2486,19:15,0,31.4,30.3,74.8,56,11,19.5,7.3,19.72,94.92,0.08
106454,Arun,INST-1145,21:45,0,29.7,31.7,65.9,86.6,2.4,6.8,16.5,17.5,95.79,0
106455,Divya,INST-1834,3:45,0,35.7,37.6,77.2,66.8,6.6,4.6,28.7,18.12,93.95,0.07
106456,Priya,INST-6231,9:15,399.9,33.5,29,48.9,70.2,12.3,3.5,12.6,21.18,95.11,0.8
106457,Priya,INST-5641,13:30,642.4,45,41,39,82.7,3.8,0,3.3,17.92,97.1,1.19
106458,Ravi,INST-2548,8:45,448.6,22.9,20.3,9,73.8,8.9,0,10,19.48,95.02,0.76
106459,Divya,INST-2349,21:15,0,23,22.9,95.3,63.7,0.8,9.7,19,20.52,96.01,0.06
106460,Akash,INST-7387,4:15,0,18.4,18.2,89.8,86.8,13.9,11.1,26.4,22.51,97.98,0
106461,Priya,INST-9418,20:45,0,25.1,24.2,79.1,71.9,9.2,17.1,22.8,17.71,94.53,0
106462,Ravi,INST-3037,11:45,841.5,47.7,39.5,17.2,76.2,0.4,0,14.1,21.41,96.4,1.64
106463,Meena,INST-1046,20:30,0,37.3,37.6,88.2,79.2,1.2,22.2,3.2,21.14,94.53,0
106464,Kumar,INST-9615,1:30,0,35.7,37,20.5,90.4,4.8,0,3.5,17.75,93.74,0.06
106465,Arun,INST-7970,10:15,725,30.8,25,18.6,38.8,2.7,0,29.9,19.22,93.97,1.25
106466,Meena,INST-3718,7:30,120.4,25.8,23.9,65.4,78.4,4.2,8.1,11.7,20.31,98.67,0.33
106467,Divya,INST-3352,17:30,155.8,24.7,23.3,39,80.7,0.3,0,19.4,22.31,98.23,0.48
106468,Meena,INST-2297,0:30,0,36,37.7,29.4,91.9,14.5,0,2.5,21.24,94.22,0
106469,Priya,INST-6994,16:15,434.3,33.6,30.1,12.4,53.6,0.1,0,16.9,20.82,98.81,0.9
106470,Priya,INST-7031,13:00,736.5,35.8,30.2,30.9,68.3,12.4,0,28.8,17.88,94.28,1.07
106471,Kumar,INST-7828,12:45,319,41.3,40.5,83,66.2,11.8,11.4,8.3,19.21,97.56,0.61
106472,Meena,INST-3381,3:15,0,22.7,21.3,87.9,47.7,10.2,2.7,8.3,18.57,92.2,0
106473,Akash,INST-9229,8:45,167.5,38,38,79.4,66.6,4.3,18.1,19.4,20.49,95.2,0.1
106474,Divya,INST-7651,14:30,384.1,34.9,30.4,65.9,26,8,2.6,5.8,22.53,96.22,0.94
106475,Kumar,INST-7385,9:30,676.7,36.5,31.1,8.2,65.9,9.5,0,14,22.38,95.02,1.14
106476,Ravi,INST-8761,19:30,0,29.7,27.7,86.8,73.4,3.4,5,21.8,21.87,94.68,0.19
106477,Arun,INST-2406,6:30,0,27.8,29.3,1.2,21.8,9.5,0,17.8,20.2,94.83,0.07
106478,Arun,INST-2487,7:15,242.6,37.9,33.9,4.5,80.6,5.4,0,18,19.17,93.56,0.39
106479,Arun,INST-7029,2:15,0,32.7,30.8,86.9,36.1,9.2,8.7,13,17.92,93.35,0
106480,Kumar,INST-2982,4:30,0,22.4,23.4,55.8,87.3,4.7,6.2,24,22.48,92.06,0.06
106481,Akash,INST-6561,19:15,0,25.7,27.6,54.8,62.5,3.5,12.1,28.6,17.27,92.69,0
106482,Priya,INST-8771,15:15,337.1,38.5,37.4,60.4,67.2,13.9,4.7,29.8,20.09,93.54,0.37
106483,Ravi,INST-4076,19:45,0,23,21.7,43.4,73.4,11.3,22.7,13.1,21.53,98.54,0.06
106484,John,INST-9019,22:00,0,18.9,19,39.7,78.6,13.8,0,12.6,17.04,95.53,0
106485,Akash,INST-1024,12:00,699.9,39.5,34.8,34.9,34,0.5,0,15.2,18.04,94.23,1.1
106486,Divya,INST-9639,3:00,0,36.5,37.1,73.9,56.7,13.3,20.6,19.2,17.84,94.73,0
106487,Akash,INST-2556,9:15,576.4,28.5,24.5,22.5,75.8,7.7,0,6.8,18.2,96.88,1.09
106488,Arun,INST-8637,6:15,0,40.8,40.9,18,47.7,4.6,0,8.1,18.67,94.66,0
106489,Kumar,INST-1244,11:30,504.7,23.9,21.1,58.3,94.3,7.8,5.3,22.8,20.58,93.78,1.03
106490,Ravi,INST-7754,0:00,0,18.1,19.2,91.5,57.2,8.9,2.8,6.7,21.05,95.13,0
106491,Ravi,INST-1164,20:15,0,27.3,27.5,35.7,78.2,13.4,0,22.8,20.66,94.76,0
106492,Ravi,INST-9599,12:45,400.5,22.2,20.1,72.3,92.4,6,23.7,29.6,21.19,94.53,0.78
106493,Divya,INST-8257,11:30,297.4,35.7,31.5,81.9,75.7,14.5,16.8,2.6,19.95,97.23,0.51
106494,Akash,INST-4167,18:45,3.8,27.3,26.7,16.1,94.5,0.9,0,1.6,19.58,97.67,0.03
106495,Divya,INST-2255,0:15,0,18.5,18,57.8,69.9,8.6,20.7,20.2,18.64,92.7,0
106496,John,INST-5754,19:30,0,37.1,37.6,22.8,50.8,0.6,0,9.5,20.71,92.7,0.18
106497,Ravi,INST-1382,2:15,0,42.3,40.6,79.5,60.4,9.7,1,10.5,19.45,93.23,0
106498,Kumar,INST-6962,12:15,255.6,25.4,23.3,87.2,68,0.8,8.3,2.1,22.66,94.72,0.55
106499,Divya,INST-2945,4:00,0,19.2,20.6,48.3,35.3,2,2,6.8,17.14,92.43,0.18
106500,Akash,INST-7310,22:00,0,26.6,27.6,31.1,83.8,13.9,0,11.8,22.58,92.71,0.09
106501,Divya,INST-2159,13:15,679.2,28.7,21.1,37.6,81.4,4.1,0,19.5,19.8,93.97,1.12
106502,Meena,INST-1581,5:45,0,33.9,33.8,29.8,28.1,9.4,0,2.1,22.04,94.14,0
106503,Divya,INST-7581,20:00,0,40.2,38.6,72.8,61.1,8.1,18,26.1,19.79,94.06,0
106504,Meena,INST-8842,6:45,6.4,28.5,27.7,50,29.1,1.8,15.1,11.7,20.41,92.48,0.05
106505,Kumar,INST-9860,16:15,404.1,36.7,33.8,24.7,49,6.1,0,15.9,20.1,94.66,0.57
106506,Kumar,INST-3093,3:00,0,29.6,30.6,74.2,53.8,4.5,24.7,8.8,21.69,97.68,0.15
106507,Akash,INST-5899,16:00,322.3,20.6,19.4,43.3,63.1,0.7,8.4,17.9,21.53,94.73,0.49
106508,Divya,INST-4142,6:30,0,24.4,24.8,63.9,40.3,8.1,19.2,4.9,21.97,92.7,0.09
106509,Kumar,INST-1127,8:00,491.1,24.6,19.6,0.5,39.3,7.9,0,28.9,18.14,97.55,0.66
106510,Meena,INST-4212,13:30,940.1,27.8,21.8,4.5,70.5,2.5,0,6,22.95,98.98,2.27
106511,Priya,INST-4683,12:15,703.3,31.3,23.6,36,40.6,13.8,0,5.6,20.27,93.05,1.09
106512,Meena,INST-5424,2:15,0,19.9,21.4,49.8,32.1,8.6,12.8,0.5,19.12,97.97,0
106513,Priya,INST-8998,12:30,640.6,24,19.2,42.2,34.1,8.8,18.6,23.1,17.7,95.19,0.76
106514,Divya,INST-3316,4:15,0,27.4,26,61.1,57.2,9.8,6.5,29.4,19.89,98.06,0
106515,Akash,INST-4254,8:30,328.2,43.6,41.7,42,57.1,0.8,10.2,8.4,18.73,92.34,0.49
106516,Arun,INST-1758,16:30,226.5,21.4,21.4,67.6,73.3,11,12.3,29.5,19.71,96.77,0.46
106517,Arun,INST-2079,16:30,185.3,21.9,21.4,78.1,28.1,7.6,7.5,10.9,21.36,92.68,0.51
106518,Ravi,INST-7739,11:15,738.2,44.1,38.4,26.6,48.9,12.7,0,6.5,19.54,95.73,1.39
106519,Ravi,INST-6028,6:45,10.4,23.2,24.8,78.8,64.9,10.4,6.5,6.7,19.72,93.09,0
106520,Priya,INST-9095,0:30,0,29.7,30.3,78.9,69.4,1.8,19.2,13.6,19.73,92.55,0.19
106521,John,INST-2728,22:15,0,33.8,32.5,99.5,63.6,12.8,1.9,0.2,22.81,94.76,0
106522,Priya,INST-6671,18:15,0,38.7,38.5,89.8,59.2,4.2,9.4,17,22.92,96.51,0
106523,Divya,INST-2565,23:30,0,28.3,29.3,97.9,92.5,3.4,7.5,23.9,17.43,97.4,0
106524,Meena,INST-2680,8:45,213.1,37.5,37,66.5,64,9.7,6,20.8,17.9,96.5,0.13
106525,John,INST-9495,14:15,516.6,28.2,23.4,47.4,41.2,10.3,13.9,11.7,22.63,92.83,1.07
106526,John,INST-2307,22:00,0,20.6,20.8,78,62.1,8.5,13.4,25,20.46,94.47,0
106527,Divya,INST-4382,5:15,0,20.3,21.8,43.6,94.4,7.6,24.5,3.5,18.92,94.22,0
106528,Divya,INST-4345,20:30,0,28.6,27.6,94.2,68.4,9.5,23.1,3.1,22.36,94.05,0.1
106529,John,INST-9494,11:15,940.5,43.9,36.2,2.4,71.9,12.5,0,16.2,18.72,97.22,1.65
106530,Arun,INST-5697,22:30,0,30.5,31.3,59,24.1,15,19.8,20,19.02,92.11,0.06
106531,Kumar,INST-6339,6:30,0,41.7,41.2,17.2,63.8,11,0,10.2,19.82,97.61,0
106532,Akash,INST-2863,4:45,0,21.7,23.2,20.6,32.6,9.8,0,11.1,17.78,93.93,0.18
106533,Divya,INST-8766,10:00,617.7,44.9,40.9,35.6,38.2,1.1,0,19.8,17.69,92.7,0.78
106534,John,INST-5567,5:00,0,33.7,34.2,53.2,70.8,6.6,1,29,17.05,94.09,0.08
106535,Kumar,INST-4138,13:45,469.1,39.8,36.3,61.2,22.4,13.8,24.1,20.8,20.3,95.54,0.9
106536,Divya,INST-2942,1:15,0,25,25.9,46.4,35.6,7.5,15.7,14.4,18.42,92.83,0
106537,John,INST-9135,2:30,0,19.8,21.3,96.9,72.2,3.7,20.4,10.4,22.84,95.74,0
106538,Ravi,INST-5146,6:15,0,31.8,31,75.2,92.9,11.9,10.5,25.8,20.41,92.44,0.12
106539,Akash,INST-6335,13:45,400,41.1,35.9,68.8,88,8.8,17,1.3,21.2,92.75,0.86
106540,Meena,INST-3813,9:45,322,26.5,23.6,64.9,44.7,2.3,0.2,24.6,18.94,96.13,0.47
106541,John,INST-3569,12:15,785.4,36.1,31.1,26.6,40.9,5.7,0,24.1,18.76,92.01,1.39
106542,Ravi,INST-2510,9:15,547.4,26.2,22.2,27.3,84.5,7.8,0,12.1,21.98,98.05,0.97
106543,Kumar,INST-4817,18:00,0,39.3,38.8,35.6,32.4,1.4,0,24.1,18.04,98.27,0
106544,Arun,INST-4598,7:45,109.4,31.9,32.8,73.1,35.7,2.4,7,5,22.24,95.96,0.11
106545,Akash,INST-7459,7:15,71,32.4,30.1,79.4,26.7,11.5,6.9,14.5,22.09,97.23,0.28
106546,John,INST-2048,11:15,796.1,28.3,21.7,21.1,73.7,12.5,0,24.1,18.19,92.91,1.09
106547,Kumar,INST-9670,15:00,660.7,27.6,22.9,7.2,31.2,8,0,18.3,21.32,92.57,1.04
106548,Kumar,INST-4492,15:15,300.1,28.4,25.2,69.6,37.2,5.2,17.7,19.5,19.58,97.26,0.55
106549,Arun,INST-1580,8:45,334.8,38.7,37.5,37.1,25.6,14.4,0,9.5,22.62,93.85,0.76
106550,John,INST-3155,14:45,503.8,22.4,19.7,49.5,53.8,3.2,12,23.4,18.58,97.85,0.77
106551,Meena,INST-1309,11:00,601.9,37.5,32.7,47.1,26.4,9.5,9.3,0.9,20.25,97.59,1.28
106552,Ravi,INST-7968,5:45,0,31,31.8,33.6,32,11.5,0,15.7,22.33,93.18,0
106553,Arun,INST-4761,5:15,0,20.6,18.8,75.5,54.5,9.5,17.5,21.2,19.32,97.26,0
106554,Priya,INST-4850,6:30,0,24.9,24.1,11.5,78.2,6.2,0,24.6,21.96,92.95,0.16
106555,Arun,INST-8918,1:00,0,20.5,21.4,50.9,78.1,7.2,4.2,8,18.1,96,0.16
106556,Akash,INST-3577,21:00,0,35.8,37.2,58,53,5.1,13.2,25.7,19.71,93.98,0.08
106557,Meena,INST-5089,21:15,0,30.7,32.4,41,29.4,8.1,18.3,8.1,18.74,98.12,0
106558,John,INST-9866,20:15,0,29.3,27.4,97,63.9,13.6,1.6,18.7,18.77,94.51,0
106559,Arun,INST-2979,0:45,0,29.8,29.5,99,67.4,8.1,10.6,20.4,19.85,92.62,0
106560,Akash,INST-4844,11:15,962,41.2,33.4,2.7,71.5,2.4,0,23.2,19.67,93.21,1.37
106561,Meena,INST-4783,11:30,615.7,26,19.8,45.9,68.3,5.7,21.1,1.9,18.37,94.48,1.25
106562,Akash,INST-4243,3:30,0,22,23.5,66.2,42.3,12.3,12,24.8,20.37,92.71,0
106563,Meena,INST-4572,9:15,581.8,35.4,29.4,19.8,94.6,9.8,0,17.4,21.48,97.25,1.25
106564,Meena,INST-4662,0:30,0,27.8,29.4,31.5,38,0,0,1.9,19.24,93.67,0
106565,Kumar,INST-9778,4:15,0,32.7,32.6,46.7,42.8,11.9,7.9,28.1,22.7,98.48,0.11
106566,Divya,INST-1463,8:00,143.9,30.1,27.6,81,91.2,14.9,4.5,8.4,18.57,98.79,0.14
106567,Arun,INST-4165,2:15,0,39.6,39.2,20.6,42.5,6,0,26.4,18.78,92.31,0.18
106568,John,INST-1033,19:30,0,24.2,22.7,90.6,57.1,4,23.3,25.6,20.74,97.16,0.03
106569,Arun,INST-7888,16:45,434.6,41.2,38.8,14,71.3,0.5,0,3.5,20.84,92.77,0.82
106570,Divya,INST-1564,7:15,135.1,35.1,33.1,53,68.9,3.6,5,12.3,17.89,95.01,0.2
106571,Ravi,INST-8152,6:45,4.4,34.8,36.1,59,89.1,5.1,6.6,28.5,18.54,92.77,0.13
106572,John,INST-6897,16:45,442.7,26,22.7,14.4,53.2,3.6,0,20.2,20.75,97.74,0.87
106573,Akash,INST-8221,2:45,0,19.4,19.6,72.4,44.2,14.6,18.6,6.3,17.85,98.39,0.1
106574,Ravi,INST-2100,7:15,211.8,37.5,35.4,26.4,86.6,4.3,0,17,18.54,92.36,0.25
106575,Priya,INST-8332,14:45,310.9,22,21.3,78.7,37.5,8.7,18.3,29.9,22.3,97.45,0.5
106576,Arun,INST-7600,9:30,685.7,27.9,20.3,4.5,60.5,12.3,0,4.6,17.18,93.53,1.01
106577,John,INST-8000,11:45,326.9,29.1,25.1,79.1,83.2,6.5,7.8,2.6,18.45,97.05,0.62
106578,Akash,INST-4114,5:45,0,18.3,19.9,37.5,31.8,8.4,0,19.3,21.54,95.64,0
106579,John,INST-2803,13:15,631.4,36,32.8,41.1,52.4,2.5,8.9,22.2,18.98,93.86,0.89
106580,Divya,INST-5629,7:45,240.9,41.9,41.5,13.8,39.3,14.6,0,3.6,22.14,95.44,0.36
106581,Arun,INST-9976,7:00,220.2,41.6,38.7,27.1,30.9,7.9,0,10,19.9,95.88,0.3
106582,Priya,INST-5884,18:45,5,39.9,41.8,15.8,76.1,2.4,0,11.4,21.25,97.49,0.2
106583,Divya,INST-2663,19:15,0,35.6,33.8,42.1,65.3,8,3.2,16,17.79,96.71,0
106584,John,INST-4708,4:15,0,27.5,29.1,75.4,91.7,4.8,3.2,26.8,19.08,95.43,0
106585,Priya,INST-9984,1:15,0,28.4,26.8,83.4,77.6,5,3.3,20.2,20.69,93.97,0
106586,Priya,INST-7783,22:00,0,37.4,37.4,47.9,42.2,0.3,9.1,5.4,19.25,93.04,0
106587,Akash,INST-1917,12:45,543.1,37.3,31.1,54.4,38.7,10.5,13.2,0.3,19.6,96.32,0.92
106588,Meena,INST-7564,15:30,543,34.9,28.6,28.9,50.1,12.1,0,26,21.43,95.39,1
106589,Priya,INST-4736,7:00,249.4,24,21.9,0.7,62.8,1.8,0,26.5,22.19,94.91,0.51
106590,Kumar,INST-6995,16:45,310.4,43.4,39.3,44.5,25.5,9.1,17.2,26.6,20.88,94.61,0.72
106591,Divya,INST-7905,14:00,399.8,23.7,20.7,62.3,87.8,12.9,20.4,20.6,17.86,92.43,0.76
106592,Meena,INST-8354,19:15,0,36.8,35,41.7,90.7,1,20.6,8.8,22.46,95.79,0
106593,Meena,INST-9003,22:30,0,27.3,26.3,52.2,56,7,24.3,28.9,21.57,95.55,0.16
106594,John,INST-3660,0:30,0,20.4,20.9,84.5,37.7,2.1,10,3.4,20.46,96.77,0
106595,Kumar,INST-8800,22:00,0,23.9,24.9,92.6,33.9,1.7,20.8,4.7,20.57,92.45,0
106596,Arun,INST-9213,7:30,67.9,35.8,34.5,87,47.9,13.4,20.7,29.6,22.58,95.45,0.05
106597,Kumar,INST-8432,5:30,0,20.2,19.5,92.7,90.6,11.9,18,2.9,17.48,97.15,0.12
106598,Akash,INST-8209,22:15,0,27,27.5,88.8,20.3,11.2,16,15.8,17.26,98.36,0
106599,Akash,INST-6411,5:45,0,25.1,24.9,88.3,75.3,14.5,25,9.5,20.7,98.63,0
106600,Ravi,INST-6905,17:30,89.1,25.3,23.9,83.6,68.3,12.9,10.5,9.5,19.48,98.74,0.12
106601,Kumar,INST-4248,1:00,0,24.8,26,33.1,35.6,12.9,0,13.5,20.66,95.23,0.2
106602,John,INST-7514,8:45,505.4,25.9,22.4,2.1,70.4,1.1,0,8.1,22.62,93.22,1.02
106603,Priya,INST-8474,23:30,0,28,28.4,47.8,33.4,4.4,13.4,19.1,19.88,98.57,0
106604,Arun,INST-4407,2:30,0,26.1,27.5,70.1,62.9,8.9,21.2,6.2,19.34,92.14,0
106605,Akash,INST-3265,3:45,0,35.5,35.5,54.4,49.9,0.4,13.7,21.6,22,94.46,0
106606,Priya,INST-4578,7:45,176.5,41.5,41.9,42.9,63,13.5,6.6,11.4,22.85,95.88,0.19
106607,Akash,INST-2156,11:45,484.2,27.4,23.7,61.4,81,9,17,12.9,22.88,95.78,1.1
106608,Ravi,INST-1557,12:30,912.9,46,36.6,10.1,36.6,3.9,0,2.6,22.26,97.72,2.01
106609,Divya,INST-7027,20:15,0,42.6,41.7,54.3,51.9,15,6.6,13.2,20.29,96.61,0.17
106610,Akash,INST-4143,7:00,177.4,34.7,33.3,29.6,32.8,4.1,0,5.1,21.09,92.57,0.17
106611,Kumar,INST-9480,14:00,375.5,41.4,40.2,69.8,37.5,6.9,18,21.6,18.99,93.38,0.69
106612,John,INST-9221,14:00,246.1,38,37.8,84.8,60,2.9,11.7,10.7,19.74,92.6,0.51
106613,Meena,INST-6679,4:15,0,38.9,39.4,80.2,57.3,14,21,9.8,22.3,92.29,0.1
106614,John,INST-5552,19:00,0,37.8,38.9,42.8,41,14.1,21.9,17.5,21.18,92.39,0
106615,John,INST-2969,14:15,453.6,36.5,33.6,59.5,42.6,8.9,12,23.4,20.09,94.85,0.81
106616,Ravi,INST-6519,4:45,0,40.4,39.4,65.9,41.5,7.7,1.9,0.3,19.47,94.38,0.13
106617,Arun,INST-6317,2:30,0,36.7,36.3,51.6,33.9,5.9,20.1,23.8,18.43,95.07,0
106618,Priya,INST-9550,2:15,0,25.7,27,22.3,33.2,7.6,0,26.4,17.96,96.88,0.11
106619,Akash,INST-7973,21:00,0,40.1,40.1,23.7,76.5,4.5,0,22.1,20.77,96.53,0.15
106620,Kumar,INST-2608,3:00,0,42,40.9,96.5,20.4,6,12.6,8.3,21.82,95.36,0
106621,Kumar,INST-9363,14:45,208.2,40.8,39.1,89.7,60.8,8.1,1.7,3.2,18.3,97.75,0.5
106622,Meena,INST-4042,2:00,0,20.2,21.8,94.1,84.5,5.8,7.1,15,20.75,93.18,0
106623,Ravi,INST-3428,21:45,0,23.6,21.9,73.8,84.5,9.7,19.9,29.5,19.99,98.43,0
106624,Meena,INST-9252,1:45,0,24.7,26.7,68.6,23.6,3.2,1.6,10.1,17.71,95.96,0
106625,Meena,INST-1510,6:45,10.3,21.9,22.6,51.1,63.8,1.6,9,21.5,18.93,98.96,0.1
106626,Ravi,INST-5477,8:30,216,29.8,29.8,69.5,69.7,14.6,22.3,14.2,22.49,97.48,0.34
106627,Ravi,INST-7354,12:30,253.6,38.4,37.9,89.2,48.5,2.8,2.1,9.1,18.48,98.2,0.55
106628,Divya,INST-4242,11:45,959.7,26.7,18.9,2.3,27.1,13,0,22.1,22.18,95.16,1.97
106629,Priya,INST-8188,16:45,192.6,36.2,33.4,69.9,61.4,11,2.3,19.7,21.95,94.99,0.16
106630,Ravi,INST-5160,14:30,544.1,23.6,19.8,43.9,37.7,0.2,20.5,25.9,19.82,92.45,0.68
106631,Meena,INST-9249,6:30,0,27.6,29,79.1,33.8,7.7,12.2,22.9,20.01,98.2,0.12
106632,Priya,INST-3194,23:15,0,23.9,24.8,77.6,59.2,7.6,1.5,28.6,20.54,93.97,0.19
106633,John,INST-5413,16:30,236.1,18.9,18.2,62.7,78.5,10,9.7,12.1,17.37,95.15,0.44
106634,John,INST-3734,14:45,293.3,36.6,35.4,80.8,54.7,7.7,9.5,5.9,17.62,95.52,0.54
106635,Priya,INST-4519,19:00,0,34.5,34.5,84,44.4,5.8,11.4,1.1,19.7,92.61,0.13
106636,Arun,INST-1756,16:00,421.5,29.6,24.8,20.6,44,8.5,0,0.1,17.57,93.45,0.88
106637,Meena,INST-4109,12:00,587.2,36.9,32,51,54.3,6.4,7.2,12.4,17.5,95.97,1.01
106638,Divya,INST-2491,4:30,0,19.3,19,88.1,88.9,0.9,1,3.2,17.69,97.11,0
106639,Divya,INST-8834,10:30,580.7,28.2,25.2,37.7,27.9,9.9,0,21.9,21.25,97.18,1.22
106640,Kumar,INST-7777,15:45,222.1,38,37.4,83.6,65.6,13.6,22.1,0.5,20.96,94.09,0.52
106641,Priya,INST-2644,13:15,914.2,48.9,40.2,8.4,59.3,2.2,0,23.7,21.01,98.81,1.48
106642,Priya,INST-1067,9:45,404.3,31.5,26.4,48.7,26.8,2.8,21.7,12.8,21.31,95.14,0.94
106643,Meena,INST-7088,12:30,1000,50,41.9,1.3,47.3,5.1,0,10.3,19.62,94.4,1.7
106644,Kumar,INST-7186,20:30,0,24.3,25.3,96.5,66,8.5,12,12.7,17.48,94.1,0.16
106645,Akash,INST-3590,6:30,5.7,37.8,36.7,9.6,31.8,10.5,0,5.1,22.2,95.86,0.13
106646,Priya,INST-6230,21:15,0,30.4,29,90.2,84.7,1.1,3,13.5,19.89,98.64,0
106647,Meena,INST-6900,2:15,0,21.7,22.3,48.5,30.4,5.3,16.6,17.8,17.26,95.53,0.04
106648,Divya,INST-8585,16:30,468.4,31.3,26.7,5.7,80.1,8.4,0,5.4,18.29,94.66,0.74
106649,Divya,INST-1345,20:45,0,41.9,40.5,39.2,63.2,3.3,0,16.9,20.92,94.4,0
106650,Arun,INST-3306,7:00,203.5,22.4,19,27.1,54.7,2.1,0,29.1,20.09,97.98,0.44
106651,Divya,INST-3169,15:00,399.2,26.4,22.4,54.9,81.3,8.6,9.7,26,17.54,94.22,0.71
106652,John,INST-1578,2:15,0,39.3,40.7,78.6,24.2,6.4,17.9,6.4,19.41,92.2,0.16
106653,Ravi,INST-4001,15:30,379.4,43.1,38.1,54.1,45.9,12.1,8.8,21.9,20.84,97.75,0.69
106654,Ravi,INST-6234,7:00,92,33.8,31.1,83.2,26.4,9,11.9,28.3,20.28,93.05,0
106655,John,INST-6099,10:15,853.7,35,26.4,4.3,71,2.7,0,12,22.51,95.07,1.7
106656,Priya,INST-6681,19:15,0,21.2,20.8,26.2,82.4,12,0,10,22.25,96.58,0.19
106657,Meena,INST-8296,9:45,265.1,28.3,24.4,77.3,94,3.8,22.3,29.5,20.01,94.68,0.26
106658,John,INST-9671,20:30,0,22.4,23.5,68.9,29.1,12.1,20.5,7.4,19.65,95.86,0
106659,John,INST-5888,11:45,456.3,26.8,21.4,61,23,4.9,6.1,28.6,18.7,96.84,0.84
106660,Divya,INST-7321,11:00,753,34.4,27.4,26.2,62.3,10.7,0,14.3,20.45,96.47,1.27
106661,Kumar,INST-8583,18:45,0,20,18.7,45.3,39.4,0.8,10.9,13.4,21.3,92.4,0
106662,Arun,INST-6771,21:15,0,26.7,27.2,57.1,72.2,11.6,5.8,24.5,20.92,92.86,0
106663,John,INST-6001,7:00,226.6,44.1,42,17.5,74.5,0.5,0,26.9,20.09,92.77,0.39
106664,John,INST-4061,4:15,0,31.8,32.1,94,45.8,3.1,21,20.1,21.16,94.94,0.08
106665,Arun,INST-5921,16:45,118,33.2,30.4,89.6,66.3,7.8,11,4.6,21.66,98.96,0.43
106666,Arun,INST-7850,14:15,691.4,37.8,33.9,24.1,34,8.3,0,12.2,19.4,96.77,1.41
106667,Arun,INST-1072,3:30,0,26.3,25.1,82.2,25.2,4.5,2.6,4.2,21.37,94.29,0.16
106668,Ravi,INST-4502,1:00,0,32.2,33.1,78.1,49.2,3.8,2.5,25.5,21.76,96.7,0
106669,Ravi,INST-5699,22:30,0,39.1,39.2,81.7,32.3,14,9.5,2.5,21.14,98.32,0
106670,John,INST-6595,22:00,0,23.6,25.3,56.1,39.7,9.9,5,28.4,22.02,97.12,0
106671,Ravi,INST-2566,19:00,0,25.5,25.3,61.6,46.6,9.3,6.1,6.5,20.36,94.21,0.17
106672,Priya,INST-8648,20:30,0,25,26.1,38.9,38.3,6.7,0,6.9,19.74,92.85,0
106673,Arun,INST-6615,1:15,0,40.8,41.1,78.5,47.4,8.1,21.1,5.1,19.42,98.05,0
106674,Priya,INST-3530,4:30,0,36.6,36.1,37.4,63.3,9.6,0,15.2,19.59,96.74,0.05
106675,Priya,INST-4076,4:15,0,20.7,19.4,78.1,56.2,0.6,19.2,4.4,19.28,95.92,0.17
106676,John,INST-9238,16:00,177.5,20.7,19.5,76,24.7,1.9,18.1,22.6,17.44,93.81,0.22
106677,John,INST-8557,22:45,0,28.1,29.2,40.9,90.9,1.5,1.5,18.8,22.78,95.39,0
106678,John,INST-7627,3:30,0,23.2,24,48,70.7,11.9,7.4,6.8,21.98,95.57,0
106679,Ravi,INST-4375,17:45,90.1,35,36.1,79.7,40.5,0.1,24.4,5.9,17.69,95.33,0.13
106680,Priya,INST-5698,21:45,0,22.7,24.6,69.2,50.3,11.2,3.6,3.2,22.31,97.42,0
106681,Priya,INST-2840,1:15,0,20.8,22.5,98.2,42.3,4.2,7.4,27.6,18.35,97.22,0
106682,Divya,INST-2025,15:15,617.2,31.6,26.8,15.5,93.3,7.3,0,2,18.97,97.94,1.27
106683,Priya,INST-7216,20:15,0,26.3,25.1,68.4,50.4,4.8,2,3.8,17.75,94.14,0
106684,Divya,INST-5715,0:45,0,27.1,26.4,31.1,91.8,13.2,0,22.5,22.32,92.6,0.14
106685,Meena,INST-7604,18:30,0,36.4,35.3,68.3,47,6,21.4,25.9,22.81,92.28,0.04
106686,Arun,INST-9036,7:00,155.3,36.3,35.2,41.5,46.8,3.8,4.3,23.5,17.93,95,0.12
106687,Akash,INST-1687,15:00,266.9,34.1,33.5,74.8,91.3,9.6,4.2,22.9,21.65,98.77,0.4
106688,Meena,INST-6270,6:15,0,25.8,23.8,9.9,82.3,7.8,0,1.4,17.97,93.13,0
106689,Divya,INST-7711,9:30,277.8,37.8,34.3,70.8,33.1,10.8,18,29.1,17.76,96.71,0.61
106690,Priya,INST-8962,1:15,0,30.3,30.4,49.2,91,9.4,5.9,18.6,21.78,92.42,0
106691,Priya,INST-6229,21:00,0,26.3,25.3,21.8,90.1,7.9,0,21.3,20.12,96.1,0
106692,Kumar,INST-3210,22:45,0,25,23.9,22,27.8,8.8,0,26.7,17.23,93.32,0
106693,Priya,INST-3007,1:15,0,29.5,29.3,60.8,26.7,11.8,17.6,28,19.34,94.2,0
106694,Meena,INST-8989,4:15,0,39.5,37.8,74.7,34.3,6.3,12.7,25.7,20.74,96.55,0
106695,Akash,INST-9469,17:45,213.6,35.6,33.3,25.6,39.1,6.6,0,22.7,22.25,97.21,0.59
106696,Divya,INST-7507,0:00,0,37.4,38.4,59.8,91.4,3.4,5.3,16.1,21.3,93.87,0.03
106697,Divya,INST-3352,19:15,0,20.1,21.5,28.6,77.4,8.4,0,9.4,21.77,97.7,0.06
106698,Arun,INST-7052,13:15,734.9,24.1,19.5,27.2,82.9,13.7,0,17.5,20.52,95.23,1.19
106699,Akash,INST-1483,12:15,602.1,24.2,18.4,49.4,49.5,5,15.3,23.1,18.08,92.76,0.93
106700,Akash,INST-2307,22:30,0,18.7,19.5,33.1,58.4,10.3,0,10.1,22.81,98.97,0.07
106701,Kumar,INST-7508,6:15,0,33.8,34.8,22.5,38,8.1,0,23.5,21,94.09,0
106702,Kumar,INST-8965,7:15,93.9,24.1,21.9,77.4,69.5,13.4,7.9,10.5,17.29,95.49,0.21
106703,Arun,INST-1316,3:45,0,32.2,33.7,23.1,43.1,11,0,9.6,18.69,96.2,0.01
106704,Akash,INST-1548,22:45,0,20.7,22,47.3,42.8,14.7,16.6,2.3,18.76,93.06,0
106705,Meena,INST-6474,13:45,769,33.8,26.7,26.1,31.2,0.1,0,29.8,22.04,92.12,1.4
106706,Ravi,INST-5266,11:30,765.4,27.1,22.4,24.9,60.4,9.1,0,5.8,17.8,94.1,1.11
106707,John,INST-8219,6:45,0,34.7,36.4,37.7,22.4,9.3,0,20.3,19.07,92.07,0.06
106708,Meena,INST-5242,19:00,0,30.2,29.3,48.8,50.4,13.1,24.8,29.9,18.94,98.65,0
106709,Divya,INST-9507,19:30,0,16.8,18.1,97.6,48.2,6,19.5,14.7,19.43,93.95,0.01
106710,Meena,INST-4109,16:00,392.9,26.2,24.3,29,45.3,12.7,0,16.6,19.85,95.54,0.53
106711,Meena,INST-1209,20:30,0,20.4,19.1,24,66.5,9.3,0,26.7,19.68,94.48,0.02
106712,Ravi,INST-8534,23:15,0,26.7,26.9,60,42.4,7.8,0.9,27.3,22.04,95.69,0.03
106713,Meena,INST-1525,6:00,0,22,23.7,51.1,83.7,8,12.3,1.1,17.12,95.43,0
106714,Akash,INST-4661,14:15,645.6,47.6,41.9,30.8,87.4,10.2,0,7.8,19.78,94.35,1.15
106715,John,INST-2791,18:15,0.4,21.6,21.4,12.1,87.6,5,0,25.6,22.68,93.22,0
106716,John,INST-5300,1:45,0,18.6,18.8,76.3,78.3,3.6,20.4,1.3,20.71,97.52,0
106717,Divya,INST-7809,14:00,740.5,28.2,23.4,15.7,31.9,3.1,0,1.7,22.53,94.61,1.66
106718,Meena,INST-8805,1:15,0,36.4,38.2,91.4,86.3,8.5,23.8,18.5,17.24,95.88,0
106719,Priya,INST-7541,0:30,0,30.5,32,83.3,62.1,11.5,22.1,28.5,19.51,94.35,0
106720,Priya,INST-6934,12:15,342.8,41.6,40.3,77.5,69.8,3.1,16.3,5.8,19.12,96.93,0.81
106721,Arun,INST-9067,23:30,0,18.9,20.3,50.7,31.6,7.8,22,27.7,21.24,95.11,0
106722,Divya,INST-2508,8:00,335.1,40.4,36.3,36.4,29,2.1,0,10.1,19.79,94.37,0.53
106723,Arun,INST-6087,9:15,175.2,33.7,33.5,90,25,3,1.4,11.1,19.1,92.33,0.48
106724,Priya,INST-9086,12:30,783.6,31.6,25.2,26.7,53,8.1,0,7,19.56,98.64,1.64
106725,John,INST-8533,1:15,0,19.8,20,54.3,23.3,3.8,20,6,20.5,98.31,0.14
106726,Akash,INST-1988,11:30,428.4,27.9,23.5,67.6,40.5,1.3,6.1,9.4,20.94,95.01,0.99
106727,Divya,INST-3705,11:15,252.2,41.2,38.2,89.1,92.5,1,7.6,25.5,19.55,94.43,0.26
106728,Akash,INST-8962,7:00,131,30.8,28.3,65.7,87.6,3.8,5.7,15.8,18.16,93.76,0.29
106729,Meena,INST-6369,5:30,0,32.1,33.9,76.4,92.4,3.3,15.8,6.5,17.85,98.03,0
106730,Akash,INST-9202,17:15,201.8,29.2,27.5,18.9,34.1,6.4,0,27,19.73,97.57,0.34
106731,Akash,INST-9920,22:45,0,34.3,32.5,56.1,54.2,1.6,4.8,0.4,20.92,93.62,0.11
106732,Arun,INST-7746,15:45,207.5,30.9,29.5,82.6,57.3,3.3,5.4,5,20.44,96.44,0.2
106733,Meena,INST-8083,16:00,294.1,21.6,19.7,50,85.4,6.7,21.8,13.3,21.18,94.89,0.65
106734,Ravi,INST-2691,13:15,320.7,35.1,33.5,77.8,90.5,0.9,22.2,8.7,22.63,92.33,0.44
106735,Akash,INST-9717,15:00,419.4,37.6,34.5,47,86.9,1.9,4.1,26.1,17.32,97.18,0.58
106736,Akash,INST-8161,18:30,0,21.7,22.3,19.3,73.8,9.9,0,11.8,17.17,92.64,0
106737,Meena,INST-2928,12:45,981.9,48.8,39.9,0.6,85.6,5.8,0,15.4,18.37,98.88,1.62
106738,Kumar,INST-8144,13:30,335.8,40.6,38.3,79.5,80.5,10.8,9.7,11.8,22.23,95.76,0.78
106739,Divya,INST-7031,2:45,0,23.5,24.8,27.1,43.2,12.2,0,22.4,20.54,96.51,0
106740,Ravi,INST-6299,6:00,0,23.6,24.4,25.5,27.9,8.3,0,23.5,19.77,98.63,0
106741,Ravi,INST-4577,22:45,0,19.9,18.8,94.3,43.5,6.4,12.7,19.3,20.52,93.48,0.09
106742,Kumar,INST-8963,19:15,0,20.9,22.8,21.4,80.8,8.8,0,18.7,19.98,96.18,0.15
106743,Akash,INST-5429,7:30,214.7,33.7,32.2,14,64,6.1,0,21.5,18.43,97.37,0.54
106744,Divya,INST-1312,10:15,555.6,34,28.9,43,86.6,4,12.9,24.5,21.83,94.82,1.15
106745,Priya,INST-5645,4:30,0,24.5,25.9,83.6,69.2,4.8,16.9,17.6,21.75,97.81,0.01
106746,Meena,INST-4882,6:45,5.4,29.8,29.5,36.1,39.3,8.3,0,7.9,19.13,96.85,0.03
106747,Kumar,INST-7399,12:00,746.1,39.2,33.2,29.8,58.4,13.7,0,29.4,17.61,94.29,1
106748,Divya,INST-2649,13:15,647,32.3,26.9,41,31.1,0.6,11.9,25.1,22.97,96.07,1.31
106749,John,INST-3526,19:30,0,24.5,24.8,92.6,54.3,5.6,9.6,18,17.6,93.23,0.12
106750,Ravi,INST-6455,1:15,0,17.1,18.4,37.8,59.3,10.3,0,10.7,21.52,96.4,0.06
106751,Akash,INST-9262,6:30,4.7,37,35.5,10.9,46.5,12.9,0,16.9,19.68,97.79,0.2
106752,Akash,INST-4883,16:30,145.7,28.3,26.4,85.4,81.1,9.1,23.4,24.2,22.52,96.56,0.34
106753,Arun,INST-3206,15:45,411.9,43.7,40,48.1,87.3,3.6,2,7.3,17.79,93.75,0.78
106754,Kumar,INST-8442,13:30,323.4,39.4,37.7,81.8,22,13.2,22.3,11.3,22.32,96.42,0.53
106755,Arun,INST-7195,18:15,11.7,22.2,20.8,69.6,77.7,11.1,7.7,11.4,19.57,94.25,0.15
106756,Arun,INST-6881,3:45,0,28.6,27.2,44.2,81.7,13.4,8.3,19.4,17.52,98.41,0.02
106757,John,INST-5206,0:30,0,41.2,41.4,55.6,93.9,5.3,9,21.4,22.93,94.69,0.02
106758,Meena,INST-3504,11:15,395.7,23.4,20.2,69.2,94.3,13,7.6,13.5,19.72,97.17,0.83
106759,Kumar,INST-1896,2:15,0,31.6,30.7,76.1,24.3,10.3,15.6,2.9,18.2,94.08,0
106760,Arun,INST-6389,10:00,362.6,34.5,30.6,67.4,92.3,12.8,3.1,19.2,19.13,93.64,0.41
106761,Kumar,INST-7732,15:15,623,45.3,40.6,15.4,76.6,2,0,24.5,20.14,92.75,1.07
106762,Arun,INST-6030,18:15,2,38,39.1,65.1,44.7,14.7,16.3,8.7,18.84,96.4,0.04
106763,Meena,INST-9769,7:30,192.6,25.3,22.7,22.5,54.7,8.2,0,13.6,22.5,94.96,0.56
106764,Akash,INST-2924,3:15,0,36.5,37.4,20.2,41.7,13.1,0,9.2,20.37,97.2,0.01
106765,Ravi,INST-7984,7:45,90.5,35.3,35.5,76.1,90.8,10.5,13.3,1.6,18.9,93.61,0.32
106766,Kumar,INST-1027,2:15,0,38.8,37.1,90.9,27.6,5,19.6,3.3,21.58,95.98,0.04
106767,Kumar,INST-2423,22:30,0,36.3,36.1,90.9,76.8,4.5,13.7,8.5,22.95,98.17,0
106768,Akash,INST-3381,2:45,0,32.5,34.5,46.4,52.2,4.7,0.2,4.5,17.92,94.35,0
106769,Divya,INST-9118,3:15,0,26.9,26.4,21.1,55.3,1.6,0,16.3,21.49,92.8,0.07
106770,Priya,INST-4429,6:30,0,23.6,22.7,81.3,24.8,0.8,20.8,7.4,22.04,95.4,0.07
106771,John,INST-8684,9:45,445.6,33.8,30.4,42.6,21.5,0.7,19.4,0.9,19.38,93.61,0.93
106772,Divya,INST-8644,3:15,0,42.3,41.2,83,23.7,10.7,3.1,25.3,17.71,94.95,0.14
106773,Ravi,INST-8981,5:30,0,35.6,36.3,47.2,46,7.9,19.9,8.9,20.17,96.53,0
106774,Kumar,INST-5233,16:30,248.6,24.9,23.2,57.5,90.8,14.1,12.7,17.2,17.31,92.03,0.49
106775,Ravi,INST-4366,17:45,98.2,33,33.8,72.8,69.7,4.6,4.8,6.3,22.97,96.9,0.04
106776,Akash,INST-4276,20:15,0,33.3,32.6,93.9,41.1,0.1,19.8,23.4,21.48,97.03,0
106777,Meena,INST-6655,1:00,0,24.3,26.1,41.1,79.8,9.9,16.3,6.6,21.52,92.21,0
106778,Ravi,INST-1894,21:45,0,30.1,29.5,55.3,52.5,5.6,0.9,8.6,18.84,97.98,0.17
106779,Arun,INST-3831,0:15,0,32.8,32.4,52,55.5,5.2,20.9,1.3,20.85,96.26,0.15
106780,Priya,INST-4044,20:00,0,37.3,38.6,30.4,37.2,10.3,0,8.2,17.04,97.08,0
106781,Akash,INST-3286,16:15,340,24.9,23.8,39.8,92.2,1.4,0,24.1,19.14,94.3,0.35
106782,Akash,INST-2574,22:15,0,30.8,30.7,74.3,76.2,5.4,16.8,3.5,22.29,94.98,0.09
106783,Arun,INST-1536,22:00,0,39.4,39.6,57,87.4,13.8,22.6,22,21.9,95.55,0
106784,Arun,INST-6599,18:30,0,31,30.7,37,52.1,6.5,0,11.3,22.12,97.94,0.11
106785,Priya,INST-4900,8:15,138.3,35.2,32.1,85.4,47.8,2.6,20.8,23.9,17.55,97.07,0.06
106786,Kumar,INST-5978,0:15,0,31.5,31.1,83.6,93.7,6.9,10.6,7.2,20.84,95.19,0.04
106787,Meena,INST-4610,4:30,0,27.4,27.2,80.2,79.8,7.4,17.4,2.2,18.3,92.58,0
106788,Akash,INST-6522,8:00,251.8,32,28.3,56.7,58.5,11.3,17.9,18.5,17.46,96.07,0.49
106789,Ravi,INST-5777,6:00,7.6,20.8,18.8,7.3,94.2,11.6,0,23.8,19.13,98.46,0
106790,Divya,INST-3672,4:30,0,38.3,38.6,86.1,68.9,4.1,13.2,29.3,21.73,93.86,0.04
106791,Ravi,INST-7219,8:00,363.2,35.7,31.1,35.4,67.3,5.7,0,20.8,22.22,97.3,0.61
106792,John,INST-6935,19:45,0,29.1,30.4,67.7,83,2.3,7.4,29.7,17.56,93.9,0
106793,Divya,INST-8774,4:00,0,19.8,19.2,63.7,80.6,8.2,4.9,29.3,18.16,95.82,0
106794,Akash,INST-7489,2:15,0,20,20.5,64.3,29.2,2.8,17.4,0.8,21.18,97.68,0
106795,Meena,INST-9905,22:45,0,33.1,31.8,97.2,30.7,4.9,2.2,12.8,22.02,97.85,0.03
106796,Ravi,INST-6948,20:15,0,41.3,41.8,28.1,85.7,13.2,0,8.9,20.67,93.05,0.11
106797,Priya,INST-6140,6:30,0,21.3,20.1,56.3,83,7.9,22.6,9.9,17.79,97.62,0
106798,Akash,INST-3934,6:15,0,23.8,22.4,34.9,35.1,10.4,0,9.2,18.8,93.1,0.11
106799,Priya,INST-1928,23:00,0,21.4,20.1,74,76.7,11.6,21.8,6.2,22.42,92.34,0.18
106800,Akash,INST-2964,15:15,313.6,44.6,41.8,64.6,36,2,14.5,29.2,20.18,97.31,0.44
106801,Priya,INST-3817,5:00,0,27.2,28.9,56.9,66.7,1,8.1,14,18.1,93.51,0.04
106802,Akash,INST-9111,11:45,684.3,34.1,27.5,36,91.2,3,0,5.8,21.82,94.34,1.27
106803,Divya,INST-3317,23:30,0,28.9,30.6,22.4,66.8,9.3,0,0.3,20.34,94.36,0.1
106804,Akash,INST-2855,10:30,613.8,46.5,40.4,33.2,37.8,10.1,0,17.1,22.25,92.42,1.1
106805,Divya,INST-9524,22:45,0,22.7,21.2,60.6,44.7,13.8,19.7,20.3,19.33,94.75,0
106806,John,INST-5364,19:45,0,20.9,22.4,84.3,60.8,5.8,2.1,15.6,19.89,94.46,0
106807,Priya,INST-1998,18:00,11.6,36.1,37.4,18.7,51.4,4.6,0,2.8,17.7,96.48,0
106808,Arun,INST-2424,23:45,0,22.8,21.5,41.2,23.9,14.3,24.3,16.2,21.03,95.77,0.12
106809,Divya,INST-3593,17:00,144.1,30.1,28.8,54.9,28.5,11,24.7,3,17.01,98.91,0.14
106810,Ravi,INST-5293,16:30,323.7,41.6,37.6,43.2,34.2,7.2,21.4,12.1,19.91,97.56,0.64
106811,Divya,INST-5670,4:15,0,25.3,26.7,39.6,29,9.4,0,6.7,21.1,93.31,0.11
106812,Arun,INST-2125,9:45,477.7,43,40.9,41.7,21.7,12.3,19.8,11.9,17.53,96.08,0.82
106813,John,INST-9848,1:30,0,37.9,37,61.4,87.9,1.6,24.1,9.7,18.44,97.34,0.13
106814,Akash,INST-6595,3:45,0,38.1,37.9,22.8,50.3,11.3,0,4.8,17.31,94.31,0.18
106815,Arun,INST-9867,5:00,0,25.2,23.3,27.9,29.2,6,0,5.8,21.98,94.42,0
106816,Meena,INST-5749,22:15,0,32.8,32.4,75,39.2,8.3,8.6,3.2,22.61,93.59,0.07
106817,Kumar,INST-4314,20:45,0,33.4,31.6,28.1,54.5,6.6,0,12.7,20.87,96.97,0.07
106818,Divya,INST-2150,13:15,472.7,27.1,21.7,60.4,76.1,7.2,13.4,3.1,19.21,97.49,0.99
106819,Meena,INST-9397,0:15,0,20.2,21.1,60.2,74.7,9.5,17.2,3,17.49,96.15,0.07
106820,Kumar,INST-8626,1:15,0,41.2,40.9,91.9,27.8,9,21.9,3.5,19.92,94.73,0
106821,Priya,INST-4397,13:30,490.6,25,21.8,61.5,62.6,13.4,5.1,23.6,19,98.76,0.83
106822,John,INST-1326,1:45,0,38.1,37.1,81.2,73,5.7,8.4,15.2,21.61,94.39,0.13
106823,Priya,INST-6032,19:00,0,37.6,37.1,74.4,42.1,13.8,19.9,25.5,22.25,94.49,0.18
106824,Ravi,INST-1719,12:45,881.6,26,20.1,14.2,20.8,13.6,0,19.5,18.83,96.93,1.57
106825,Priya,INST-1911,10:45,448.8,46.3,41.5,55.2,27.9,13.1,9.2,8.7,17.56,93.25,0.8
106826,Meena,INST-2158,14:15,372.8,45.8,41.6,70.5,68.4,1.3,12.3,0.9,18.12,97.6,0.65
106827,Kumar,INST-2696,3:45,0,23.3,21.5,66,74.9,9,17.8,16.9,20.93,92.39,0
106828,Kumar,INST-3649,8:00,221.4,37.3,34.4,66.4,28.1,1.5,22.8,16.5,21.49,96.98,0.55
106829,John,INST-3848,15:00,617.5,45,40.7,15.8,45.6,3.8,0,12.7,22.25,95.97,1.04
106830,John,INST-4959,23:15,0,26.8,28.2,29,54.3,7.8,0,4.9,19.7,93.74,0.1
106831,Akash,INST-2627,6:30,16.4,33.5,32.5,75.6,28.1,3.3,11.3,7.8,19.03,93.14,0.19
106832,Meena,INST-4876,3:00,0,29.8,29.4,49.5,61.7,6.5,17.2,12.5,18.7,96.28,0
106833,Akash,INST-2153,9:30,532.4,31.5,25.5,30.3,20.2,14,0,9,19.09,93.03,0.74
106834,Meena,INST-9860,20:45,0,25.9,26.2,23.7,48.4,9.7,0,13.3,18.06,94.26,0
106835,Akash,INST-4952,10:00,768.2,36,30.7,14,87.8,12.4,0,9.9,22.07,96.41,1.71
106836,Divya,INST-5311,14:45,297,33.3,30.6,81.4,71.3,13.2,5,28.6,19.87,96.48,0.46
106837,Priya,INST-6088,7:30,204.7,28.3,26.9,19.9,62.6,10.1,0,8.4,21.04,94.97,0.42
106838,Divya,INST-3030,14:30,477,46.9,41.5,54.5,31.9,14.4,13.6,13.5,19.93,98.54,0.83
106839,Meena,INST-4357,5:00,0,16.5,18.1,55.1,57.1,7.1,22.5,12.2,22.1,94.02,0.13
106840,Akash,INST-6087,23:45,0,30.6,30.5,79.1,78.7,4.5,3.5,20.2,19.97,95.77,0
106841,John,INST-1472,18:15,5.6,39,38.5,35.7,22.7,10.7,0,24,20.1,97.44,0.16
106842,Arun,INST-6755,2:45,0,39,37.7,29.4,44,4.2,0,2.7,20.64,94.59,0.17
106843,Kumar,INST-5177,6:45,0,19,19.6,4,58,3.6,0,18.4,21.33,93.42,0
106844,Kumar,INST-8223,8:00,332.5,34.3,29.5,44.9,38.8,11.4,11.5,0.9,19.35,93.3,0.75
106845,Ravi,INST-2226,11:00,407.8,39.1,37.4,70,53.5,14.4,17.6,5.7,17.13,92.11,0.48
106846,John,INST-3545,13:15,288.6,23,22.3,82.9,94.9,4.2,10.9,23.4,17.06,96.17,0.48
106847,Divya,INST-2677,22:15,0,22.6,23.3,28.2,74.6,11,0,16.2,17.69,95.08,0
106848,Akash,INST-4175,17:00,95.2,38.3,36.7,68.9,82,8.8,23,20.3,19.59,95.31,0
106849,Arun,INST-9145,1:00,0,22.1,20.8,70.6,22.1,15,8.5,0.9,20.64,95.71,0.09
106850,Arun,INST-7369,23:15,0,35.7,36.1,54.2,61.6,13,22.5,16.3,17.07,95.73,0.09
106851,Kumar,INST-8120,15:00,458,41.5,37.8,41,58.8,5.5,16.4,22.7,18.77,92.47,0.9
106852,Ravi,INST-5242,22:45,0,29.1,31,28.5,86.3,10.6,0,3.1,17.63,97.46,0.13
106853,Divya,INST-5272,15:00,348.2,38.2,34.1,59.5,44.5,10.9,11.4,11.4,18.11,94.61,0.46
106854,John,INST-8822,19:45,0,27.8,27.6,92.4,55.9,4.4,12.6,13.1,22.63,94.51,0
106855,John,INST-6289,2:00,0,37.6,37.6,60.3,69,4,14,28,17.53,92.73,0
106856,Ravi,INST-6654,14:15,412.6,37.7,35.9,64.8,88.6,11.9,20.3,24.9,20.72,95.28,0.64
106857,Kumar,INST-1863,21:30,0,22.7,21.9,61.9,26.7,5.2,19,17.7,19.6,95.52,0
106858,Priya,INST-7704,17:15,260.6,29.2,28.9,6.8,49.2,13.1,0,17.1,21.35,92.27,0.37
106859,Meena,INST-7062,12:15,979.1,49.8,41.3,3.4,63.2,12.5,0,29,18.16,92.5,1.41
106860,John,INST-9614,9:45,247.4,44.4,41.7,79.4,73,1,12.4,24,21,92.6,0.38
106861,Ravi,INST-2710,6:30,9.8,28.2,27.7,80.1,40.9,6.9,4,21.1,17.26,94.2,0.21
106862,Akash,INST-9784,3:00,0,35.4,35.1,94.4,51.6,2.9,20.4,23.1,21.06,97.05,0
106863,Meena,INST-8849,2:00,0,39.2,41.1,83.4,29.4,14.4,7.8,13.7,17.3,95.29,0
106864,Ravi,INST-3673,6:00,2.7,35,35.2,58.4,62.4,9,2.9,14.7,18.5,98.06,0.17
106865,Priya,INST-1819,16:00,187.5,40.3,40.6,77.2,64.6,3.2,0.6,27.4,22.8,98.65,0.27
106866,Arun,INST-8907,4:00,0,29.7,30.2,40.4,41.9,2.6,19.6,2.7,21.65,93.1,0
106867,Akash,INST-4989,7:00,161.7,22.7,23.1,44.5,75.6,5.1,14.2,28.2,19.34,92.67,0.16
106868,Akash,INST-6832,12:00,793.2,42.2,34.3,23.2,68.4,9.5,0,1.9,18.89,93.32,1.41
106869,Ravi,INST-4402,7:00,257.1,35.5,32.3,1.4,66.1,8.8,0,23.9,22.48,95.4,0.4
106870,John,INST-3078,17:00,89,37.4,36.6,81.4,85.7,12.3,17.3,5.4,20.03,97.1,0.04
106871,Priya,INST-1831,15:15,613.8,27,20.8,16.1,94,4.3,0,15.9,20.93,95.4,1.2
106872,Kumar,INST-4703,20:45,0,38.9,40.8,38.2,33.6,3.2,0,9.9,20.69,98.2,0
106873,John,INST-1103,5:45,0,29.3,27.9,91.5,71.1,11.5,1,8.3,19.51,98.1,0
106874,Priya,INST-4765,9:45,399.3,37.3,32.9,50.7,61.6,13.8,9.2,5.9,20.44,97.66,0.96
106875,Divya,INST-6611,20:00,0,19.3,18.3,70.4,45.1,9.5,21.6,16.8,20.2,98.84,0
106876,Kumar,INST-5481,6:30,1.2,37.4,35.7,53.4,37.5,3.8,6,3.5,20.97,96.17,0.06
106877,Akash,INST-9174,11:15,700.3,33.6,28.5,31.8,46.7,10.6,0,21.7,22.34,97.43,1.5
106878,Kumar,INST-4456,17:45,132.4,17.3,18.2,67.5,28.7,5,13.1,22.7,17.67,96.21,0.04
106879,Akash,INST-5858,13:15,858,27.7,21.6,11.2,83.1,13.4,0,29.8,22.81,96.94,1.81
106880,Ravi,INST-7475,18:15,18.7,22.1,21.4,52.8,71.1,9.2,14.8,19,21.07,95.66,0.08
106881,Ravi,INST-2016,21:00,0,22.4,23.9,66.6,92.7,1.1,2.6,25.7,21.33,96.85,0
106882,Arun,INST-8612,23:00,0,36.4,34.6,21.1,27.8,11.4,0,10.7,18.15,93.2,0.07
106883,Ravi,INST-6945,7:00,212.2,31.5,30.3,19.8,76.1,11.4,0,5.4,18.69,97.14,0.19
106884,Priya,INST-2664,1:15,0,32.2,34.1,55.4,52.1,11.8,20,25.8,18.77,97.92,0
106885,Akash,INST-7918,8:45,136.9,27.1,25.3,89.1,36.6,10.9,21.2,1.1,21.65,94.54,0.31
106886,John,INST-7100,5:45,0,35.5,34.2,86.8,40.2,7.8,16.5,26.4,18.25,97.49,0.18
106887,Meena,INST-8977,23:00,0,19.7,21.4,69,51.7,4,17.5,11.6,19.95,92.52,0
106888,Meena,INST-2256,18:15,16.5,18.9,20.5,68.9,83.9,8.7,14.8,17.5,20.79,97.67,0.01
106889,Kumar,INST-5209,6:00,0,21.5,23.4,79.5,74.5,5.6,3.8,12.5,17.05,98.36,0
106890,Akash,INST-7252,13:15,503.5,26.1,22.7,59.5,75,2.1,4.6,29.2,21.04,92.6,0.85
106891,Arun,INST-5721,3:45,0,21.7,23.1,46.3,78.7,14.8,7,17.6,18.33,96.21,0
106892,Kumar,INST-6956,0:15,0,29.7,28.1,38.4,50.6,1.3,0,26.2,17.75,98.77,0
106893,Arun,INST-8403,1:45,0,34,33.3,60.9,49.1,8.9,1.1,20.5,20.36,95.25,0.04
106894,Arun,INST-5214,4:00,0,36.1,37.3,90.6,80.1,8.6,10.5,13.6,20.59,93.24,0.06
106895,Arun,INST-6473,3:00,0,37.4,36.7,33.4,38,1.4,0,13.3,21.2,93.6,0
106896,Priya,INST-2142,1:45,0,35.7,35.8,45.8,82.7,5.1,20.8,1.2,21.7,95.29,0.15
106897,Priya,INST-7936,9:15,450,44.6,40.5,40.4,93.6,9.2,24.6,27.2,19.47,96.43,0.57
106898,Priya,INST-3931,18:30,14.5,27.1,26.5,58.9,20.4,10.2,10.5,16.8,22.75,95.08,0.07
106899,Akash,INST-3398,7:00,126.2,38.4,36.1,70.1,60.7,14.5,1.3,28.9,21.6,95.92,0.22
106900,Divya,INST-3363,21:45,0,24.9,26.5,44.8,49.1,2.4,4.4,13.3,18.77,93.97,0
106901,Arun,INST-2437,18:15,0,39.4,41,69.6,83.1,14.1,14.7,0.3,21.2,92.93,0
106902,Ravi,INST-3407,10:15,754.3,35.6,31.3,14.2,63.9,8.8,0,3.6,19.99,92.19,1.54
106903,Arun,INST-7510,11:00,703.1,42.1,37.7,34,35,7.4,0,11.3,22.76,96.84,1.41
106904,Arun,INST-7686,23:00,0,41.7,41.5,75.4,32.1,4.3,1.9,21.4,21.84,94.88,0
106905,Ravi,INST-6057,19:30,0,34.6,34.9,83.5,74.9,12.2,7.5,10.3,22.83,96.29,0.08
106906,Divya,INST-8398,5:45,0,25.5,24,97.6,41.4,13.4,5.8,0.9,21.92,95.45,0
106907,Priya,INST-5627,22:00,0,34.5,35.4,50.4,91.3,3.4,20.7,16.5,21.64,93.3,0
106908,Ravi,INST-5509,22:30,0,24.9,23.7,20.9,88.6,1,0,3.8,19.38,98.66,0.09
106909,Priya,INST-2615,0:30,0,25.1,25,57.6,45.4,13.4,19.2,15.3,17.77,96.87,0.12
106910,Divya,INST-1991,3:45,0,22,20.4,60.2,80.3,9.4,5.4,2.4,22.11,92.51,0
106911,John,INST-2838,11:00,322.4,31.9,27.8,80.5,92,14.1,15.9,13.9,20.41,98.66,0.74
106912,Arun,INST-1759,3:15,0,29.4,30.2,89.6,30.7,13.1,12.7,27.6,21.69,96.18,0
106913,Meena,INST-3791,10:30,623.8,25,21.4,33.7,52.3,14.3,0,13.2,19.54,96.04,1.07
106914,Ravi,INST-6530,8:00,174.5,22.6,20.8,81.8,41.2,6.4,6.1,15.9,21.1,96.43,0.29
106915,Ravi,INST-6615,0:45,0,26.4,25.4,37.5,30.6,4.4,0,8.9,18.5,94.31,0.19
106916,Akash,INST-7332,6:15,18.1,20.3,18.5,7.6,20.2,13.2,0,13.4,21.81,96.49,0.19
106917,Priya,INST-2380,6:15,16.4,24.4,24.4,14.4,47.9,1.8,0,9.2,20.14,98.8,0.13
106918,Ravi,INST-8218,19:00,0,21,19.6,98.9,85,7.4,24.2,23.1,19.71,92.09,0.16
106919,Priya,INST-3179,4:45,0,24.3,23.6,38.1,23.6,11.3,0,18.1,22.57,93.15,0.1
106920,Ravi,INST-3340,17:15,269.3,28.3,25.9,3.3,92.4,9.2,0,15,21.9,96.74,0.63
106921,John,INST-7195,5:45,0,20.4,22,25.8,79.6,2.7,0,0.4,21.05,92.57,0
106922,Divya,INST-4934,23:00,0,30.2,28.9,20.3,41.5,11.3,0,27.5,17.77,94.34,0.02
106923,John,INST-4608,13:45,711.8,23.7,19.4,29.8,76.3,6,0,15.6,18.34,97.79,1.23
106924,Divya,INST-7257,23:30,0,39,39.1,23.5,73.7,3.1,0,25,20.4,94.61,0
106925,Ravi,INST-2060,8:15,458.1,36.9,34.5,6.9,85.5,14.8,0,3.3,20.32,97.44,1.08
106926,Arun,INST-6743,16:15,330.2,36.7,33.8,38.6,34.3,9.5,0,15.3,21.28,95.29,0.46
106927,Akash,INST-6394,3:00,0,20.7,19.1,80.9,59.3,11.5,23.2,9.4,19.82,97.06,0
106928,Meena,INST-4006,8:00,273.2,34.5,30.8,51.8,30,12.9,10.1,2.4,17.49,93.41,0.57
106929,Akash,INST-9014,4:45,0,38.8,40.5,55.6,33.7,4.8,10,23,22.13,95.57,0
106930,Priya,INST-4327,11:45,337,29.7,27.9,79.6,80.6,0.7,3.8,3.5,17.95,95.72,0.39
106931,Akash,INST-4066,13:15,489.7,41.9,36.7,58.8,70.8,11.7,12.1,13.4,18.45,94.69,0.99
106932,John,INST-3916,20:30,0,36.7,36.5,90.2,52.1,11.1,10.1,13.5,19.03,93.53,0
106933,Meena,INST-8545,6:15,12.9,33.1,32.2,25.9,79.8,5,0,22.9,21.8,97.9,0.03
106934,Meena,INST-6347,1:30,0,23.9,21.9,81.1,49.7,13.8,6.2,1.8,20.89,97.72,0.05
106935,Priya,INST-1472,8:15,283.2,27.9,25.6,50.4,94.6,7.2,18,4.5,17.72,97.91,0.34
106936,Arun,INST-4481,0:00,0,38.6,39.2,92,66.3,8.4,2.2,23.3,18.03,96.3,0
106937,Akash,INST-5284,12:45,692.2,33,26.8,35.9,45.1,12.1,0,16.4,21.33,97.09,1.49
106938,Meena,INST-8321,16:30,339.4,30.8,26.9,40.9,28.4,9.1,0,10.6,22.18,97.44,0.84
106939,John,INST-6744,7:00,195.2,26.6,23.5,26.8,72.2,12.8,0,29.6,19.62,96.95,0.44
106940,Arun,INST-7977,21:15,0,26.2,26.5,88.5,49.8,5.4,8.3,25.5,21.85,96.62,0
106941,Ravi,INST-9341,2:00,0,29.8,28.6,65,81.2,0.7,7.6,27.3,20.01,95.58,0
106942,Priya,INST-7470,2:45,0,24,24.9,73.5,29.7,0.1,10.2,16.8,18.5,96.98,0.09
106943,Divya,INST-8670,23:30,0,30.8,31.5,65.4,76.1,5.3,10,13.9,20.08,92.47,0
106944,Akash,INST-5369,21:30,0,37.6,37.3,71.4,39.7,9.7,14.9,28.6,22.57,97.81,0
106945,Ravi,INST-8129,2:30,0,36.3,37.4,73,91.8,5.8,21.2,20.1,20.31,97.09,0.12
106946,Priya,INST-1779,21:45,0,21,19.8,88.7,86.5,14.5,20.5,15.3,17.81,92.75,0.03
106947,Akash,INST-7122,5:15,0,28,27.5,48.1,32.9,10.1,18.9,20.7,22.42,98.33,0
106948,Kumar,INST-3880,15:00,454.6,30.3,25.8,45.1,90.3,6,4.1,1.2,20.09,97.49,1.06
106949,Arun,INST-6425,1:45,0,22.9,22.5,27.3,81,9,0,13.9,17.77,93.51,0.19
106950,Divya,INST-7291,11:15,911.3,43.4,36,7.3,54.6,5.4,0,14,18.68,96.33,1.48
106951,Ravi,INST-3971,9:15,673.2,32.2,28.5,2.9,43.9,11.3,0,4.3,19.28,92.32,1.27
106952,Kumar,INST-9412,13:15,675.6,35.1,29.6,38.2,23.1,12.2,0,12.4,19.84,93.73,0.99
106953,Meena,INST-2955,3:00,0,23,22.1,90.5,52.7,1.6,12.7,23.2,17.86,98.84,0.05
106954,Kumar,INST-6864,17:45,193.9,22.5,19.6,30.8,87,4,0,27.5,18.96,94.35,0.46
106955,Akash,INST-5077,11:15,384.3,31.6,28.6,73.2,62,1.1,0.6,19,18.2,94.14,0.63
106956,Akash,INST-5720,2:00,0,36.1,37.7,85.2,37.3,2.9,9.8,26.5,22.51,95.52,0.07
106957,Arun,INST-6739,18:15,0,29.2,30.5,55.8,59.1,6.4,2.9,15.9,22.45,93.49,0.11
106958,John,INST-2866,18:30,13.4,36.3,34.8,87.8,61.5,5,13.1,22.9,17.63,97.03,0.11
106959,Meena,INST-1561,8:00,439.9,21.9,18.2,9.8,28.8,5.9,0,5.1,21.34,96.04,0.85
106960,Divya,INST-3137,18:15,10.1,37,35.5,36.9,58.5,14.1,0,1.7,20.94,98.85,0.03
106961,Arun,INST-4488,19:00,0,38.6,40,78,37.6,8.6,22.5,2.2,22.96,93.12,0
106962,Akash,INST-4191,14:30,548.5,25.6,21.4,43.5,58.3,10.8,18.7,15,21.19,97.69,1.07
106963,Divya,INST-4178,14:00,786.3,29.7,24.1,8.7,71.9,2.3,0,0.2,17.11,95.69,1.39
106964,Ravi,INST-4493,5:30,0,41.9,40.5,20.6,56.3,11.9,0,12.6,20.18,93.92,0.18
106965,Divya,INST-6542,9:00,720.7,45.7,39.3,0.5,40.2,6.5,0,14.9,19.45,92.11,1.21
106966,Ravi,INST-2265,12:00,626.1,29.3,23,43.1,77.8,6.7,13.6,23.9,21.37,94.37,1.2
106967,Ravi,INST-9387,3:00,0,37.1,36.6,92.1,23.8,9.7,22.8,2.8,22.97,95.85,0.11
106968,Ravi,INST-2878,5:45,0,26.8,28.5,78.5,95,8.2,13.9,5,21.17,93.34,0
106969,Kumar,INST-2611,18:15,2.3,31.7,33.6,53.7,71.3,3.6,24.7,9.4,18.1,92.44,0.2
106970,Divya,INST-8319,0:45,0,38.6,40.3,38.1,94,9.3,0,16.5,19.94,96.5,0.05
106971,Kumar,INST-2807,23:00,0,19,20.2,37.6,21.8,9,0,8.5,17.33,94.96,0
106972,Kumar,INST-7581,9:30,419.1,30,26.2,50.6,40.6,12.3,11,16.1,20.22,96.68,0.83
106973,Kumar,INST-2959,18:15,0,38.6,38.5,52.7,52.1,3.2,4.7,18,20.41,93.82,0
106974,Priya,INST-3538,7:45,236.9,19.8,18.9,8.8,92.3,6.8,0,17.3,21.12,97.38,0.64
106975,Akash,INST-2508,10:45,421.7,24.7,22.8,63.3,35.3,1.1,12.1,29.7,22.09,98.08,0.91
106976,John,INST-5397,3:45,0,33.5,34.6,65.1,82.6,12.8,11.2,14.8,17.47,93.39,0
106977,Divya,INST-6913,20:00,0,37.4,36.2,89,30.4,12.3,21.1,15.2,20.85,98.06,0
106978,Divya,INST-4030,4:45,0,17.4,19,57.9,82.4,4.9,15.4,26.2,21.09,93.4,0
106979,Priya,INST-4731,1:00,0,29.2,28.5,88.5,80.2,12.2,24.3,21,17.15,95.52,0.05
106980,John,INST-3679,21:45,0,25.8,27.1,92.1,65.4,8.6,5.6,11.6,20.38,96.43,0.04
106981,John,INST-4013,6:00,0,26.8,25,87.2,36,1,12,2.2,20.47,98.53,0.1
106982,John,INST-7462,13:00,363.6,37.3,35.7,73.5,51.4,7.8,3,20.3,18.18,95.34,0.58
106983,Meena,INST-4068,12:30,558.9,40.7,35.1,55.3,47.6,3.8,18.5,21.1,17.8,92.51,0.65
106984,Akash,INST-4981,16:45,420.4,28.5,26.6,16.6,71.7,4.8,0,2.1,20.19,95.7,0.63
106985,Arun,INST-8091,14:15,721.7,27.2,21,18.8,53.3,12.6,0,19.2,21.85,94.76,1.27
106986,Meena,INST-3601,15:45,652.8,41.1,36.9,10.1,71.5,14.8,0,6.7,18.4,92,0.95
106987,Kumar,INST-4805,12:00,571.3,43.7,38.2,52.9,28.9,13.9,24.2,3.5,19.88,93.52,1.08
106988,Kumar,INST-3724,11:30,910.2,45.7,36.7,4.8,31.6,6.8,0,14.6,19.34,93.65,1.38
106989,Kumar,INST-1566,15:45,355.1,19.9,18,61.4,86.7,10.9,6.8,3.2,22.88,93.92,0.94
106990,Ravi,INST-7891,1:30,0,37.7,37.2,50.3,33.1,13.6,10.3,0.6,22.66,98.66,0.09
106991,Priya,INST-1311,10:00,453.6,25.7,20.2,57.9,39.6,14.4,23,21.5,20.18,93.19,0.69
106992,Priya,INST-6091,12:00,449.4,44.2,39.8,65.6,89.1,3.6,4.8,18.7,20.71,98.29,0.71
106993,Priya,INST-8459,5:30,0,33.3,32.7,36.1,62.2,12.4,0,1.9,23,96.88,0
106994,Kumar,INST-4303,6:30,5.8,20.3,18.5,49.1,23,3.2,19.6,0.3,19.32,93.57,0
106995,Arun,INST-9146,19:15,0,34.2,33.5,41.1,72.4,8.3,12.5,23.1,19.34,92.37,0.18
106996,Priya,INST-9901,19:30,0,18.9,18.6,40.9,67.8,5.4,9.1,18.1,20.47,92,0.08
106997,Divya,INST-6443,3:30,0,39.7,41,77.4,51.9,7.5,17.9,1.7,18.54,93.06,0
106998,Divya,INST-7518,17:30,143.2,34.1,34.8,46.1,36.1,6.9,2.7,15.5,21.37,93.34,0.34
106999,Priya,INST-8039,8:30,418.2,43.4,41,23.1,66,9.6,0,17.8,22.13,92.19,0.91
107000,Kumar,INST-2787,0:15,0,32.1,33.8,95.7,53.6,3.1,8,14.1,22.49,97.6,0.08
107001,Arun,INST-6062,19:15,0,37.9,38.6,22.5,94.4,4.6,0,18.5,17.08,92.59,0
107002,Divya,INST-7139,8:15,297,22.6,18.3,48.4,57.9,3,12.4,6.5,17.53,98.56,0.66
107003,Ravi,INST-4707,14:15,555.2,36,33.1,45.7,38.4,8.4,5.8,3.7,18.2,95.42,0.76
107004,Kumar,INST-4797,5:15,0,41.5,41,47.2,88.7,4.5,24.6,2.1,17.13,98.29,0.13
107005,John,INST-6965,16:15,165.4,35.7,34.1,85.1,82.5,11.3,20.5,11.6,22.44,98.42,0.2
107006,Divya,INST-3372,11:30,594.5,43.7,40,44,56.9,13.2,20.3,18.8,20.39,94.41,1.1
107007,Divya,INST-3202,17:45,198.6,23.5,22.1,30,76.9,12,0,25.3,17.69,98.1,0.36
107008,Akash,INST-9284,10:00,516.2,40.4,34.6,50.4,65.7,7.1,3.5,15.3,23,98.85,1.03
107009,Priya,INST-9325,16:00,381.4,21.7,19.5,25.6,77.8,2.3,0,2.6,21.4,96.38,0.83
107010,Priya,INST-2000,14:15,821.8,32.5,26.2,5.1,85.7,13.9,0,28.5,22.26,93.72,1.49
107011,Divya,INST-2656,8:45,382.4,25.6,22.6,24.3,42.7,12.9,0,10.5,22.43,96.75,0.64
107012,Divya,INST-1914,23:45,0,24,22.7,37.6,33.2,10.2,0,25.5,21.52,92.91,0
107013,Kumar,INST-1832,21:45,0,39.7,41.1,50.5,44.5,14.7,18.6,17.6,21.95,97.76,0
107014,Ravi,INST-4472,11:00,243.9,31.7,31.2,89,54.4,4.9,11.5,0.8,21.99,97.53,0.49
107015,Akash,INST-4057,22:45,0,26.6,26.9,71.4,88.2,4.2,14,0.9,21.49,94.52,0
107016,Kumar,INST-5118,20:45,0,27.8,26.6,62.6,77,5.9,20.1,20,21.56,92.94,0
107017,Akash,INST-2485,7:15,94,33.5,31.5,67.6,39.5,9.4,0.8,23.4,19.18,92.33,0.22
107018,Kumar,INST-7778,6:15,8.9,38,37.1,76.9,92.4,2.8,5.2,11.5,17.67,95.64,0
107019,Akash,INST-6402,15:45,612.1,31.8,25.5,16.1,76.2,6.7,0,6,22.18,97.69,1.35
107020,John,INST-2953,13:30,818.4,44.9,36.4,16.4,55.9,1.1,0,5.8,17.97,95.75,1.5
107021,John,INST-5802,6:15,0,38.5,38,40.6,48.3,3.5,22.9,8.3,17.96,94.65,0.15
107022,Priya,INST-1929,2:30,0,35.4,36.8,69.7,86.5,2.2,8.5,0.1,20.17,98.15,0.04
107023,Akash,INST-6847,3:30,0,27.8,27.1,26.2,78.8,9.9,0,10.8,18.55,96.08,0.15
107024,Priya,INST-8997,0:30,0,29.5,30.7,34.4,21.3,14,0,8.1,19.3,93.14,0
107025,Kumar,INST-3446,0:15,0,40.8,41,25.4,60.5,8.3,0,4.1,17.77,93,0
107026,Akash,INST-3050,4:15,0,17,18.9,38.1,92.4,11.1,0,18.3,17.05,98.83,0
107027,Meena,INST-5662,4:00,0,31.4,29.9,44.3,77.8,1.6,24.9,7.7,17.89,96.33,0.19
107028,Kumar,INST-5192,5:45,0,38.6,40.4,91.9,57.7,11.7,17.1,18.3,19.67,93.3,0
107029,Meena,INST-3938,10:45,388.7,31.5,27.5,64.8,70.2,14.6,4.8,2,19.53,97.78,0.62
107030,Ravi,INST-7794,12:15,880.4,36,28,14.8,77.1,10.5,0,3.6,21.4,93.67,1.63
107031,Meena,INST-3566,15:45,283.4,38.6,37.2,70.4,64.6,3,1.5,13.2,22.58,92.91,0.64
107032,Divya,INST-6536,22:15,0,35.2,35.9,95,35.8,5.7,3,11.2,22.22,92.02,0.12
107033,John,INST-1769,12:30,765.2,25,18.9,27.5,61.6,10,0,28.7,20.3,94.57,1.12
107034,Ravi,INST-7792,11:00,927.5,40.4,33.3,3.9,65.4,9.4,0,15.7,19.61,97.84,1.68
107035,Akash,INST-3824,11:15,501.2,41.3,36.5,58.9,49.9,14.9,10.3,14.4,18.69,98.72,0.68
107036,Meena,INST-9193,1:15,0,29,28.4,55.8,22,7.2,5.8,9.1,18.46,95.9,0.01
107037,Kumar,INST-5594,23:15,0,27.3,28.6,20.1,79.1,8.4,0,22.3,21.15,97.89,0.14
107038,Kumar,INST-2197,22:15,0,41.4,39.4,59.1,89.7,11.9,3.2,25.4,20.89,95.8,0
107039,Ravi,INST-9401,21:30,0,36.8,37.9,39,73.5,9.4,0,23.1,21.22,92.99,0.17
107040,Priya,INST-2124,0:45,0,34.6,34.7,49,66.3,6,3.7,16.2,22.81,95.54,0
107041,Meena,INST-9618,18:45,4.3,20.1,21.7,50,72.4,9.4,10.5,18.8,20.07,92.69,0.06
107042,Priya,INST-3807,18:15,0,38.2,38.4,62,57.8,6.1,17.5,19,19.28,92.71,0
107043,Priya,INST-9826,5:15,0,30.1,29.9,97,89.6,9.8,24.6,21.2,19.83,97.15,0.13
107044,Priya,INST-5024,18:45,0,38.2,38.2,20.7,57.1,5.6,0,9.8,17.65,96.01,0
107045,Meena,INST-9940,9:30,340.1,25.9,21.8,59.7,40.7,14.5,6.7,1.8,17.96,92.61,0.76
107046,Divya,INST-5561,17:00,155.8,28.5,27.3,53.5,49.8,11.1,18.2,24.8,19.13,94.49,0.09
107047,Kumar,INST-6682,23:45,0,32.3,32.7,39.9,86.9,13.3,0,22.9,19.76,92.11,0
107048,Meena,INST-1614,16:15,117.5,29.9,28.7,89.1,37.9,5.4,4.2,26,21.83,96.86,0.3
107049,Arun,INST-6646,13:30,586.5,37.9,31.9,48.8,70.8,6.6,5.3,24.2,20.56,92.52,1.03
107050,Priya,INST-4677,9:45,434.1,21.8,19.2,48.9,66.8,1.4,8.5,24.5,21.68,92.4,0.74
107051,Akash,INST-2108,10:00,483.9,26.2,23.8,50.5,23.5,3.5,21.3,13.8,19.34,96.34,1.03
107052,Kumar,INST-2523,13:15,581.4,44,38.5,45.7,60.6,14.4,19.5,24.4,20.21,96.09,0.91
107053,Meena,INST-5283,11:45,398.3,36,32.2,71.9,54.5,11.2,13.7,15.1,20.97,93.28,0.64
107054,John,INST-1306,17:45,121.8,34.6,32.5,55.9,52.9,10.8,20.9,10.5,21.79,98.33,0.2
107055,Divya,INST-8777,19:30,0,39.6,39.3,31.1,21.8,0.1,0,24.6,19.22,94.03,0
107056,John,INST-2019,11:45,703.2,42.7,36.4,33.5,87.2,1.7,0,14.7,20.23,97.35,1.17
107057,Priya,INST-4169,21:00,0,29.3,30.8,23.2,87.2,10.5,0,14.6,20.95,97.7,0
107058,Ravi,INST-3767,4:45,0,41,39.2,71.5,68.9,4.2,22.4,14.5,22.52,93.59,0
107059,Ravi,INST-3324,12:15,903.6,40.2,32.4,9.5,31.8,14.4,0,28,20.91,95.45,1.52
107060,Meena,INST-4471,17:45,148.6,26.8,25.4,57.8,80.7,4.7,21.3,27.1,21.73,97.21,0.26
107061,Akash,INST-1306,16:00,339,39,37.6,36.5,42.6,13.6,0,3.8,21.25,97.29,0.79
107062,Meena,INST-6440,0:00,0,34.2,36.2,33.1,90.5,11.1,0,29.7,17.02,93.81,0.04
107063,Akash,INST-9960,9:15,469.5,35.1,30.8,38.6,66.1,9.5,0,13.9,18.41,97.95,0.73
107064,Akash,INST-5979,22:15,0,35.8,36.6,33,62.4,13.6,0,27,21.94,93.47,0
107065,John,INST-8617,1:30,0,18.2,19.3,24.8,81.5,10,0,5,20.19,97.65,0
107066,John,INST-7606,5:00,0,39.6,39.1,84.6,63.8,8.4,7.7,7.9,18.95,95.33,0.17
107067,John,INST-1040,4:45,0,21.6,20,49,26.1,1.9,2.4,6.4,17.03,93.11,0
107068,Kumar,INST-1743,12:45,520.6,27.9,22,57.1,58.1,1.6,11.2,10.3,18.85,92.18,0.91
107069,Arun,INST-5461,3:30,0,40.3,41.9,93,51.9,9.1,12.7,13.5,17.17,93.8,0.09
107070,Akash,INST-5773,6:45,1.1,35.3,34.5,66.9,26.7,7.3,7.1,18.8,18.84,95.48,0.02
107071,Meena,INST-2363,9:45,316.2,39.7,35.6,64,85.1,12.1,8.9,0.2,21.79,95.83,0.5
107072,Priya,INST-4106,10:15,344.9,29.8,25.4,71.6,66,5,17.6,27.2,18.2,96.06,0.43
107073,Ravi,INST-9810,22:45,0,16.3,18.1,55.2,66,10.1,6.8,26.7,18.77,94.37,0.19
107074,Priya,INST-9053,18:15,1.4,27.2,28.7,51.2,24.8,12.6,18.3,28.6,22.72,93.81,0.14
107075,Akash,INST-7214,4:45,0,37.1,37.6,57.3,91.7,10.8,15.8,17.3,21.96,93.13,0
107076,Arun,INST-7916,16:00,190.3,24.1,24.1,70.9,91.8,10.2,12.7,25.5,17.85,94.38,0.14
107077,Akash,INST-6526,12:15,585.5,35.9,31.4,47.5,41.2,4.5,7.4,10.3,22.69,94.49,1.29
107078,Ravi,INST-1796,13:30,562.4,42.8,36.9,50.4,84.2,3.2,2.9,29.3,20.18,93.95,0.95
107079,Arun,INST-4231,7:45,188.3,37.2,35.6,29.3,92.7,5.6,0,7.5,17.71,92.22,0.14
107080,Divya,INST-3795,10:00,290.7,26.1,23.4,82.3,25.5,7.8,4.7,9.7,17.57,98.65,0.42
107081,Akash,INST-3394,6:45,0,35.6,36.8,4.5,52.6,2.4,0,4.9,21.61,96.82,0.03
107082,John,INST-8348,22:15,0,35.6,36,63.2,76.6,1.7,12.9,10.3,22.38,93.73,0
107083,Arun,INST-6930,11:15,690.9,39.3,34.9,36.2,22.2,3.2,0,10.9,17.5,92.68,0.86
107084,Divya,INST-3662,11:30,822.2,35.1,29.2,15.6,36.7,10.9,0,15.5,20.77,96.17,1.63
107085,Meena,INST-7268,5:15,0,23.3,22.8,29.6,76.1,1,0,21.9,17.32,96.88,0
107086,Priya,INST-6561,0:45,0,32,31.1,89.7,62.1,2.4,19.8,23.8,21.75,98.72,0
107087,Meena,INST-2942,5:30,0,37.9,37,89.1,33.3,2.3,10.4,17.2,20.9,96.05,0
107088,Arun,INST-7779,8:00,382.8,23.1,21.3,29.8,44.8,11.1,0,1.3,22.26,97.98,1.02
107089,Kumar,INST-5540,16:15,305,28.5,25.5,43.1,24.1,7.4,16.5,13.4,21.96,97.46,0.6
107090,John,INST-1914,2:15,0,17.9,19.6,73.7,84.4,0.3,10.8,10.3,20.54,95.67,0.09
107091,John,INST-1067,23:45,0,32.8,33.7,65.8,74.1,1.1,22.2,6.7,17.38,92.08,0.16
107092,Divya,INST-1422,16:00,441.2,42.7,39.4,15.4,94.8,10.1,0,10.8,22.36,97.94,1.02
107093,Priya,INST-1282,12:30,368.5,32,30.4,77.5,24.3,11.9,14,21,20.54,97.14,0.54
107094,John,INST-5814,22:45,0,39.4,39,77.5,72,9.3,5,26.7,18.99,94.7,0
107095,Akash,INST-2428,1:15,0,37.5,38.2,33,76.6,7.8,0,21.1,19.4,93.94,0
107096,Priya,INST-8021,9:00,481.9,36.9,31.8,35.3,28.6,5.3,0,28.6,19.8,95.38,0.84
107097,Meena,INST-9041,10:15,334.6,28.2,25.9,72.8,52,7.9,3.9,29.7,20.24,92.06,0.42
107098,Akash,INST-9147,6:15,0,23.5,22.2,17,42.7,11.5,0,14.2,21.52,92.83,0
107099,Ravi,INST-8721,3:45,0,30.9,29,67.1,66.1,11.2,16,20.9,21.26,95.92,0.11
107100,Ravi,INST-3171,23:45,0,34.4,32.5,57.1,50.2,5.4,1.2,10,22.66,95.46,0.08
107101,Meena,INST-3132,15:30,515,26.8,23.1,30.5,87.2,4.4,0,16.8,18.92,92.82,1.01
107102,Akash,INST-4109,15:00,253.6,43.8,41.4,79.3,46.1,13.5,12.5,29,22.47,94.17,0.65
107103,Kumar,INST-7970,14:00,233.4,21.4,19.7,85.8,64.4,8.6,3,9,21.55,95.14,0.27
107104,Ravi,INST-5983,6:00,9.5,40.2,41.2,87.3,87.4,7.4,13.6,14.3,17.12,93.44,0.16
107105,Priya,INST-5209,11:00,605.7,25.3,20.1,45.2,56,10.3,9.5,2.6,21.44,92.88,1.27
107106,Akash,INST-3730,19:15,0,30.6,32.1,75.5,69.6,1,22.3,11.8,18.31,96.5,0.08
107107,John,INST-3669,10:15,365.2,22.1,20.9,71.2,37.5,2,23.4,18.1,22.37,96.53,0.7
107108,John,INST-9703,17:30,110.4,17.8,18.5,67.2,80.6,4.1,0.8,12.2,19.8,92.18,0.09
107109,John,INST-3617,6:00,0,38.9,38.2,34.3,51,13.7,0,17,17.08,96.79,0.16
107110,Meena,INST-3558,20:30,0,21.6,22.4,91.5,32.3,13.8,12.7,29.8,17.73,93.08,0.04
107111,Ravi,INST-8855,3:00,0,30,30,67.7,39.2,7.4,9.6,26.2,22.08,94.38,0.07
107112,Arun,INST-5953,6:00,0,17.6,18.2,4.6,57.4,8.9,0,21.3,19.51,95.13,0.16
107113,Akash,INST-8355,1:30,0,31.1,32.7,98.4,90.4,13.6,20.3,23.7,21.3,94.99,0.11
107114,Meena,INST-9311,2:45,0,25.2,24.9,66.4,43.8,5.2,7.2,15.6,19.73,96.29,0
107115,Meena,INST-4657,2:30,0,40,38.1,26.1,79.4,6.7,0,16.7,21.83,96.03,0.01
107116,Divya,INST-3264,20:15,0,18.8,19.7,58.2,71.4,1.5,8.6,15.4,18.64,94.66,0.17
107117,Meena,INST-1524,20:45,0,36.4,35.5,64.6,52.8,10.8,10.9,25.6,19.09,96.4,0
107118,Divya,INST-1340,20:30,0,40.1,41.1,94.9,65.3,0.1,4.7,13.7,17.15,95.78,0.1
107119,Akash,INST-3898,19:30,0,23.3,22.6,22,80.4,8.3,0,29.8,20.99,96.48,0
107120,Priya,INST-7688,4:45,0,17.6,18.8,38.1,26.7,2.4,0,0.5,22.2,98.48,0.05
107121,Divya,INST-2046,8:30,470.5,24.7,21.1,11.8,80,9.2,0,8.3,17.47,93,0.71
107122,John,INST-9441,22:15,0,24.4,25.8,98.7,23.9,11.2,10.5,22.4,22.28,97.07,0.07
107123,Kumar,INST-7572,22:30,0,22.2,23.2,38.9,21.1,11,0,24.3,17.95,97.43,0.16
107124,Priya,INST-5946,13:15,245,26.8,23.5,88.2,28.2,6.2,24.8,10.5,19.22,96.59,0.32
107125,Ravi,INST-4617,20:15,0,29.9,30.3,78.4,45,12.6,4.4,26.3,21.85,94.37,0
107126,Kumar,INST-6882,15:15,324.7,28.3,25.8,64.8,94.1,9.3,1.6,9.6,21.12,92.33,0.74
107127,Arun,INST-4936,16:00,328.9,28.6,26.8,40.9,51.1,7.1,20.7,26.4,19.16,94.84,0.33
107128,Priya,INST-9508,17:45,128.4,23.8,22.2,60.3,50.5,1.1,0.1,19.5,22.55,96.16,0.15
107129,Ravi,INST-4599,19:45,0,34.6,36.1,85.5,88.7,4.2,22.3,13.9,20.84,95.61,0
107130,John,INST-3877,15:45,175.9,23,22.5,87.7,43.4,13.4,5.1,14.2,18.83,94.36,0.34
107131,Akash,INST-3907,11:30,615,43.2,37.7,41.6,66.7,2,15.4,17.8,20.88,94.18,1.04
107132,Arun,INST-3317,8:45,457.7,45.3,40.6,9.1,29.3,6.3,0,22.3,17.64,92.46,0.48
107133,Ravi,INST-1312,13:45,459.7,28.1,26.2,62.5,76.5,4.6,19.9,3.4,21.38,95.01,0.78
107134,Arun,INST-3144,2:45,0,24.8,25,54.7,50.4,4.1,10.1,27.6,20.25,96.52,0.11
107135,Meena,INST-7335,12:30,536.9,45.1,39.4,55.4,47.8,2.6,8,8.9,17.22,97.31,0.94
107136,Meena,INST-9221,7:30,83.2,30.2,29.2,87.6,50.3,10.1,4.3,24.5,22.62,94.31,0.01
107137,Priya,INST-5203,6:00,0,30.8,31.6,45.5,56.5,12.1,17.6,13.9,19.94,96.82,0
107138,Priya,INST-7764,22:15,0,28.8,29.1,95.2,33.3,1.4,24.4,9.9,22.19,98.19,0.02
107139,Priya,INST-5736,15:30,536.6,33.2,29.6,28.7,83.2,5.3,0,6.1,21.71,92.23,1.16
107140,Ravi,INST-2833,1:00,0,19.6,20.7,57.8,92.5,1.1,4.9,29.5,21.79,95.2,0.19
107141,Priya,INST-2194,22:15,0,35.5,33.9,38,39.4,8.4,0,0.3,20.43,98.2,0.13
107142,Kumar,INST-4828,4:45,0,17,18.4,52.8,48.5,1.9,18.4,26.7,19.39,92.56,0.16
107143,Divya,INST-3315,16:00,325.9,35.5,31.7,37.9,48.9,6.3,0,3.4,22.47,92.89,0.61
107144,Meena,INST-1953,5:30,0,22.2,21.6,23,65.6,12.5,0,25.5,17.84,93.85,0.11
107145,John,INST-3471,11:00,743.5,35,27.8,27.6,63,4.7,0,9.8,19.74,95.97,1.27
107146,Arun,INST-7104,5:30,0,29.5,30.3,54.5,71.4,0,16.2,3.3,22.55,93.46,0
107147,Akash,INST-2649,17:00,180.8,41.4,40,33.1,61.1,13.3,0,5.4,22.48,98.94,0.4
107148,Meena,INST-4428,0:00,0,30.8,31.2,25.8,85.9,6.6,0,11.8,17.17,92.23,0
107149,John,INST-7021,11:00,673.1,27.6,20,36.7,80.6,9.2,0,8.3,21.46,98.79,1.24
107150,Arun,INST-8419,3:30,0,35.2,35.7,68.5,56.2,7.3,13.4,19.7,17.29,96.05,0
107151,Priya,INST-2515,1:00,0,19,18.3,76.8,35.1,7.5,22.6,27.5,21.96,98.12,0.17
107152,Divya,INST-4022,17:15,132,31.2,29.6,58,81.4,14.6,5.5,13.3,19.58,92.77,0.22
107153,Akash,INST-2896,13:45,653.1,25.4,20.5,38.7,86.4,7.1,0,29.1,22.8,95.22,1.24
107154,Arun,INST-1746,3:45,0,39,37.2,62.7,56.4,8.2,8.2,9.4,22.95,92.6,0.07
107155,Ravi,INST-3587,5:45,0,24.7,23.9,94.5,55.4,13.6,13,15.9,17.69,95.57,0
107156,Akash,INST-4630,13:15,909.3,35.5,27.4,7,86.6,1.5,0,14.4,18.19,94.2,1.38
107157,Akash,INST-4807,12:15,251.9,44.3,41.5,89.7,39.9,0.7,4.9,7.3,22.31,92.28,0.45
107158,Kumar,INST-9179,12:00,942.6,30.7,22.4,5.6,36.1,9,0,14.8,18.03,96.14,1.31
107159,Ravi,INST-5086,21:15,0,39.6,39.3,96.4,61.1,3.6,4.9,2,17.48,92.35,0.04
107160,Akash,INST-3362,4:45,0,35.1,34.1,91.3,26.4,8.7,17.2,26.7,22.67,95.88,0
107161,Akash,INST-8377,12:45,356.7,34,31.7,79.5,36.1,11.2,14,23.9,20.21,92.96,0.71
107162,Kumar,INST-3197,6:45,7.2,30.1,31.2,40.1,32.4,6.1,13.8,12.1,17.73,96.03,0.17
107163,John,INST-7305,3:00,0,34.8,35.4,21.7,68.6,10.6,0,26.6,19.1,95.21,0.07
107164,Akash,INST-8555,15:30,524.2,35.6,30.1,29.8,64,6.2,0,0.1,21.7,97.17,0.99
107165,Akash,INST-4299,8:15,352.8,35.4,33,40,37.3,6.4,0,21.1,19.72,97.15,0.58
107166,John,INST-7050,0:15,0,38.6,38.6,99,26.2,14.3,3.7,12.4,19.26,96.3,0
107167,John,INST-7246,5:15,0,20,19.5,90.7,83.2,11.5,8.9,17.6,20.99,97.26,0.06
107168,Kumar,INST-9069,11:15,305.5,20.9,19.4,83.2,69.3,3.1,23.5,2.3,17.15,94.68,0.57
107169,Kumar,INST-2791,15:30,195.5,24.1,21.5,87,87.3,12.9,4.5,23,20.4,98.77,0.5
107170,John,INST-1842,0:15,0,21.5,21.5,85.3,81.6,11.2,10.9,30,20.21,92.87,0
107171,John,INST-3101,11:45,274.7,34.6,32,85.6,76.3,14.9,5.9,16.6,22.09,94.49,0.55
107172,Meena,INST-1095,19:45,0,30.2,30.9,47.8,60.8,0.3,3.1,20.2,18.74,98.8,0.2
107173,Arun,INST-4588,16:45,122.7,31.7,31.8,89.8,85.8,7.7,9.8,4,18.29,98.92,0.39
107174,Priya,INST-8456,0:00,0,32.3,34.1,49,49.1,4.4,16,21.7,20.24,95.72,0
107175,Ravi,INST-1499,16:30,212.5,22.8,22.4,67.3,27.1,9.3,22.4,5.8,20.34,92.69,0.19
107176,Arun,INST-2988,0:15,0,30.6,30.5,47.6,79,11.2,5.7,18.1,20.31,94.56,0
107177,Akash,INST-8543,16:30,449.6,42.5,40.4,16.2,53.7,9,0,15.2,17.94,94.39,0.52
107178,Divya,INST-6428,7:15,267.7,38.9,34.9,0.9,25.9,12.3,0,18.1,20.8,93.45,0.29
107179,Kumar,INST-4819,11:45,757.9,31.1,23,25.4,87.9,12.5,0,4.8,17.28,94.4,1.31
107180,Ravi,INST-7119,1:30,0,29.3,30.1,73.1,22.1,2.4,13.5,26.3,18.26,94.22,0.19
107181,Divya,INST-6896,10:30,351.9,21.4,19.8,68.8,57.5,12.3,14.6,24.8,21.77,92.28,0.49
107182,John,INST-3650,1:00,0,26.1,26.2,37.9,90.7,1.3,0,10.3,17.5,97.04,0.16
107183,Priya,INST-4371,2:30,0,39.7,40.9,60.3,58.1,1.9,18.4,29.3,22.47,95.4,0.19
107184,Priya,INST-1573,16:30,159.3,24,24.1,82.2,28.1,5.7,5.3,22.2,17.11,95.83,0.41
107185,Meena,INST-7261,21:30,0,21.1,22.4,70.3,75,13,22.6,27.6,22.13,92.6,0.12
107186,Priya,INST-4406,10:30,618.4,26.2,22.5,33.2,28.5,12.8,0,4.3,18.85,95.86,1.25
107187,Kumar,INST-6806,18:30,10.5,27.3,28.9,10.1,40.9,6.7,0,25.8,22.69,98.51,0.01
107188,Kumar,INST-9186,5:00,0,30.4,29.5,64.3,68.9,5.3,9,0.3,18.66,98.24,0.04
107189,Akash,INST-5721,13:45,504.8,44.8,41.4,55,20.4,5.7,9.4,5.5,18.5,98.62,0.75
107190,Divya,INST-2855,10:00,395.1,22.9,18.6,63.9,93.9,7.5,18.4,27.1,20.3,95.85,0.8
107191,Akash,INST-1063,0:15,0,31.6,33.1,68.6,60.6,13.2,10.7,1.1,21.31,96.15,0
107192,Priya,INST-8009,18:15,0,32,30.6,73.1,30.1,15,17,1.6,17.84,92.69,0.09
107193,Ravi,INST-2650,14:30,292.1,34.3,30.6,81.3,36.3,1.3,17.4,29.5,18.32,95.22,0.35
107194,Ravi,INST-9114,6:00,0,25.2,23.3,25.5,43,5.2,0,7.9,18.21,95.49,0.17
107195,Ravi,INST-7081,8:00,190.7,19.6,18.5,70.3,93,9,21.4,22.4,22.57,97.43,0.38
107196,John,INST-2946,18:30,0,28.9,27.9,52.3,89.5,0.9,7,10.9,19.07,98.43,0.02
107197,Meena,INST-8282,7:00,172.3,34.2,31,41.7,77,4.4,10.6,3,18.07,98.98,0.27
107198,Meena,INST-2221,13:00,649.8,44.3,38.5,37.1,34.4,10.4,0,7.1,17.09,92.35,1
107199,Priya,INST-1129,4:15,0,42.1,41.6,50.6,64.4,14.1,13.3,5,19.82,96.78,0
107200,Divya,INST-1222,20:45,0,21.2,22.6,20.5,62.5,1.3,0,10.1,17.96,94.32,0.18
107201,Akash,INST-5334,12:00,382.3,42.3,40.1,74.5,43.5,13.2,4.5,20.6,21.75,93.26,0.65
107202,John,INST-2813,8:00,295.3,37.2,35.7,49.8,50.2,8.6,19.7,0.7,18.71,95.77,0.59
107203,Kumar,INST-7299,22:00,0,25.5,25.3,50.3,64.7,12.2,11,9.4,19.16,95.81,0
107204,Ravi,INST-4720,0:15,0,18.6,19.5,20.8,23.7,8.1,0,17.9,19.05,94.98,0
107205,John,INST-5345,9:30,262.2,20.6,20.2,74.3,46.1,10.3,15.5,2.5,22.92,94.49,0.7
107206,John,INST-5161,23:30,0,28.4,26.9,65,21.9,0.4,3.2,27.6,18.65,96,0.2
107207,Priya,INST-7705,18:45,18.7,23.8,25.4,0.9,76.5,4.5,0,19.7,17.33,95.33,0
107208,Arun,INST-3458,11:45,327.4,24.5,19.8,78.6,78.7,11.5,0.4,25,18.26,97.02,0.44
107209,John,INST-6277,10:15,562.9,42.2,36.5,40.5,36.8,9.5,17.9,1.9,19.78,94.24,1.21
107210,Kumar,INST-8068,19:30,0,23.3,24.9,60.4,78.6,4.7,10.3,24.9,19.24,98.49,0
107211,Priya,INST-1712,19:00,0,22.6,21.5,25.4,39.3,12.9,0,13.2,22.73,93.68,0.17
107212,John,INST-9772,6:45,0,28.4,27.2,60.2,22.4,2.8,21.2,27,19.87,98.8,0
107213,Meena,INST-7580,10:45,307.2,34.5,30.4,74.8,86.5,2.7,5.3,26.4,19.44,98.98,0.55
107214,Arun,INST-6856,20:45,0,40.3,41.1,55.5,43.9,7.9,23.3,2.7,17.75,98.77,0
107215,Kumar,INST-9172,2:15,0,25.7,25.6,83.2,62.8,7,14.7,25.4,19.64,96.21,0.19
107216,Ravi,INST-7324,11:15,355.6,42,38.7,77.2,52.6,2.3,20.2,22.5,18.01,97.01,0.43
107217,Arun,INST-2512,1:00,0,20.1,20.1,73.6,76.3,1.3,22,14.2,22.36,93.81,0
107218,Arun,INST-9108,12:15,1000,33.4,26.9,1.2,42.6,0.5,0,2.6,18.78,95.67,1.61
107219,Divya,INST-8396,16:15,442.9,22.7,20.9,11.5,26.4,2.3,0,20.6,20.78,93.9,0.64
107220,Priya,INST-4862,0:15,0,28.4,29.5,61.3,28.1,5.8,0.6,13.6,21.17,94.06,0
107221,Kumar,INST-2773,4:15,0,34.9,33.1,46.2,27.2,13.6,11.6,12.4,17.6,96.67,0.08
107222,Arun,INST-1235,12:30,513.4,26.1,20.9,57.7,85,8.7,12.4,15.2,18.17,93,0.62
107223,Akash,INST-2543,6:45,6.2,36.5,34.7,42.9,44.3,9.9,23.2,3.3,20.32,97.84,0.12
107224,Ravi,INST-5688,11:00,462.5,35.4,29.9,64,80.9,4.4,23.2,6.8,18.52,94.65,0.66
107225,John,INST-8455,11:30,277.8,23.6,23,86,52.6,6.1,0.6,6.9,22.02,96.62,0.5
107226,Divya,INST-1949,0:00,0,29.9,29.1,63.3,37.7,6.2,24.4,21.8,21.37,96.69,0.01
107227,Arun,INST-6135,18:30,2.8,32.5,34.4,10.8,60.2,9.8,0,21.6,17.68,96.75,0.19
107228,Kumar,INST-1770,15:15,321.9,24.9,22.2,62.7,44.6,6.8,6.9,16.1,18.28,97.91,0.51
107229,Meena,INST-9701,22:30,0,36.9,36.7,72.9,34.1,3.3,6,14,18.56,96.45,0
107230,Priya,INST-6346,17:45,255.8,30.5,28.6,3.2,70.8,14.8,0,9.8,20.4,94.02,0.29
107231,Arun,INST-7668,11:00,916.2,44.5,37.6,6.7,36.2,1.4,0,21.5,22.67,96.49,1.89
107232,Kumar,INST-4820,18:00,0,23.9,24.2,4.8,78.4,7.1,0,26.1,21.61,94.47,0
107233,Ravi,INST-4550,21:00,0,42.9,41.1,88.5,73.2,6.6,23.1,6.5,19.7,94.4,0.05
107234,John,INST-5001,5:00,0,30.4,31.3,53.3,64.6,8,7.3,0.3,18.9,96.55,0.19
107235,Divya,INST-4407,14:30,425.8,35.2,33,60.1,69.4,11.9,2.2,17.5,17.72,96.22,0.86
107236,Akash,INST-9839,15:30,372.8,39,35.6,56.4,31.2,0.6,21.9,16.4,18.55,92.68,0.61
107237,Akash,INST-5425,11:45,344.5,29.7,27.1,79.6,32.1,8.5,18.8,10.9,20.06,92.94,0.62
107238,Arun,INST-5808,21:45,0,34.8,35.4,58.6,76.9,6.8,18.9,8.2,22.02,98.71,0
107239,Arun,INST-5379,12:15,910.9,35.1,29.3,9.9,60.3,1.5,0,16.4,21.47,93.27,1.54
107240,Kumar,INST-2148,22:45,0,37.1,36.3,46.7,28.4,4.2,4.3,12,21.62,95.1,0.17
107241,John,INST-2502,15:00,434.6,30.7,28.3,43.2,82.4,6.2,0.2,15,21.05,98.8,0.97
107242,Akash,INST-7532,14:00,704.6,38.3,32.9,21.3,87,2.2,0,8.4,21.1,98.24,1.51
107243,Divya,INST-4068,7:45,135.3,42.8,41.6,62.8,25.4,14.2,21.5,29,17.17,98.62,0.29
107244,Arun,INST-4194,5:00,0,31.8,31.2,64.6,28.7,6,20,28.9,20.68,96.53,0
107245,Akash,INST-1174,23:15,0,32.7,34.1,80,34.5,8.6,11.3,5,19.7,98.95,0
107246,Kumar,INST-5136,21:45,0,32.4,30.7,23.3,41.1,2.7,0,16.2,22.61,93.28,0.13
107247,John,INST-5093,9:15,585.4,24.9,19,22.2,57.5,2.1,0,19.1,17.74,98.26,0.8
107248,Priya,INST-1616,7:00,167.5,27,27.3,45.1,34.7,4.3,3,28.5,18.16,94.67,0.17
107249,Arun,INST-3654,1:15,0,41.5,41,47.2,23.3,9.7,10.5,21.7,21.85,98.55,0.19
107250,Akash,INST-9083,22:30,0,22.2,23.7,71.1,59.7,6.6,22.8,15.2,19.38,98.78,0.02
107251,John,INST-2461,15:45,236,25.7,22.6,79.5,39.4,0.4,2.5,14.2,20.99,95.82,0.48
107252,Priya,INST-5575,13:00,888,43.2,37,7.8,28.7,13.1,0,28.4,18.01,96.61,1.5
107253,Priya,INST-6354,6:00,0,25.4,24.4,38.7,78.1,12.5,0,7.3,22.1,92.78,0.14
107254,Arun,INST-1841,2:30,0,28.1,29.2,92.1,41.8,12.4,3.5,29.3,20.7,98.84,0
107255,Ravi,INST-2976,22:30,0,32.4,33.2,28.2,36,6,0,15,19.08,92.47,0.13
107256,Ravi,INST-4943,10:45,735.4,31.5,24.8,19.4,27.7,3.9,0,18.4,21.01,98.09,1.34
107257,John,INST-8062,16:30,335.8,35.2,32.8,40.9,77.8,2,17.9,2.2,19.17,93.52,0.72
107258,Ravi,INST-2234,16:30,155.7,30.8,30.8,84.3,31.2,1.1,0.6,29.4,17.8,98.69,0.13
107259,Priya,INST-6207,12:15,826.1,33.3,25.8,20.3,66.5,14.1,0,27,21.78,92.94,1.33
107260,John,INST-9770,2:45,0,33.8,33,40.7,69.7,2.8,1.7,7.9,17.95,95.27,0
107261,Priya,INST-5962,9:00,250.3,41.1,38.3,75.2,86.1,1.6,3,4,17.69,93.04,0.2
107262,Priya,INST-8093,11:45,443.9,42.2,37.6,64,34.9,4.1,11.8,28.6,21.42,98.6,0.65
107263,Divya,INST-8215,20:45,0,30.3,29.4,57.4,67,6.7,24.7,10.2,19.66,95.82,0.1
107264,Priya,INST-7373,16:30,164.5,23.7,22.4,83.9,50.7,3.1,23.5,14.1,18.56,98.94,0.38
107265,Ravi,INST-8778,5:15,0,35.1,35.8,73.2,91.7,8.1,10,16,21.33,92.72,0
107266,Arun,INST-3384,9:00,710.9,25.5,21.3,2.4,87.8,13,0,24.8,21.06,92.41,1.29
107267,Divya,INST-9310,16:15,237.9,43.6,40.2,64.6,22.8,6.6,16.5,0.2,22.79,94.1,0.53
107268,Arun,INST-1958,9:45,304.5,37,33.2,67.6,63,8.4,18.7,16.6,19.11,95.03,0.33
107269,Akash,INST-5629,12:45,601.1,30.8,27.6,48.8,72.4,7.4,18.3,17.7,22.11,98.4,1.32
107270,Divya,INST-5239,10:30,716.1,30,24,19.1,92.6,4.2,0,6.5,19.8,92.47,1.41
107271,Divya,INST-3473,16:00,430.6,32.4,29.1,15.8,84.6,13.5,0,11.3,22.19,98.18,0.98
107272,John,INST-3409,23:30,0,26.4,25.3,59.2,38.1,8.1,3.9,28.9,19.57,92.47,0
107273,Arun,INST-4694,9:15,319.9,26.7,22.4,68.8,66.9,5.2,3.8,21.3,20.53,94.11,0.59
107274,Akash,INST-9949,7:15,106.5,23.2,20.7,70.6,24.8,9.1,6.2,16.7,17.51,95.02,0.1
107275,Priya,INST-9258,9:45,225.7,41.8,41.8,81.6,58.7,4.7,21,1.8,21.71,96.7,0.61
107276,John,INST-4080,9:45,445.9,28.5,22.8,41.4,38.7,9.8,18.5,25.2,22.13,94.79,0.96
107277,Akash,INST-4022,4:45,0,40.8,40.4,59.8,25.3,13,16,11.9,22.66,92.61,0
107278,Kumar,INST-2506,2:45,0,21.2,20.6,71.1,68,13.2,4.9,17.2,19.45,95.53,0
107279,Akash,INST-9107,17:45,238.2,35.2,35.1,0.7,26.1,12.7,0,23.2,18.48,97.46,0.19
107280,Ravi,INST-6989,5:30,0,30.5,31.8,70.5,34.8,13.9,15.5,6.2,18.02,98.22,0.14
107281,Akash,INST-3783,21:30,0,38.6,36.9,28.2,89.2,2.5,0,26.6,21.08,97.05,0
107282,Divya,INST-4228,4:45,0,19.6,19,68.1,24,6.8,7,9.9,20.81,98.56,0.11
107283,Arun,INST-4418,6:45,16.7,32.8,32.2,3.7,24.5,12.9,0,0.1,21.78,95.41,0.16
107284,Ravi,INST-2933,11:30,717.8,38.7,31.2,28.8,62.4,0.9,0,24.2,19.81,92.86,1.22
107285,John,INST-1132,16:15,190.6,33.2,32.4,72.9,51.5,5.9,21.4,27.6,20.5,97.19,0.22
107286,Kumar,INST-8330,23:30,0,19,19.5,46.8,80.8,14.6,11,13.6,18.13,98.47,0.06
107287,Divya,INST-2085,18:30,0,42.6,40.7,54.6,36.6,6.5,5.4,23.1,21.86,95.52,0
107288,Kumar,INST-7261,21:15,0,35.4,36.4,81.3,72.1,1,9.3,18.8,18.29,97.09,0
107289,Divya,INST-1658,5:30,0,41.5,40,40,32,11.7,0,13.7,17.63,95.61,0
107290,John,INST-7188,2:15,0,16.3,18.2,55,67.3,12.3,10.5,1.7,22.66,93.33,0.14
107291,Arun,INST-4122,1:00,0,29.1,29.7,90.1,29.3,12,13.2,1.4,20.82,96.79,0
107292,Priya,INST-3556,2:15,0,28.4,29.3,88.1,45.7,2.6,3.7,13.3,18.47,92.14,0
107293,Priya,INST-4535,20:00,0,34.2,34.7,34.2,55.2,10.8,0,21.9,22.27,96.82,0
107294,Akash,INST-1247,6:30,0,20.9,20,38.4,41.8,1.9,0,15.5,19.03,97.62,0
107295,Priya,INST-3746,19:15,0,41.5,41.9,56.9,53.2,12.3,15.5,18.2,19.11,98.2,0.07
107296,Ravi,INST-2340,6:15,5.5,27.7,27.6,56.9,49.8,10.3,19.4,5.6,21.68,97.96,0.06
107297,Kumar,INST-6923,12:45,602.3,36.5,29.6,49.7,42.7,7,21.3,6.6,19.87,94.23,1
107298,Akash,INST-7373,19:15,0,27,26.4,40.8,49,1.3,21.7,9.4,18.16,92.58,0
107299,Meena,INST-6661,3:45,0,26,25.5,89.1,45.8,1.8,5,8.7,21.83,97.63,0.12
107300,Akash,INST-5482,5:15,0,27.4,26,29.4,52.1,12.9,0,0.2,21.92,92.62,0
107301,Divya,INST-3901,7:30,67.9,30.2,28.6,82.3,30.5,11.1,21.6,22.1,22.02,97.66,0.21
107302,Arun,INST-1538,15:00,685.6,28.7,24.5,1.1,22.5,5.2,0,23.2,17.19,96.17,0.93
107303,Meena,INST-7643,1:15,0,24.2,24.8,81.1,69.6,13.1,17.7,9.4,22.99,96.32,0.05
107304,Meena,INST-2216,13:45,699,46.2,40.9,30.9,50.6,1.3,0,28.1,19.25,95.89,0.99
107305,John,INST-4576,4:30,0,34.2,35.2,68.3,60.6,13,16.4,18,22.23,98.19,0
107306,Ravi,INST-1165,0:30,0,27.7,27.8,52.7,71.5,5.1,16.3,14.9,20.77,94.78,0
107307,Ravi,INST-7989,14:45,783.7,42.9,36.7,8.7,30.2,9.1,0,27.2,17.97,94.23,1.08
107308,Kumar,INST-2067,21:30,0,20,19,20.6,55.4,14.1,0,21.9,19.3,92.71,0
107309,Arun,INST-7230,5:30,0,28.7,28.9,98.6,93.1,5.9,17.4,12.3,22.36,92.95,0
107310,Arun,INST-2034,16:00,425.4,35.6,33.7,13.1,87.8,10.2,0,26.4,21.94,95.23,0.61
107311,Meena,INST-4205,4:00,0,41.3,39.9,65.8,77.8,4.1,10.3,1.6,22.5,97.23,0
107312,Divya,INST-1378,4:15,0,33.3,31.8,29.8,27.2,6.9,0,10.7,21.15,98.44,0
107313,Ravi,INST-3055,7:00,183.3,36.2,34.2,35.8,69.2,1.6,0,21,22.09,94.36,0.36
107314,Meena,INST-3227,1:00,0,29,29.1,25.5,45.4,7.4,0,9.6,21.65,95.55,0.04
107315,Divya,INST-4858,11:15,461,37.1,33.5,63.4,75.9,8.9,22.1,20.6,18.36,97.25,0.79
107316,Ravi,INST-6475,7:30,77.2,21.5,21,83.5,41.6,2.2,9.8,10.9,21.68,97.64,0.35
107317,Ravi,INST-6810,10:15,850.3,46.5,38.5,3.2,79.7,12.2,0,23.6,22.86,97.34,1.58
107318,Divya,INST-7857,0:00,0,19.9,18.2,25.9,57.7,2.3,0,16.3,20.43,97.54,0
107319,Meena,INST-6046,0:15,0,36.4,36.9,78.7,25.4,9.4,20.5,21.4,21.83,98.57,0.2
107320,Arun,INST-7070,12:30,882.4,36.3,28.2,13.2,57.1,1.7,0,11.9,18.85,92.62,1.36
107321,Kumar,INST-2630,10:45,304.4,38.7,35.2,75.5,30.3,0.9,9.9,7.6,17.21,93.57,0.49
107322,Priya,INST-1687,14:30,695.1,44.6,39.3,23.4,66,14.7,0,29.3,18.83,95.44,1.12
107323,Priya,INST-5890,13:00,844.1,46.7,40.3,13.9,25.9,8.4,0,28.2,20.8,93.45,1.49
107324,Arun,INST-1186,14:45,355.4,39.9,36.3,72,25.4,2,12.3,1,17.94,98.08,0.65
107325,Priya,INST-8431,9:45,613.2,37.2,30.6,18.7,65.1,8.1,0,1.4,19.79,98.21,1.35
107326,Arun,INST-5149,17:00,137.2,25.1,25.3,54.7,88.7,3.6,19.2,24.6,18.02,98.94,0.18
107327,Ravi,INST-8720,11:30,532.5,24.4,18.7,53.8,58.1,0.6,10.1,2.2,18.38,97.96,0.98
107328,Priya,INST-9439,21:15,0,39.7,40.5,38,68.3,7.8,0,28.8,17.87,95.04,0.02
107329,Kumar,INST-2127,4:15,0,35.5,34.2,73.4,59.4,10.3,0.3,7.8,22.79,95.61,0.2
107330,Kumar,INST-5903,9:45,555.7,36.2,30.9,25.9,61.5,14.5,0,24.2,22.53,93.2,1.14
107331,Akash,INST-9063,3:15,0,37.3,35.8,86.2,61.6,11.8,7.7,25.3,21.26,94.07,0
107332,Kumar,INST-5323,21:15,0,41.2,40.3,99.8,60,3,21.9,1.8,17.02,94.9,0
107333,Arun,INST-7209,1:30,0,28.6,29.3,23,79.2,7.5,0,7.7,19.72,93.75,0.2
107334,John,INST-7899,17:15,109.2,35,34.4,69.4,51.5,2.6,0.6,13.6,22.36,94.48,0.33
107335,Priya,INST-5555,15:00,406.3,40,36.2,50,36.2,8.5,17,29.5,18.01,93.14,0.67
107336,Priya,INST-8202,5:30,0,19.8,21.3,40.4,75,5.5,20.7,18.7,19.69,92.46,0
107337,Ravi,INST-6656,6:15,0,26.9,26.2,5.1,37.6,0.8,0,5.7,21.61,98.29,0.1
107338,Ravi,INST-3194,18:00,8.1,27.7,26,6.4,92.3,10.3,0,22.9,22.99,98.2,0.03
107339,Ravi,INST-8096,4:30,0,31.7,31.7,89.9,72.3,3.2,4,4.2,17.3,95.36,0.11
107340,Kumar,INST-3400,18:30,14.2,35.9,35.1,8,53.1,14.6,0,28.5,19.1,94.57,0.01
107341,John,INST-9618,21:15,0,20.8,20.3,92.6,34.3,13.6,6.2,13.4,21.03,92.46,0.09
107342,Akash,INST-8149,4:45,0,32.2,32.3,70.8,32.6,11.7,21.3,3.5,17.35,94.96,0
107343,Meena,INST-6091,8:30,244.4,43.8,41.1,59.2,69.4,13.7,15.6,22.3,20.93,93.35,0.55
107344,Akash,INST-6010,12:15,923.7,27.9,20.8,9.6,28.1,12.4,0,11.2,22.89,94.98,1.79
107345,John,INST-5303,1:15,0,16.7,18.3,82.9,37.1,2.5,16.7,14.7,17.08,97.1,0.09
107346,Kumar,INST-1596,23:00,0,24.1,24.9,55.7,78.2,9.9,23,2.9,22.25,92.15,0
107347,Akash,INST-7063,19:15,0,23.6,24.1,40.6,30.7,0.4,21.2,25.8,18.24,93.89,0.17
107348,Priya,INST-4157,6:30,1.7,38.6,39.5,42.7,62,3.6,7.6,3.4,20.05,95.31,0.09
107349,John,INST-8600,8:15,334.8,35.2,33.4,39.2,66.8,7.9,0,24.8,20.28,93.82,0.69
107350,Meena,INST-8812,2:15,0,23.6,25.3,44.5,78.8,5.6,13.3,30,18.07,95.57,0.02
107351,Divya,INST-3314,8:00,206.2,42.4,39.4,74.3,69.6,7.3,10.2,28.5,21.1,95.98,0.37
107352,Priya,INST-3971,13:45,939.3,42.3,35.6,1.4,92.2,4.5,0,18.5,21.97,93.13,1.69
107353,John,INST-6967,20:00,0,33.1,32.4,30.8,41.2,3.8,0,3.4,19.75,98.69,0
107354,Priya,INST-3146,20:45,0,36.2,35.9,60.5,55.8,7.7,0.9,1.6,19.34,93.26,0
107355,Arun,INST-8809,6:00,0,35.6,36.6,88.4,77.3,8.5,1.1,5.7,20.51,95.79,0
107356,Priya,INST-3585,18:45,0,36.2,37.7,76.4,23.2,5.1,24.5,16,18.38,97.95,0.15
107357,Meena,INST-5699,2:30,0,28,27.8,94.5,88.1,12,4.9,1.1,17.05,97.74,0
107358,Akash,INST-9871,19:00,0,28.4,27.8,90.8,54.5,14.9,18.9,23.1,21.69,92.63,0
107359,Kumar,INST-6539,18:15,13.4,20.7,21.7,39,88.7,14.3,0,18.8,19.96,98.13,0.08
107360,Ravi,INST-3111,22:00,0,26.5,25.9,60.7,47.9,4.7,10.6,15.8,19.76,98.9,0.15
107361,Divya,INST-3656,14:00,757.7,33.9,28.9,16,25.6,8.7,0,25.6,21.16,94.57,1.18
107362,Arun,INST-6561,13:45,357.3,21.5,19.9,74.7,48.9,7.4,17.7,19.8,17.62,98.61,0.39
107363,Ravi,INST-6130,15:45,589.1,42.9,37.4,21.6,93.4,5.5,0,4.9,21.77,92.32,1.1
107364,Priya,INST-9465,12:15,616.4,29.4,22.8,45.4,90.1,7.2,2.8,14.3,19.32,94.77,0.92
107365,Akash,INST-6090,4:00,0,22.7,21.4,67.5,68.5,3.4,1.4,14.3,20.68,96.28,0
107366,Ravi,INST-3154,7:45,141.1,25.2,22.7,56.9,36.2,14.1,4,22.1,18.56,98.46,0.12
107367,John,INST-5558,11:45,860.2,32.9,27.3,13.4,58.1,7.1,0,12.1,20.74,95.44,1.54
107368,John,INST-7229,0:00,0,27.4,26.4,60,73.2,5.5,3.8,22.1,21.21,92.5,0
107369,John,INST-2973,17:00,191.5,24.5,22.8,28.2,95,4.1,0,4.8,20.93,98.77,0.3
107370,Priya,INST-8851,18:30,1,33.6,33.4,44.8,36.7,14.1,16.5,0.6,19.39,96.5,0.05
107371,Akash,INST-2810,14:15,775.8,26.3,20.4,13.2,79,3.2,0,24.4,20.24,96.65,1.47
107372,Kumar,INST-3487,10:00,707,32,28,24.2,70.1,14.1,0,23.4,18.59,98.32,1.34
107373,Ravi,INST-4629,22:45,0,20.2,19.7,65.3,42.7,9.2,0.9,0.8,21.61,98.39,0.08
107374,Arun,INST-3008,7:30,70.1,43.3,40.8,83.5,55.7,10.6,8.9,21.2,21.94,94.61,0.13
107375,Akash,INST-2365,5:30,0,35.3,33.9,46.2,34,10.5,10,19.3,21.54,92.93,0.15
107376,Divya,INST-9940,22:00,0,27.5,28.2,94.2,84.9,13,16.2,19.5,21.87,92.72,0
107377,Kumar,INST-3566,20:15,0,22.8,23.5,82.6,25.9,6.2,9.6,26.3,17.62,95.27,0.15
107378,Akash,INST-5742,8:15,274.8,25,21.3,55.2,52,11.9,24.7,8.1,21.53,96.86,0.51
107379,Divya,INST-9775,5:30,0,39.1,39.2,56.5,44.9,0.1,2.6,2.3,17.09,94.62,0.06
107380,Ravi,INST-9884,9:15,611.9,46.5,41.5,14.7,31.8,12.3,0,19.3,19.21,95.01,1.13
107381,Ravi,INST-8920,1:00,0,27.9,28,77,89.6,11.7,20.3,25.6,21.46,98.71,0.19
107382,Akash,INST-1493,19:30,0,26.3,26.3,97.2,61.7,12,14.5,9.4,20.28,96.79,0.16
107383,Kumar,INST-4286,19:30,0,19.7,19,90.8,42.2,13.1,17.5,2.6,22.37,97.42,0
107384,Priya,INST-1330,22:15,0,26.2,28.1,80.7,36.8,14.8,13.1,25,20.82,92.36,0
107385,Priya,INST-1665,23:15,0,18.4,20.4,49,42.2,4.2,22.4,29.1,18.13,94.75,0
107386,Divya,INST-3250,13:45,644.5,25.7,22.4,42.3,69.3,13.5,18.5,23.8,20.79,94.03,1.13
107387,Meena,INST-7696,3:00,0,35.9,35.4,95.5,53.7,3.5,12.8,28.2,17.54,92.85,0.18
107388,Kumar,INST-9291,14:15,741.6,37.5,29.4,16.9,80.2,6.8,0,7.2,19.39,97.16,1.31
107389,Priya,INST-8915,18:15,0,40.1,39.3,46.7,43.1,7,24.6,27.3,19.91,96.95,0
107390,Arun,INST-1168,18:30,16.5,42.3,40.8,4.9,88.9,10.5,0,0.1,20.04,95.97,0.08
107391,Ravi,INST-8556,19:00,0,30.8,32.4,90.5,67.1,11.2,13.8,25.1,18.52,93.28,0.13
107392,John,INST-7672,14:45,633.8,22.4,18.4,30.2,27.7,1.5,0,29.1,18.29,96.75,1.01
107393,Arun,INST-1413,17:45,149.8,35.2,32.8,43.4,64.3,1.6,1.2,17.7,21.72,94.72,0.31
107394,Meena,INST-4943,18:30,14,42.3,40.4,19.6,21.9,8.2,0,24.8,20.04,95.27,0.11
107395,Kumar,INST-7780,15:45,270.3,22.5,21,73.2,93.4,14.6,20.5,18.7,21.17,96.47,0.69
107396,Priya,INST-2934,20:30,0,31.7,29.8,68.2,26.1,10.9,9.9,22.6,20.35,95.2,0
107397,Meena,INST-1748,14:00,322.3,33.3,30.5,75.2,64.2,7.5,15,3.9,18.14,92.09,0.49
107398,Akash,INST-4563,18:15,13.5,31.7,31,8.1,22,9.3,0,14.1,18.09,92.25,0
107399,Priya,INST-5844,14:30,373.2,22.4,20.6,70.1,49.8,4.4,20.5,16.7,21.04,98.62,0.89
107400,Ravi,INST-2696,4:45,0,21.4,20.1,79.7,20.3,8.5,21.5,13.2,22.7,95.63,0
107401,Ravi,INST-2255,14:30,793.7,36.7,29,9.7,61.1,4.4,0,3.9,22.63,98.56,1.83
107402,Ravi,INST-4999,11:00,894.7,34.1,24.7,6.8,44.1,0.1,0,6.8,20.03,95.99,1.53
107403,Meena,INST-8253,3:45,0,17.9,19.9,91.6,76.9,4.3,1.4,15.4,22.73,95.08,0
107404,Akash,INST-2600,0:30,0,18.6,19.6,67.2,56.8,7,3.4,21.6,18.95,97.51,0.09
107405,Meena,INST-6600,22:15,0,24.7,24.5,20.3,54.4,11.7,0,9.3,22.49,97.02,0
107406,John,INST-9145,13:30,926.9,45.1,36.6,5.4,39.8,10.5,0,24.3,18.13,97.15,1.47
107407,Arun,INST-2222,10:15,614.7,31.9,27.6,36.8,70.3,6.4,0,5.6,18.16,94.63,1.08
107408,Kumar,INST-9571,21:30,0,27,28.7,40.1,93.3,14.7,19.3,7.9,17.19,95.28,0.16
107409,Kumar,INST-6362,17:30,198,21.9,21,23.8,27.1,12.2,0,9.8,17.27,95.73,0.3
107410,Ravi,INST-9627,18:15,0,36.2,36.1,52.9,34.1,5.5,19.1,16.3,22.05,92.14,0.07
107411,Kumar,INST-1910,18:00,0,34.9,33.4,64.4,91.7,7.6,19,9,21.09,93.86,0.14
107412,John,INST-8911,12:45,523.5,28.8,25.1,59.1,44.9,9.2,24.9,9.1,17.32,95.11,0.66
107413,Arun,INST-5185,2:45,0,31.3,32.6,83.3,41.6,0.6,3.5,7.2,22.7,97.92,0
107414,Arun,INST-9845,10:00,377.2,26.8,25.2,65.8,32.5,13.9,9.4,21.3,19.28,98.05,0.76
107415,Ravi,INST-1176,9:30,672.7,48.9,41.5,3.8,82,2.7,0,1.6,19.52,94.55,1.35
107416,Kumar,INST-7529,17:15,223.7,36.2,34.5,16.8,34.4,2.7,0,11.5,20.47,92.31,0.51
107417,Divya,INST-6846,20:00,0,28,26.7,37,70.7,5.3,0,0.9,19.9,94.49,0.1
107418,Meena,INST-6192,18:00,0,31.9,31.9,5.1,68.2,12,0,0.3,22.88,95.31,0
107419,Kumar,INST-5618,0:30,0,42.5,41.4,30.8,25.2,1.7,0,25.5,18.69,94.34,0.01
107420,Arun,INST-8415,0:15,0,36.4,34.9,71.4,78.6,8.4,13,24,21.63,93.49,0.17
107421,Arun,INST-2985,7:00,212.4,38.1,35.9,20.7,32.2,5.3,0,20.6,22.36,94.46,0.43
107422,Divya,INST-4772,10:15,619.5,34.9,31.6,36.8,42.8,9.3,0,19,22.22,94.08,1.08
107423,Priya,INST-5673,15:30,303.3,36.5,35,71.3,89,6.7,5.7,6.5,18.35,94.84,0.54
107424,Priya,INST-1848,14:00,828,34.2,27.8,3.3,90.8,8.9,0,22.7,17.58,92.96,1.03
107425,Akash,INST-5855,6:45,14.1,36.1,36.5,55.2,52.8,3.8,6.7,15.6,20.1,92.98,0.09
107426,Divya,INST-4788,10:45,213.9,34.9,31.3,89.6,35.7,5.6,4.8,27.5,22.54,94.91,0.38
107427,Divya,INST-9331,19:15,0,29.9,31.5,63.8,64.5,13.1,9.7,7.2,21.39,94.63,0.15
107428,Meena,INST-1908,4:15,0,29.3,29.7,85.9,67.2,8.8,19.7,13.5,17.43,94.7,0.19
107429,Akash,INST-5774,17:45,76.5,27.6,25.8,76.9,37.7,8.2,3.2,14.5,18.14,97.9,0.1
107430,Kumar,INST-7725,4:00,0,23.8,23.4,88.9,90.3,12.8,18.5,17.4,19.28,92.73,0
107431,Arun,INST-7493,13:00,580.8,26,22.2,46.5,54.7,4.5,14.6,19.2,20.77,93.28,0.89
107432,Akash,INST-8263,19:15,0,25.6,26.8,88.9,76.3,9.8,7.5,9.5,20.38,95.87,0.16
107433,Akash,INST-6421,11:30,860.7,32.9,27.4,10.7,37.8,8.6,0,8.6,21.1,96.05,1.79
107434,John,INST-2903,7:00,84.4,32,32.5,76.9,72,13.3,24,12.7,18.12,95.9,0.2
107435,Arun,INST-3662,15:30,602.9,44.4,38.5,19.1,49.5,1,0,28.7,17.19,94.28,0.87
107436,Divya,INST-7517,9:45,518.1,43.8,41,35,67.4,2.4,0,10.4,20.13,94.78,0.81
107437,John,INST-9206,7:00,111.9,21.5,21.5,60.5,70.2,3.5,20,20.1,18.46,95.39,0.37
107438,Ravi,INST-3450,22:00,0,16.6,18,87.9,87.2,1.4,20.9,6.9,21.76,93.26,0.1
107439,Meena,INST-8715,15:15,594.3,26.9,23.9,19.1,49.8,7.7,0,4.2,22.01,95.82,1.17
107440,Arun,INST-5609,20:45,0,38.9,40.2,86.6,26.1,3,4.4,16.5,22.82,93.77,0
107441,Meena,INST-1321,0:00,0,34.6,34.6,84,84.8,8.1,11.9,13.3,19,97.78,0
107442,Priya,INST-6063,22:15,0,28.5,29.2,77.3,77,4.1,24.5,21.3,17.29,96.53,0
107443,Meena,INST-5310,7:15,177,41.8,38.8,35.4,65.9,6.5,0,12.1,17.36,93.67,0.22
107444,Ravi,INST-8463,15:45,592.5,28.3,23.4,21.2,59.3,3.8,0,16.3,18.46,98.92,0.93
107445,Ravi,INST-8250,20:00,0,27,27.9,64,92.7,9.3,10.1,29,18.52,92.71,0
107446,Kumar,INST-9900,12:15,455.9,29.5,26.1,64.6,92.1,1.4,8.9,25.6,20.68,98.55,0.62
107447,Priya,INST-9535,12:00,430,45.3,39.9,69.9,78,5.7,4.5,1.8,20.87,98.28,0.69
107448,John,INST-4752,14:00,806.3,26.9,18.8,6.3,37.7,4,0,13.8,20.4,94.16,1.47
107449,Arun,INST-6461,23:45,0,24.7,26.4,59.7,59,14.9,17.9,24.9,22.16,94.01,0
107450,Arun,INST-4830,8:30,398.1,45,42,23.6,77.4,13.5,0,28.9,22.66,97.53,0.68
107451,Ravi,INST-2494,14:15,829.9,23.2,18.1,3.9,82.3,4.8,0,29.2,20.61,98.32,1.59
107452,John,INST-2734,0:45,0,34.6,35.5,57.6,37,2,24.3,3.7,17.06,92.11,0.16
107453,Meena,INST-3530,6:15,0,22,23.9,5.9,75.5,2.5,0,9.2,17.43,96.01,0
107454,Divya,INST-4045,20:15,0,31.2,32.3,39.3,64,10.8,0,11.1,19.21,97.3,0
107455,Priya,INST-3743,0:15,0,30.5,31.4,53.5,75.5,0.8,11.5,3.9,20.74,97.14,0.13
107456,Akash,INST-3410,12:00,388.6,35.9,34.1,73.3,32.3,2.9,17.9,12.8,20.26,94.57,0.77
107457,Akash,INST-4302,4:45,0,25.8,25.3,27.9,82.1,6.1,0,9.4,19.35,92.28,0
107458,Ravi,INST-9423,22:45,0,25.1,25.3,66.2,47.8,4.9,3.3,1,20.1,98.86,0
107459,Meena,INST-5384,0:45,0,22.9,23.6,41.8,54.5,12.5,12.7,25.7,17.09,97.89,0
107460,Arun,INST-2144,0:45,0,36.4,38.1,28.2,88.4,13.7,0,4.5,18.24,95.74,0.06
107461,John,INST-3543,21:00,0,40.3,40,91.5,88.1,6.2,19.4,18.3,21.48,94.12,0.11
107462,Kumar,INST-6019,1:45,0,27,25.2,27,83.2,7.6,0,15,19.75,93.58,0
107463,Divya,INST-3610,6:30,10.1,23.3,22.8,88.4,22.8,6.1,10,17.8,22.78,94.34,0
107464,Divya,INST-8715,20:45,0,22,22.6,47.8,49,2.1,1.9,20.7,22.15,98.15,0
107465,Divya,INST-2720,13:45,338.7,37.1,35.4,80.4,87.7,11.6,20.9,16.3,19.91,92.84,0.51
107466,Akash,INST-9857,6:00,0,20.5,18.9,45.1,45.8,5.4,0.8,10.9,21.85,94.26,0.19
107467,Kumar,INST-9356,10:15,798.8,29.3,22.6,10,69.3,4.6,0,21.5,21.01,97.07,1.42
107468,Kumar,INST-5506,22:00,0,18.9,20.6,55.4,77.7,6.6,15.2,28.4,22.26,92.04,0.17
107469,Akash,INST-9217,14:15,594.7,39.4,36,35.5,54.5,4.6,0,13.1,18.05,95.17,1.15
107470,Arun,INST-2172,7:45,233.9,38.6,35.2,9.2,35,2.8,0,17.4,18.88,93.99,0.34
107471,Priya,INST-3782,2:30,0,41.9,40.3,73.3,94.9,0.7,13.9,3,17.5,98.07,0.19
107472,Akash,INST-7727,22:30,0,26.1,27.7,95.1,76.7,8.6,1.9,1.2,17.29,94.24,0
107473,Priya,INST-6504,14:30,382.6,33,28.9,67.8,28.4,2,18.4,19.3,19.56,97.02,0.63
107474,Arun,INST-3994,12:45,757.7,27.7,19.7,26.8,91.3,7.2,0,5.3,19.6,98.86,1.29
107475,Priya,INST-1286,2:00,0,41.2,41.9,67.5,65.1,7.3,9.1,4.6,21.76,94.83,0
107476,Akash,INST-4102,19:45,0,40.5,41.2,54.8,41.3,8.5,24.6,4,19.09,96.68,0
107477,Divya,INST-2323,15:30,607.6,34,27.4,20.2,20.9,7.6,0,24.7,17.24,93.3,0.96
107478,Meena,INST-1568,2:00,0,31.4,33.2,69.5,70.4,8.4,23.5,23.4,22.54,96.37,0
107479,Kumar,INST-6869,11:15,590.6,25,20.3,47.3,87.5,14.8,0.4,26.9,22.15,98.09,0.96
107480,Akash,INST-4515,18:00,15.9,28.6,27.8,2,52.2,6.9,0,12.9,18.02,92.97,0
107481,Divya,INST-7938,10:15,840,27.7,19,3.5,64.8,9.7,0,8,21.35,93.92,1.75
107482,Meena,INST-3755,22:15,0,22,21.8,82.4,22.6,10.2,10.9,6.8,18.19,97.23,0
107483,Divya,INST-8131,2:00,0,19.4,18.7,41.9,45.7,7.2,20.2,19.7,21.52,96,0
107484,John,INST-2277,16:45,306.8,32.7,28.7,48.7,84.7,3.8,14.5,1.8,19.38,96.4,0.39
107485,Meena,INST-1901,11:45,910.1,45.1,38.5,5.9,76.4,2.6,0,18.9,18.98,97.58,1.42
107486,Ravi,INST-1092,12:30,688.4,39,34.1,36.9,95,11.9,0,13.6,21.54,95.68,1.28
107487,Arun,INST-8025,11:30,909.8,45.6,37,8.2,44.2,10.2,0,5.5,19.31,92.71,1.42
107488,Arun,INST-3364,16:45,164.8,30.8,30.7,81.4,51.7,2.9,23.3,20.2,20.83,98.17,0.3
107489,Arun,INST-2531,15:00,605.1,32.2,27.3,15.6,31.9,3.5,0,5.9,18.34,97.13,0.91
107490,Arun,INST-9582,21:15,0,24.5,25.7,43,55.6,14.6,20.7,4.2,22.2,96.07,0.15
107491,Ravi,INST-3412,22:30,0,34.6,35.8,91.4,75.6,12.6,4.6,17.5,19.31,95.95,0.17
107492,Meena,INST-9609,22:00,0,26.2,24.5,36.3,37.1,10.4,0,25.6,19.95,94.79,0
107493,Ravi,INST-4881,5:45,0,21.8,20.1,38.3,73.1,11.1,0,2.4,22.18,95.79,0
107494,Ravi,INST-5887,20:30,0,35.6,34.9,80.6,80.2,3.3,6.2,6.4,22.38,98.03,0.19
107495,Akash,INST-6406,11:45,664.6,46.7,40.7,37.2,23,13.8,0,5.3,17.18,98.06,1
107496,Ravi,INST-1603,18:45,15.6,34.1,34.5,43,78.1,14.2,14,19.3,19.69,96.43,0.07
107497,Meena,INST-9223,21:45,0,33.2,31.7,24.5,53.3,9.3,0,13.1,21.64,98.81,0.16
107498,Meena,INST-5257,12:45,344.8,30.3,28.4,80.1,59.7,3.8,11.9,8.4,18.9,92.84,0.54
107499,Ravi,INST-1956,18:45,12.7,39.9,40.5,87.8,88.3,6.9,6.2,17.5,19.13,97.54,0.1
107500,Meena,INST-8479,17:45,132.6,18.5,18.6,59.2,57.3,8.1,24.3,21.8,19.29,96.13,0.03
107501,Meena,INST-8446,19:45,0,32.5,31.1,96.4,75.7,1.1,18.8,26.5,21.78,93.64,0
107502,Akash,INST-2418,13:45,854.5,29.6,22.6,12.1,32.1,10.2,0,18,20.34,98.42,1.72
107503,Priya,INST-2886,10:00,779.9,25.7,19.9,12,72.5,13.4,0,13.5,19.2,93.43,1.42
107504,John,INST-5541,1:00,0,22.3,22,88.4,23.4,11.4,23.3,12.2,17.54,95.12,0
107505,John,INST-3988,21:30,0,30.5,29.6,50.1,77.8,14.9,24.5,29.4,22.47,93.42,0.15
107506,Ravi,INST-2833,8:15,224.9,21.9,19.4,64.4,40.2,5.1,14.2,10.1,20.94,94.24,0.43
107507,John,INST-3170,8:30,263.4,35.6,32.6,53.9,29.7,12.6,5.5,27.3,19.82,98.34,0.59
107508,John,INST-8275,10:00,725.2,36.2,31.7,17.8,39.5,12,0,14.1,20.69,98.58,1.31
107509,Meena,INST-7401,11:00,815.2,39.2,30.7,17.1,89.8,12.5,0,21.7,17.58,93.47,1.14
107510,Kumar,INST-7457,1:15,0,29.7,28,63.4,47.6,12.8,6.9,19.1,20.47,93.23,0
107511,Meena,INST-5289,2:30,0,31.7,30.1,26.2,30.7,11.1,0,4.2,20.43,96.23,0
107512,Ravi,INST-3760,5:45,0,20.8,19.7,80.1,77.7,11.7,16.1,0.4,18.26,95.17,0
107513,Arun,INST-9238,13:30,652.6,33.5,27,39.6,75.2,6.7,0,2.2,18.08,93.81,1.03
107514,Meena,INST-6618,8:15,419.8,34.5,29.3,21.4,55.3,2.8,0,16,19.39,96.06,0.61
107515,Kumar,INST-2899,23:45,0,21.4,19.7,83.7,46.9,3,18.5,16.1,20.9,93.83,0.17
107516,Priya,INST-6240,10:15,314.7,40.5,39.2,75.6,41.1,2.1,20.4,2.7,20.03,93.85,0.43
107517,Meena,INST-5073,15:15,588.6,22.2,19.2,20.3,93.2,0,0,24.3,19.1,93.66,1.11
107518,Divya,INST-7151,8:45,464.5,35.7,32.8,9.5,92.1,0.5,0,22.4,21.51,94.23,0.81
107519,Akash,INST-2235,10:00,560.6,37.9,31.7,44.8,51.5,9.6,10.4,3.3,22.59,96.25,1.28
107520,Arun,INST-3390,0:15,0,28.1,29.1,97.5,74.7,12.3,14.5,7.2,22.78,95.67,0
107521,Divya,INST-5590,3:45,0,31.4,29.6,40.1,74.9,13,4.4,4.1,20.09,96.43,0.01
107522,Meena,INST-9183,2:45,0,36.5,38.3,93.9,21.5,0.6,18.9,5.8,20.38,97.94,0.11
107523,Divya,INST-1022,7:30,130.3,28,27,68.5,79.6,3.5,19.9,7.9,17.9,92.47,0.09
107524,Divya,INST-2086,3:30,0,41.3,41,51.1,85.4,13.9,24.5,28,17.21,95.93,0.11
107525,Ravi,INST-8308,13:45,373.6,36.7,35.1,73.4,93.6,12.4,13.3,13.1,19.37,97.55,0.84
107526,Ravi,INST-4540,13:45,487.2,22.9,19,57.9,28.1,13.3,9.4,19.7,17.07,96.57,0.56
107527,John,INST-9393,5:45,0,19.8,21.8,95.4,52.2,9.3,17.5,26.6,21.64,97.51,0
107528,Ravi,INST-1943,21:45,0,27.7,28.3,89.6,61.2,6.9,7.1,26,22.8,92.71,0
107529,Akash,INST-9671,17:30,172.6,38.2,34.8,41.6,60.5,12.1,6.7,6.9,17.71,98.54,0.48
107530,Priya,INST-5697,0:30,0,24.4,24.7,99.5,27,10.8,8.2,19.2,17.29,97.32,0.04
107531,Ravi,INST-7117,6:15,0,21.4,23,78.5,88.9,14.9,11.4,20.2,21.74,96.14,0
107532,Arun,INST-5838,2:45,0,42.2,41.5,93.4,61.3,4,24.9,19.7,20.55,93.25,0.06
107533,Ravi,INST-5931,22:00,0,36.5,37.9,66,74.4,0.2,17.1,22.9,21.33,94.74,0
107534,Kumar,INST-6059,3:45,0,39.7,41,64.3,27.5,5.9,12.2,28.9,21.05,97.15,0.14
107535,Arun,INST-1250,19:15,0,27.3,27.4,40.6,51.2,12.8,5.1,4.7,18.51,98.42,0.1
107536,Akash,INST-2981,5:30,0,40.7,41.9,38.8,27.6,2.6,0,1.2,17.78,98.25,0.09
107537,Meena,INST-9967,3:00,0,33.5,34,74,37.6,1.3,6.2,1.7,17.76,92.71,0.13
107538,Akash,INST-2861,13:00,582.2,26.5,21.7,47.5,31.4,10.5,17.3,20,20.29,92.57,1.17
107539,Ravi,INST-9499,22:00,0,24.4,25,46.3,78.7,9.7,0.8,6.2,17.3,93.11,0.1
107540,Kumar,INST-2815,12:30,338.8,32.2,29.9,79.7,92.9,3.2,22,0.5,22.58,93.39,0.52
107541,John,INST-9348,16:30,385.9,35.9,33.7,27.7,53,1.2,0,14.1,20.06,95.22,0.81
107542,Kumar,INST-4258,18:30,0.9,21.8,23.5,38.9,70,10.6,0,11.2,22.84,95.34,0
107543,Meena,INST-4451,21:15,0,21.5,20.5,78.7,74,3.2,18.8,25.2,18.83,94.97,0
107544,Meena,INST-6236,13:15,589.1,28.3,24.3,46.2,58.6,6.5,10.4,1.9,17.93,98.36,1.14
107545,Priya,INST-1170,5:30,0,20.3,21.5,59.4,44.8,13.9,17.6,20.2,20.91,94.34,0
107546,Meena,INST-9181,1:30,0,35.2,33.6,39.5,76.5,11.7,0,10.7,18.79,92.46,0.01
107547,Priya,INST-5732,14:15,413.7,33.4,28.2,60.6,89.8,11.7,14.2,21.4,17.31,98.43,0.51
107548,Divya,INST-5053,22:00,0,18.7,19.6,64,25,2.7,16.3,24.3,21.51,93.47,0.07
107549,John,INST-7983,23:30,0,21,21,67.8,44.2,5.4,22.4,4.1,17.23,93.32,0
107550,John,INST-4648,0:15,0,32.9,32.6,43.5,36.3,5.5,16.2,4.3,21.19,98.36,0
107551,Priya,INST-9207,18:00,0,36.6,35.4,85.4,62,8.6,5.7,29.6,19.75,96.82,0.17
107552,John,INST-5384,4:00,0,23.6,24.5,63.7,69.5,14.7,2.1,25.3,21.19,93.56,0
107553,Meena,INST-8448,2:15,0,21,19.6,63.2,76.9,2.8,6.6,22.4,19.2,98.28,0.14
107554,Priya,INST-7306,13:30,392.7,34.8,32.9,73.1,23.7,1.8,9.5,28.2,20.4,96.3,0.6
107555,Arun,INST-4766,13:45,365.4,30.9,29.7,72.9,22.5,6,16.2,9.7,19.04,95.18,0.78
107556,Meena,INST-9713,20:45,0,30.4,29.2,96.6,77.2,10.3,20.7,29.6,18.22,92.7,0
107557,Priya,INST-3937,12:15,955.1,29,22.5,6,70.8,8.4,0,3.7,18.02,95.72,1.5
107558,Meena,INST-4343,2:30,0,28,28.5,47.3,77.1,12.8,7.3,6.2,21.79,96.62,0
107559,John,INST-4454,11:00,625.1,43.9,36.7,44.7,25.9,7.4,0.3,28.1,21.8,92.76,1.16
107560,Arun,INST-9481,1:30,0,39.1,40.2,58.6,81.7,9.5,21.2,23.3,19.1,96.53,0
107561,Meena,INST-3914,12:15,634.8,28,23.3,41.7,87.2,2.8,3.4,2.5,20,98.93,1.11
107562,John,INST-2368,10:00,505.3,30.5,27.8,51.3,38.7,7.3,14.5,4.3,17.63,92.14,0.71
107563,Ravi,INST-5869,7:00,202.2,35.9,34.5,23.5,70.2,13.1,0,6.1,21.18,93.43,0.56
107564,Akash,INST-1492,19:00,0,43.1,41.9,55.4,24.3,11.3,1.2,8.5,19.22,92.91,0
107565,Arun,INST-8690,20:30,0,19.4,20.1,55,68.1,3.5,7.8,3.6,18.38,92.84,0.06
107566,Priya,INST-4576,10:15,353.5,23,19.6,70.8,56.6,5.9,10.4,6,21.43,93.99,0.85
107567,Ravi,INST-4681,12:15,779.3,35.5,28.2,26.7,31.9,0.3,0,23.7,22.98,98.13,1.75
107568,John,INST-4990,3:00,0,23,21.3,23,40.7,0.4,0,21.5,22.18,97.61,0
107569,Divya,INST-4543,16:30,373,37.1,32.4,26.4,94.1,8.1,0,28.4,22.92,92.61,0.77
107570,Divya,INST-2605,21:15,0,23.8,24.9,44.6,30,14.2,7,16.4,20.95,93.29,0
107571,Arun,INST-7656,3:00,0,17,18.6,61.7,84.6,0.9,19.8,6.8,19.09,93.87,0.11
107572,John,INST-1256,12:30,294.2,26.7,25.8,82.9,42.5,5.1,3.7,1.5,18.48,98.25,0.66
107573,John,INST-1014,3:00,0,35.5,36.3,70.3,65.7,5.9,22.2,7.7,22.19,94.68,0.1
107574,Priya,INST-1407,10:30,259.5,26.9,24.8,86.7,43,2.9,4.5,5.7,22.19,92.93,0.45
107575,Kumar,INST-9606,15:00,584.3,45.3,39,19.6,56.1,2.5,0,27.5,20.48,97.86,1.01
107576,Priya,INST-1230,18:00,0,28.5,27.7,10.4,68.2,10.8,0,27.4,20.73,96.48,0
107577,Ravi,INST-2504,18:30,11.1,37.4,36.4,1.6,51,12.6,0,9.8,18.44,96.23,0
107578,Kumar,INST-5463,19:15,0,33.3,34.2,70.4,51.1,9.9,17.1,21.8,20.57,93.98,0.05
107579,Divya,INST-9604,1:30,0,17.7,19.7,63.7,87.5,13.9,20.9,10.3,19.27,94.91,0
107580,Akash,INST-7716,20:30,0,25.8,26.7,92,36.8,14.3,21.3,14.6,17.3,95.47,0
107581,Divya,INST-8333,1:00,0,34.4,35.5,60.8,71.4,10.1,9.6,16.8,17.4,93.41,0.02
107582,Priya,INST-8445,5:45,0,32.2,32.6,51.8,77.2,11.7,21.8,19.9,21.78,92.79,0.18
107583,Akash,INST-2733,2:15,0,40.4,41.2,37.5,36.6,6.7,0,27.6,17.24,96.83,0.08
107584,John,INST-2560,18:00,0,28.5,26.7,47.6,84.4,3.5,14.8,5.1,17.63,93.29,0
107585,Ravi,INST-2797,19:00,0,39.7,40.7,50.9,57.6,14.2,1.3,23.9,17,96.48,0
107586,Priya,INST-2499,7:00,136,35,35.6,60,30.9,14.2,22.9,22.9,17.47,93.95,0.33
107587,Meena,INST-5726,13:00,402.6,28.9,25.8,70.5,49.8,6.2,20,4.9,20.07,94.94,0.7
107588,Ravi,INST-5126,23:45,0,41.4,40.5,83.3,59.9,13.7,22.9,6.8,17.9,92.2,0
107589,Ravi,INST-7286,9:00,441.5,39.6,35.6,45.1,87.3,11.3,12.7,0.9,18.29,93.02,0.8
107590,Divya,INST-7888,9:45,646.9,46.8,41.4,8.4,35.9,3.3,0,28.2,22.3,94.86,1.26
107591,Ravi,INST-1329,15:00,227.4,32.2,29.5,83,82,0.4,4,29.3,17.63,98.16,0.44
107592,John,INST-3881,21:00,0,30.4,30.8,86.2,80.7,5.5,2.3,2.7,20.65,92.78,0
107593,Akash,INST-4653,3:00,0,21.2,20.6,22.7,21.4,13.2,0,14.2,20.41,94.2,0
107594,Priya,INST-8332,13:15,914.5,36.7,29.4,7.3,34.8,5.9,0,19.9,22.25,98.84,1.91
107595,Ravi,INST-2905,15:30,602.4,40,35.4,14.7,63.8,1.4,0,28.5,17.56,94.23,0.81
107596,Arun,INST-6674,8:30,142.4,34.7,33.3,81.3,25.3,7.5,6.6,16.4,22.24,93.77,0.28
107597,Priya,INST-3242,21:30,0,28.4,29.2,21,24.2,8.2,0,20,17.35,94.33,0.07
107598,Meena,INST-2416,8:00,251.8,42.1,39.8,57.2,81.3,7.1,9.4,29.4,18.33,95.36,0.54
107599,Arun,INST-9083,9:30,308.4,36.1,33.6,69.6,49.4,14.5,24.2,18.2,17.38,98.3,0.36
107600,Priya,INST-5155,3:15,0,38,39.6,71.8,71.2,8,5.4,18.8,22.14,97.87,0.05
107601,Meena,INST-6264,2:30,0,36.3,35.3,37.9,34.4,12,0,14.3,18.43,92.72,0
107602,Kumar,INST-4298,23:15,0,38,39.1,62.8,71.2,12.4,24.9,25.2,20.37,98.28,0
107603,Arun,INST-6808,21:00,0,35,33.1,27.2,20.9,13.1,0,15.7,21.06,95.22,0
107604,Divya,INST-8559,15:45,543.9,37.7,33.6,26.9,68.5,0.7,0,2.4,22.17,97.72,1.21
107605,Meena,INST-9898,11:00,558.2,31.1,25.8,51.7,31.3,2.1,9.6,19.9,17.25,94.14,0.72
107606,Ravi,INST-1193,8:45,443,43.4,40.2,15.7,25.3,9.5,0,14.8,18.02,92.05,0.77
107607,Arun,INST-1852,1:00,0,41.2,41.5,25.1,73.3,8.3,0,14.6,20.6,98.13,0
107608,Meena,INST-6171,6:45,0,33.2,31.2,7.9,41.3,12.5,0,27.6,20.07,94.17,0
107609,Arun,INST-5683,20:30,0,31,30,61.9,86.7,9,15.7,10,19.83,95.42,0.04
107610,John,INST-3237,12:45,968.1,40.1,32.6,6.1,60.3,3.3,0,7.2,19.2,93.66,1.7
107611,Kumar,INST-8386,3:45,0,36.2,35.2,48.2,31.6,10.2,23,21.8,22.42,95.15,0.12
107612,Kumar,INST-5751,9:15,323.8,39.6,35.7,63.1,73.3,12.3,24.2,17.5,17.97,97.94,0.42
107613,Priya,INST-8350,23:45,0,32.3,33.3,88,64.5,4.1,10.8,27.6,18.73,94.32,0
107614,Divya,INST-1414,20:45,0,21.4,21.3,49.5,23,3.3,4.6,23.8,19,95.19,0.06
107615,Divya,INST-4973,15:45,239,34.7,32.6,77.8,26.8,8.5,12.1,29.3,20.54,95.83,0.22
107616,Kumar,INST-1910,13:45,461.7,39.2,36.6,63.3,23.1,6.2,4.2,2.3,20.36,96.76,0.74
107617,Priya,INST-1723,4:00,0,35.7,35.2,25.2,82.5,10.1,0,10.9,17.52,96.97,0.14
107618,Arun,INST-3124,22:15,0,19.4,20,26.3,42.6,9.9,0,23.6,18.19,96.73,0
107619,Divya,INST-1172,21:30,0,33.3,31.7,88.9,21.7,10.5,21.6,28,17.45,94.41,0
107620,Akash,INST-7009,17:30,153.1,40.6,40.8,41.4,30.5,13.8,22.9,19.7,20.43,92.4,0.25
107621,Meena,INST-7891,3:45,0,26.5,26.6,33.7,25.3,14.1,0,5,22.7,97.97,0.09
107622,Ravi,INST-1957,5:30,0,31.8,33.3,83.2,38.7,3.4,8.5,3.7,19.4,98.18,0.03
107623,Ravi,INST-5036,7:15,106.1,38.4,35.7,63.2,48.9,13.1,9.5,25.1,22.72,93.47,0.05
107624,Kumar,INST-1518,20:45,0,42.7,40.9,61.8,75.8,12.3,8.9,21.3,20.07,92.29,0.14
107625,Divya,INST-4768,23:45,0,40.4,40.7,25.3,27.6,10.8,0,23.9,20.45,93.34,0
107626,John,INST-4617,12:45,663,48.9,41.8,40.1,60.3,7.1,24.2,13.1,19.45,94.62,0.95
107627,Priya,INST-3453,7:30,255.9,23.3,20.1,5.9,50.6,13.2,0,17,21.27,93.17,0.53
107628,John,INST-3508,10:00,527,27.8,23.6,46.9,85.6,1.4,17.5,26.2,17.2,97.7,0.77
107629,Arun,INST-9829,0:45,0,32.1,30.2,68.5,66.8,14.9,0.6,28.3,22.13,94.03,0.11
107630,Meena,INST-2152,18:00,17.5,23.6,23.8,43,54.4,10.5,6.6,12.5,21.27,95.23,0.06
107631,Divya,INST-8574,21:00,0,34.6,36.2,89,57.8,2.5,24.6,24,22.93,96.04,0
107632,Divya,INST-7390,22:30,0,35.8,36.9,36.5,38.2,0.3,0,17.1,22.66,96.32,0
107633,Arun,INST-5933,13:45,774.3,37.2,30.7,25.2,22.6,1.5,0,13,20.91,92.47,1.58
107634,Priya,INST-6129,4:00,0,28.7,30.5,40,33.3,13,0,2.1,19.14,92.34,0.19
107635,Arun,INST-3198,2:30,0,19.6,18.1,99.2,57.3,11.8,6.7,10.1,17.1,92.38,0.02
107636,Priya,INST-2055,17:00,107.2,28.4,25.5,78.2,40.7,0.3,11.5,28.6,22.13,98.37,0.35
107637,Ravi,INST-6321,10:30,450.3,23.6,20.6,55,80.8,8.7,19.3,14.9,21.84,94.49,1.04
107638,Divya,INST-5299,7:15,78.3,29.3,28,81.2,47.5,4.4,16.1,16.2,19.91,94.32,0.23
107639,John,INST-2591,7:15,107.6,40,37.8,76,82.7,3.4,19.8,9.4,20.72,93.74,0.26
107640,Akash,INST-2074,22:00,0,20.8,22.2,92,89.2,6.8,12.9,26.5,17.87,97.92,0.14
107641,Ravi,INST-8646,13:30,250.1,31.3,31.1,88.1,66.8,14.5,8.2,15.2,21.85,93.17,0.27
107642,Ravi,INST-1252,0:15,0,36.6,37.4,36.3,41.4,2.2,0,10.4,22.87,94.6,0.05
107643,Meena,INST-6802,3:30,0,36.3,35.2,79.4,38.1,13.4,5.7,17.9,20.06,97.47,0
107644,Kumar,INST-7793,23:45,0,40.1,40.1,45.1,85.9,14.7,18.8,20.8,22.16,98.47,0.03
107645,Priya,INST-6136,17:45,98.3,36.3,37.1,77.3,67,9.5,1.9,16.5,17.47,97.43,0.16
107646,Divya,INST-2120,12:30,723.7,42.9,37.8,32.4,27.3,12.6,0,20.9,18.7,92.98,0.99
107647,Ravi,INST-9670,15:45,343.7,35.3,34,60.3,48.1,12.1,20.5,13.5,17.56,98.87,0.67
107648,John,INST-3417,3:30,0,42.3,41.2,47.6,64.9,10.9,5.2,5.3,17.22,94.73,0.16
107649,Kumar,INST-9861,15:00,694,48.2,41.1,5.2,76.5,1.3,0,26.3,22.75,96.32,1.32
107650,Ravi,INST-5593,11:15,397.9,37.5,34.5,72.1,60.7,9.5,7.2,25.7,20.27,97.42,0.73
107651,Meena,INST-5822,15:30,492.8,29.7,24,34.8,77.5,7.5,0,29.2,17.17,98.91,0.85
107652,Divya,INST-2143,1:30,0,32.7,33.9,31,32.8,11.1,0,23.9,19.76,96.58,0
107653,Arun,INST-1846,23:15,0,28.7,30,37.8,86.7,9.3,0,2.9,22.51,95.74,0
107654,Akash,INST-8587,5:15,0,36.8,35.2,86.8,82.8,11.8,16.4,17.7,21.92,95.92,0
107655,Divya,INST-1151,18:30,10.9,36.8,37.7,33.5,51.5,1.7,0,21.3,18.66,94.87,0.04
107656,Arun,INST-9759,6:15,0,25.9,27,1.9,41.3,0.1,0,4,18.33,94.32,0.07
107657,Arun,INST-8708,17:45,91.5,21.6,19.5,72.4,58.5,5,19.7,19.9,20.86,96.53,0.26
107658,Kumar,INST-9971,6:30,0,31.4,29.5,76.7,81.1,4,20.9,7.4,18.79,98.82,0
107659,John,INST-5846,16:15,385.1,38.5,34.9,26.1,50.8,9.3,0,21.7,17,95.62,0.65
107660,Kumar,INST-1969,14:15,785.6,40.4,32.8,9.3,65.5,12,0,0.2,19.29,94.6,1.56
107661,Meena,INST-1511,10:45,600.6,27.9,23.8,38.5,35.3,4.5,0,14.1,20.31,96.49,0.96
107662,Arun,INST-3504,11:45,492.5,30.7,27.4,58,49.5,10.8,9.7,19.9,18.53,97.26,0.81
107663,Akash,INST-9053,15:30,583.1,28.5,22.7,19,36,10.1,0,26.3,19.35,95.45,1.11
107664,Priya,INST-2628,20:30,0,22.4,21.7,86.6,38.9,9.4,0.9,21.4,17.1,94.86,0
107665,John,INST-7198,9:45,708.4,38.8,33.1,0.9,58.5,6.1,0,1.3,19.24,98.89,1.2
107666,Arun,INST-7982,20:15,0,26.2,24.3,70.7,24.2,9.4,0.3,12,22.65,95.76,0.01
107667,Ravi,INST-7282,11:00,518,24.3,18.7,54.3,77.5,13.7,6.9,12.1,18.17,94.42,0.71
107668,John,INST-8540,18:45,0,32.9,32,26,89.6,11.9,0,7.9,20.3,98.78,0.03
107669,Priya,INST-4580,12:45,694.1,22.9,18.3,36.3,34.1,1.6,0,5.7,17.73,97.31,1.05
107670,Divya,INST-9324,15:30,293.6,35.7,33.2,71.7,78.4,2.1,23.5,19.1,22.96,97.13,0.63
107671,John,INST-4006,22:15,0,21.9,22.2,61.8,84.3,6.1,16.8,9.7,22.51,93.65,0.14
107672,Meena,INST-4225,12:30,410.7,41.3,39.1,69.5,70.4,10.7,11.7,3.9,20.01,92.3,0.9
107673,Meena,INST-8899,10:30,718.9,26.3,21.5,19.2,73.1,9,0,27.3,17.48,98.06,0.88
107674,Divya,INST-3829,5:00,0,25.7,27.4,76,52.2,7.6,24.3,18.9,22.1,93.96,0.04
107675,Kumar,INST-3411,16:15,284.8,31.4,30.1,49.1,49.2,4.7,22.2,0,18.51,98.26,0.47
107676,Ravi,INST-2453,15:15,494.7,40.1,34.7,35.7,74.7,14.2,0,26.2,17.55,97.24,0.81
107677,Kumar,INST-8202,9:30,373.9,24,21.7,55.9,30.6,11,23.6,9.1,20.73,94.61,0.66
107678,Divya,INST-8306,23:45,0,37.6,37.8,28.9,86.9,14.4,0,1.6,21.77,92.81,0.16
107679,Arun,INST-2681,18:45,18.1,26.7,27,12.8,68,11.3,0,11.4,20.36,98.97,0
107680,Arun,INST-2728,14:00,584.5,45.4,39.8,39.8,88.6,5.8,0,7.6,20.84,98.3,1.07
107681,John,INST-7902,2:00,0,31.2,30.7,64.2,90.7,0.1,16.8,2.4,17.83,96.18,0.06
107682,Akash,INST-3323,19:30,0,37.3,37,22.1,60.1,2.2,0,23.1,17.05,95.68,0
107683,Priya,INST-4914,23:15,0,39.9,39.3,23.4,35,13.9,0,5.3,22.6,96.21,0.1
107684,Kumar,INST-7663,9:45,494.7,23.6,21.4,39.3,76.3,0.8,0,7.8,17.81,94.44,0.99
107685,Arun,INST-1374,8:45,462.5,37.2,32.1,8.2,22.1,3.3,0,22.6,18.79,93.79,0.64
107686,Arun,INST-4437,15:15,364.3,39.2,37.6,60.2,79.5,8,1.8,16.2,17.59,98.53,0.44
107687,Divya,INST-9749,5:45,0,32.3,31.3,96.1,81.6,2.1,17.8,24.1,17.96,92.03,0.06
107688,Divya,INST-8900,12:15,609.8,34.1,27.7,45,39.3,11.5,9.4,20,20.08,97.21,0.98
107689,Ravi,INST-7490,19:15,0,30.6,29,97.4,39.2,8.7,23,16.9,22.96,92.76,0.15
107690,Ravi,INST-9844,14:00,416.8,41.1,39.2,60.7,21.1,7.2,5.7,1.2,17.71,94.17,0.64
107691,Ravi,INST-8666,16:15,326.5,33.9,30.8,37.5,62.4,6.7,0,23.5,21.57,92.68,0.7
107692,Arun,INST-8833,9:15,530.7,25.5,20.9,32,85.7,13.2,0,10,21.92,98.56,0.9
107693,John,INST-5391,11:45,692.3,47.7,40.3,36.1,65.8,9.8,0,26.7,21.48,95.37,1.02
107694,Priya,INST-3147,15:15,438,31.6,28,42.6,79.5,1.5,11.8,14.8,22.9,93.03,0.81
107695,Ravi,INST-2454,1:00,0,19.7,20.5,56.5,47.9,5.7,20.7,15.3,21.52,94.53,0.16
107696,Priya,INST-2706,11:30,481.8,44.7,40.9,61.5,27.4,1.6,14.7,4.4,21.09,95.04,0.75
107697,Divya,INST-2555,4:30,0,23.6,24.2,69.1,34.6,5.3,0.1,15.4,18.77,94.89,0.08
107698,Priya,INST-8945,15:15,663.2,31.3,23.9,10.1,30.2,14.8,0,9.1,22.61,93.04,1.38
107699,Arun,INST-1267,2:30,0,24.3,22.9,48.1,45.3,9.8,1.8,22.2,18.92,93.43,0.08
107700,John,INST-5119,20:30,0,31,32.6,64.1,42,8.3,6.1,28,17.06,96.69,0
107701,John,INST-5206,19:45,0,18,20,51,77,6.3,21.6,7.7,19.93,92.98,0.09
107702,Arun,INST-1169,15:30,305.6,41.6,40,67,62.7,6.9,4.4,23.5,22.16,98.02,0.69
107703,Priya,INST-7527,10:15,837.5,27.2,18.9,5.3,76,13.7,0,1.9,22.59,96.41,1.78
107704,Akash,INST-8970,0:30,0,25.7,24.6,32.4,84.6,5.6,0,15.3,19.34,93.97,0
107705,Arun,INST-2640,23:45,0,21.9,22.2,81.3,73.4,5.5,3.9,10.7,21.78,92.96,0
107706,Ravi,INST-7687,7:00,183.8,30.8,27.7,27.3,89.5,9.8,0,15.6,20.49,94.15,0.21
107707,Meena,INST-3230,20:30,0,33.8,35.4,52.6,80.6,3.5,15,28.8,19.43,96.71,0
107708,Divya,INST-6637,1:45,0,32.4,34.3,88.8,33.3,8.8,8.1,24.7,17.84,96.41,0.18
107709,Divya,INST-7104,23:00,0,33.5,32.2,84,20.1,9.1,6.6,12.3,22.3,96.04,0
107710,Kumar,INST-2346,10:45,499.7,31.1,25.4,49.1,30.9,8.3,4.8,9.7,19.2,97.39,0.92
107711,Divya,INST-6016,23:15,0,32.2,30.4,84.8,23,10.5,22.1,12.3,20.47,98.49,0.09
107712,Arun,INST-1792,2:15,0,30.7,29.4,96.2,77.2,2.2,6.6,22.6,21.11,94.41,0
107713,John,INST-6681,23:00,0,24.8,23.5,26.8,48.3,0.8,0,28.4,19.28,95.41,0.08
107714,Priya,INST-4384,2:15,0,39.5,39.6,26.4,36.1,14.9,0,10,19.58,93.57,0
107715,Divya,INST-3308,20:30,0,34,32.7,78.4,49.7,6.8,22.2,6.1,22.85,98.68,0
107716,Kumar,INST-1513,0:45,0,22.9,21.7,53,21.2,7,3.5,5.2,21.34,92.89,0.09
107717,Kumar,INST-1161,19:30,0,21,21.2,71,39.1,9.9,12.1,21.1,18.41,94.62,0
107718,Akash,INST-9196,8:30,502.2,41.9,37.9,0.1,67.7,9.9,0,12.7,20.31,98.9,0.88
107719,Akash,INST-1320,18:15,0,17.1,19,26.7,40.7,2.5,0,4.3,19.02,94.6,0
107720,Meena,INST-5287,8:15,389.8,25.5,21.8,29.8,48.2,3.5,0,13.2,19.52,94.07,0.52
107721,Kumar,INST-5507,3:45,0,22.4,22.6,40.7,28.8,6.6,1.8,21.7,21.47,93.39,0.08
107722,Kumar,INST-2046,8:15,381.7,42.5,37.5,25.6,36.2,7.7,0,9.7,21.55,93.06,0.6
107723,Priya,INST-6891,14:45,470,41.1,36.2,52.3,44.3,8.4,18.7,25.2,20.58,93.54,0.98
107724,Divya,INST-2091,6:00,0,23.2,24,42.4,30.2,2.9,2.7,2.4,21.91,95.01,0.06
107725,Kumar,INST-1416,12:00,383.5,22.9,20.3,75.3,46.1,2,10.4,18,21.49,95.3,0.71
107726,Meena,INST-5361,8:15,182.1,41.5,41.8,73.4,86.9,7.8,8.8,11.6,21.52,94.5,0.54
107727,Divya,INST-7293,23:15,0,20.9,19.4,38.7,34.1,5,0,29.8,17.32,97.23,0
107728,Arun,INST-6217,6:15,0,34,32.6,32,89.6,3.4,0,14.1,19.96,94.93,0
107729,Ravi,INST-8532,23:00,0,26.3,27.5,73.5,57.8,8.2,14.4,4,19.15,94,0.11
107730,Kumar,INST-1827,12:15,482.4,33.7,29.1,64,65.2,2.5,4.3,1.1,22.34,92.46,1.12
107731,Arun,INST-5821,3:00,0,39.9,38.3,59.3,75.8,7.8,17.6,16.2,20.83,98.34,0
107732,Divya,INST-2052,8:30,444.7,41,36.6,16.6,87,8.6,0,29.4,21.07,96.98,0.9
107733,Kumar,INST-6761,16:00,300.7,36.8,33,48.1,75.6,1.8,9.5,14.9,17.67,97.55,0.47
107734,John,INST-5253,1:30,0,34.5,33.3,95.6,25.7,11,21.9,23,20.08,95.43,0
107735,Meena,INST-7021,5:15,0,22.2,22.4,74.5,29.7,3,4.2,4.3,18.05,93.71,0.12
107736,Ravi,INST-7701,18:00,0,16.3,18.1,36.1,59.4,14.9,0,10.2,22.05,92.14,0
107737,Ravi,INST-2729,17:45,65.7,22.5,21.9,82.9,25.7,12.2,20.6,3.9,20.1,92.63,0.13
107738,Arun,INST-7709,19:15,0,34.3,34.5,57.9,49.6,8.5,7.3,26.4,21.63,95.62,0.01
107739,Akash,INST-6144,12:15,837.3,45.1,38.9,20.2,26.3,14.1,0,29.3,21.71,98.34,1.49
107740,Kumar,INST-1500,22:00,0,37,35.3,49.6,92.7,3.6,7.3,7.8,20.1,96.36,0.07
107741,Kumar,INST-4536,8:00,161.9,21.1,20.1,78.9,56.8,4.3,23.7,23.5,19.64,94.96,0.09
107742,Divya,INST-9055,14:45,555,26.5,21,41.8,80.9,2.6,11.8,4.9,18.55,96.13,0.8
107743,Arun,INST-7218,5:15,0,31.6,30.1,99.5,38.6,12.6,20.6,9,21.83,95.22,0.19
107744,Divya,INST-4431,19:30,0,23.1,24.8,73.9,62.5,12.6,3.4,25.5,22.12,97.4,0
107745,John,INST-2616,23:45,0,39.9,41.6,81.4,85.4,14.1,21.7,3,18.43,98.53,0.04
107746,Ravi,INST-7380,19:00,0,17.5,19.5,58.7,40.1,2.5,6.8,18,22.99,96.08,0
107747,Meena,INST-1368,22:45,0,19.9,20.5,80.6,48.6,2,8.8,6.9,21.2,93.51,0.18
107748,Priya,INST-2325,12:30,304.6,31.9,28.4,84.5,57.3,8.5,4.4,28.9,18.5,94.72,0.61
107749,John,INST-3749,3:15,0,21.2,21.9,91,36.1,8,0.7,25.4,21.93,96.19,0
107750,John,INST-3600,10:30,225.7,30.3,27.4,89.5,63.5,14.3,12.9,6.5,22.02,94.63,0.42
107751,Arun,INST-3844,8:30,195.6,30.8,27.8,73.2,20.4,7.7,8.2,14.7,20.2,93.94,0.15
107752,John,INST-4796,10:00,317.3,35.5,32.4,77.8,33.3,8.9,15,15.5,21.92,94.84,0.61
107753,Arun,INST-3544,15:00,377.5,40.8,37.5,52.7,51.5,6.4,18,10.4,18.63,92,0.6
107754,Divya,INST-7983,23:15,0,32.2,31.6,58.5,28.5,8.2,14.7,4.2,17.95,95.49,0
107755,Arun,INST-6330,15:45,414.7,41.3,35.9,49.9,89.3,6.2,11.6,24.3,19.69,98.99,0.87
107756,Akash,INST-9657,2:45,0,36.1,36.5,40,60.2,14.5,16.2,29.6,19.02,97.75,0
107757,Arun,INST-5975,3:30,0,43.4,41.6,28,54.9,10.2,0,20.2,22.36,96.13,0.09
107758,Akash,INST-3005,17:30,203.2,37.7,37.6,34.5,51,14.6,0,8.9,18.91,97.22,0.31
107759,Divya,INST-3113,12:15,705.4,32.6,27,37.4,43.5,2.7,0,6.8,18.28,93.83,1.03
107760,Meena,INST-5875,17:00,144.8,25.3,24.5,57.7,64.2,1.5,7.6,14,19.14,95.61,0.35
107761,Divya,INST-5569,2:00,0,22.1,23.6,83.8,61.9,4,7.1,0.2,22.45,93.41,0
107762,Priya,INST-9797,9:15,218.4,44.7,41.4,80.4,47.3,5.1,20.7,10.7,22.46,93.12,0.29
107763,Meena,INST-9115,23:00,0,41,40.1,79.5,43.1,5.7,22.2,16.4,17.93,93.91,0
107764,Kumar,INST-2218,23:15,0,40.5,39.9,70.3,90.3,8.6,5.9,8.2,21.09,97.47,0
107765,Kumar,INST-5857,18:00,0,39.8,40.8,0.5,34.1,3.1,0,21.4,22.7,98.72,0.12
107766,Akash,INST-8673,18:15,13.3,30.4,31.2,25.8,91,13.5,0,18.3,17.63,92.15,0
107767,Kumar,INST-7644,0:45,0,34.4,35.9,47.4,26.2,3.3,4.5,22.1,18.12,93.91,0.04
107768,Arun,INST-5592,9:15,558.4,35.3,31.6,25.8,48.6,3.3,0,25.5,22.45,95.33,0.97
107769,Arun,INST-7664,20:00,0,39,37.7,34.4,38.2,15,0,18.8,17.5,98.27,0.02
107770,Akash,INST-5836,20:15,0,29.1,29.3,44.1,91.2,9.5,24,21.4,20.42,96.85,0
107771,Arun,INST-3309,17:45,233.5,25.5,22.7,20.1,52.9,2,0,24,21.05,98.48,0.52
107772,Kumar,INST-8412,13:30,547.7,44.3,38.2,50.1,46.7,4.2,5,24.5,21.94,94.93,1.19
107773,Ravi,INST-2268,2:15,0,40.3,41,70.1,82.4,14.7,24.1,6.4,17.59,94.11,0.07
107774,Meena,INST-1854,5:45,0,23.1,23.5,84.3,51.3,7.5,0.8,16.1,19.47,95.99,0.06
107775,Arun,INST-1545,12:00,896.5,36.2,30.4,12.5,44.5,0.1,0,28.7,17.55,94.35,1.17
107776,Kumar,INST-4999,2:15,0,32.7,34.5,26.9,69,12.6,0,19.8,19.15,93.31,0
107777,John,INST-6980,15:30,440.9,21.2,18.1,44.4,21,8.3,9.9,22.9,19.69,95.48,0.8
107778,Arun,INST-1000,23:00,0,23.2,24.2,53.2,94.4,7.3,16.2,19.1,22.35,95.36,0.12
107779,John,INST-1953,11:15,896.7,40.1,32.8,7.4,87.2,9.1,0,19.7,19.19,98.98,1.42
107780,Arun,INST-5599,20:15,0,39.3,40.6,43,59.8,2.7,17.7,24.2,21.98,93.35,0.16
107781,Arun,INST-6254,13:45,317.2,28.9,27.3,82.4,57.5,14.7,7,7.2,21.05,94.99,0.6
107782,Kumar,INST-1684,6:00,0,40.5,39.4,81.3,64.2,1.6,12.5,17,19.32,95.7,0.02
107783,Kumar,INST-3758,15:15,220,22.6,22.6,82.6,50.1,12.2,24.3,5.8,19.21,96.64,0.26
107784,John,INST-4537,17:15,155.7,35,31.9,56,24.1,8.6,3.1,22.3,19.43,96.32,0.41
107785,Meena,INST-4407,0:45,0,23.5,22.6,48,43.9,10.5,1,19.1,19.96,96.21,0
107786,Ravi,INST-1793,22:00,0,28.1,26.6,56.9,66.4,0.4,7.6,23.4,20.82,93.59,0
107787,Akash,INST-5931,18:15,13,38.9,40.1,40.9,92.1,6.2,6.1,12.5,22.8,92.54,0
107788,John,INST-7278,11:15,552.7,30.9,25.1,51.8,35.9,10.6,11.1,21.8,17.34,92.59,0.93
107789,Akash,INST-9668,14:45,321.3,25.2,22.8,77.7,23.2,2.2,2.9,19.5,18.13,96.64,0.57
107790,Kumar,INST-8692,13:00,616.9,43.7,36.9,42.5,32.9,9.3,5.2,11,20.89,98.62,1.39
107791,Divya,INST-6161,16:45,488.8,27.8,25.5,0.6,73.4,2.5,0,23.6,22.77,96.6,0.8
107792,Kumar,INST-9009,22:30,0,38,38.3,71.2,77,6.9,0.3,29.5,22.29,96.39,0.09
107793,Arun,INST-2169,18:15,0,22.9,21.1,85.3,92.7,5.1,17.8,25.7,20.02,95.61,0.19
107794,Kumar,INST-4612,14:30,571.1,24.8,19.9,40.3,67,10.2,23.1,20,20.7,95.47,1.02
107795,Meena,INST-4637,16:15,379.5,30.6,25.6,33.4,78.1,11.7,0,2.4,19.58,94.28,0.51
107796,John,INST-1200,5:30,0,17.6,18.4,31.2,54.6,4.2,0,19.7,20.8,97.68,0.15
107797,Kumar,INST-7488,3:45,0,33.5,32.1,32.1,25.5,12.5,0,27.5,19.1,96.4,0.15
107798,Kumar,INST-5967,9:30,280.6,22.6,21.3,72.1,45.6,3.8,22.3,28.8,21.51,93.61,0.52
107799,Arun,INST-9969,15:30,631.1,48,41,14.1,52.5,8.5,0,4.6,18.74,96.02,1.14
107800,Divya,INST-2211,7:30,83.8,41.7,39.8,72.5,34.2,9.2,16.8,16.4,20.94,98.62,0.33
107801,John,INST-3970,15:30,494.7,28.9,24.3,33.4,86.2,0.6,0,4.8,20.64,93.02,0.95
107802,Kumar,INST-5195,13:45,765.1,43.8,38,26.4,74.8,2.8,0,6.8,21.07,97.95,1.59
107803,Divya,INST-3836,17:45,255.2,40.3,39.5,0.9,44.1,6.4,0,5.8,20.39,95.81,0.59
107804,Akash,INST-2487,18:00,0,21.6,22.6,32.1,93.1,8.7,0,14.6,18.36,92.63,0
107805,Kumar,INST-2693,16:00,428.5,22.1,18.2,12.9,75.2,8,0,16.4,19.84,94.42,0.89
107806,Divya,INST-1474,5:45,0,35.2,33.5,35.9,76.6,6.9,0,9.4,17.61,98.04,0.16
107807,Akash,INST-4433,21:45,0,30.4,29.3,98.5,87.5,8.2,10.8,1.4,19.64,94.96,0
107808,John,INST-1022,14:15,674.7,44.6,40,28.9,67.6,0.4,0,15.9,17.98,93.82,1.01
107809,Meena,INST-2584,10:15,630.7,38.3,31.3,31.1,42.1,4.7,0,3.3,22.7,95.93,1.44
107810,Priya,INST-8809,20:45,0,20.3,20.1,41.3,40.7,10.2,20,24.6,19.83,93.7,0
107811,Divya,INST-8352,10:15,235.3,37,36.8,84.8,53.1,9.2,13.7,29.3,18.77,92.87,0.42
107812,Meena,INST-1520,15:45,610.1,25.6,21.3,17.1,82.1,2.4,0,22.1,18.21,92.36,0.92
107813,John,INST-1342,10:30,261.4,27.6,26.6,84.9,34.4,3.1,15.8,4.2,21.96,95.63,0.44
107814,Arun,INST-9813,23:45,0,37.9,38.5,79.9,67.5,5,12.5,15.3,18.85,95.21,0
107815,Arun,INST-2492,21:45,0,19.8,21,57.9,69.5,9.6,19.8,2.6,20.05,96.64,0.06
107816,Arun,INST-8821,15:00,676.8,42.3,36.8,2.2,91.7,4.3,0,26.1,21.74,92.76,1.26
107817,Priya,INST-8348,21:45,0,21.5,20.5,89.1,29.8,8,17.1,0.6,17.26,96.43,0
107818,John,INST-4371,19:00,0,40,39.2,46.6,78.4,12.1,12.8,14.5,17.34,96.08,0
107819,John,INST-9224,10:30,625,39.7,36.1,30.7,23.5,15,0,19.4,18.97,96.04,0.95
107820,John,INST-7294,23:15,0,28.3,28.7,98.7,47.2,5.2,23.8,3,20.06,92.23,0
107821,Kumar,INST-7206,11:00,334.4,32.7,29.6,76.9,89.3,3.9,23.2,10.1,18.83,95.02,0.64
107822,Meena,INST-6815,13:15,708.4,35.9,30.9,31.1,21.6,13.8,0,23.7,22.36,97.01,1.41
107823,Kumar,INST-4907,14:15,741.7,41.4,36.9,17.3,25.3,5.6,0,28.8,17.56,94.41,0.97
107824,John,INST-5564,14:00,406,26.1,22.8,62.3,34.5,4.9,4,9.7,18.43,95.88,0.51
107825,Meena,INST-1413,21:30,0,36.7,35.6,52.9,85.3,6.1,24.2,26.1,17.88,95.86,0.11
107826,Divya,INST-1194,12:45,287.8,21.6,19.3,83.3,27.5,11.8,2.9,20.1,22.59,92.19,0.58
107827,John,INST-4570,15:00,347.1,43.3,41.1,64.1,28.5,2.6,2.4,10.6,18.12,92.56,0.51
107828,Meena,INST-9675,5:45,0,31.5,32.4,53.1,53.9,3.3,5.8,23.7,20.31,97.98,0
107829,Kumar,INST-3136,8:00,295.3,26.9,25.9,52.8,91.7,3.6,9.7,7.9,20.47,93.7,0.66
107830,John,INST-5559,0:30,0,26.1,27.1,68.1,73.7,6,18.5,12.6,19.44,95.03,0
107831,Meena,INST-3905,17:00,147.2,28.9,28.6,60.7,89.6,2.3,11.2,15.6,17.41,98.25,0.28
107832,Priya,INST-7062,18:00,7.5,31.7,29.6,64.4,30.5,9.4,6.4,7.5,22.89,95.3,0
107833,Arun,INST-3239,19:15,0,38.3,37.8,53,59.2,5.8,13,0.2,22.42,98.18,0
107834,Ravi,INST-7158,14:15,448.3,23.8,19.7,58.3,86.8,1.6,17.8,13.7,18.15,96.08,0.59
107835,John,INST-9393,7:00,229.1,19.9,18.2,16.6,53,4.3,0,21.5,20.79,98.19,0.46
107836,Akash,INST-7465,6:15,1.3,25,24.5,64.1,66.8,9.8,14.4,0.9,22.12,92.64,0.01
107837,Arun,INST-6574,13:00,327.9,37.9,36.3,78.1,37.4,13,7.9,17.9,18.06,95.31,0.62
107838,Priya,INST-6313,18:00,6.1,29,28.9,63.1,86.4,10,7.5,29.1,22.61,97.34,0
107839,Ravi,INST-8889,15:15,261.8,20.2,20,77.3,73.9,5.9,21.3,12.6,21.16,97.29,0.7
107840,Priya,INST-3835,13:45,721.1,37.3,31.1,30.9,70.8,2.4,0,14.2,20.76,98.93,1.55
107841,Ravi,INST-9593,14:45,615.9,42.7,38.2,34.9,70.2,4.7,0,11.9,17.89,96.24,1.16
107842,Priya,INST-9441,3:30,0,32.3,31.2,98.3,33.3,12.4,3.6,6.6,22.47,93.59,0.04
107843,Priya,INST-1820,18:00,6.8,29.3,29.4,47.2,44.2,14.2,14.4,19.6,22.23,93.59,0.04
107844,Akash,INST-9325,7:15,261.6,33.3,32.2,1.8,37,8.6,0,11.5,21.75,98.66,0.56
107845,Divya,INST-6775,21:15,0,30.5,29.7,36.6,73.6,10.3,0,26.3,21.42,92.05,0.01
107846,Divya,INST-7853,8:00,162.7,31.5,29.3,77.9,25,4.8,11.4,10.5,18.07,95.97,0.39
107847,Meena,INST-3643,1:15,0,17,18.2,59.4,63.1,5.6,3.5,2.5,18.49,94.85,0.13
107848,Akash,INST-2993,23:00,0,31.3,31.5,58.1,63.7,9.5,7.8,16.1,21.53,98.12,0
107849,Akash,INST-2237,11:30,685.6,33.2,25.5,32.5,44.4,11.3,0,2.7,19.72,94.22,1.26
107850,John,INST-7343,21:45,0,35.2,33.2,66.9,48.8,7.4,24.8,13.8,20.19,96.46,0.13
107851,John,INST-7265,9:15,335.4,44.7,41.9,59.8,75,8.5,0.2,13,19.91,93.85,0.7
107852,Divya,INST-8545,2:45,0,24.4,25.5,97.9,87.6,13.6,9.1,25.2,21.96,95.43,0
107853,Arun,INST-6851,10:15,336.4,42,39.3,75.9,44.5,10.1,22.1,15.6,19.99,95.38,0.73
107854,Kumar,INST-3435,12:30,837.2,43.1,37.8,18.2,75.7,7.2,0,26.2,17.55,96.49,1.08
107855,Priya,INST-4007,9:45,595.6,26.1,20.3,20.2,74,0.9,0,8.5,18.09,94.05,1.02
107856,Kumar,INST-2344,15:00,694.5,35.5,30.3,0.2,25.7,12.6,0,12.7,20.27,94.01,1.36
107857,Priya,INST-2942,14:00,587.7,24.1,18.8,40.2,93.5,12.8,15.8,10.6,21.85,92.29,1.04
107858,Meena,INST-1937,7:30,220.5,30.4,30.3,16.7,51.4,4.2,0,24.8,18.2,94.57,0.16
107859,Priya,INST-2317,10:45,350.5,42,38.1,69.6,37.9,7.1,18.2,5.5,17.14,92.31,0.66
107860,Priya,INST-1614,21:00,0,26.1,25.2,54.1,85.8,10.4,0.3,25.2,21.08,97.66,0.14
107861,Kumar,INST-3635,1:15,0,30.4,30.7,36,20.3,4.4,0,22.5,20.77,98.54,0
107862,Kumar,INST-5402,22:30,0,40.7,41.6,79.4,65.4,0.1,2.6,5,17.4,99,0
107863,Divya,INST-5432,9:00,711.3,46.3,40,0.6,85.2,2,0,12.3,20.06,98.63,1.47
107864,Divya,INST-7106,4:45,0,32.8,33.3,56.9,22,8.5,20,7.3,19.54,96.61,0
107865,Divya,INST-5324,20:45,0,30,31.8,42.3,91.7,7.4,3.7,27.7,21.6,95.01,0.08
107866,Kumar,INST-9549,8:30,215.8,38.6,37.2,65.7,59.9,12.9,9.7,6.5,17.72,93.22,0.25
107867,John,INST-8483,14:30,743.5,37,29.2,14.5,74.6,6.8,0,7,18.72,94.99,1.36
107868,John,INST-9529,15:45,260.2,36.7,34.2,77.7,73,4.2,10.2,16.5,19.38,98.53,0.58
107869,John,INST-2359,9:00,197.1,31,28.7,84.9,91.1,5.2,14.7,15.7,22.9,92.1,0.24
107870,John,INST-1987,8:15,186.3,32.5,31.7,75.8,20.4,6,6.6,13.7,21.03,94.82,0.52
107871,Divya,INST-5404,20:30,0,27.5,26.8,90.9,49.1,10.4,12.6,20.2,22.42,92.94,0
107872,Ravi,INST-6964,10:15,571.3,29.8,24,38.5,36.5,7,0,29.5,21.83,94.23,0.87
107873,Ravi,INST-7610,0:45,0,30,29.4,69.8,71.9,4.9,24.1,25.3,19.78,97.68,0.13
107874,Ravi,INST-7020,11:00,323.4,24.5,20.4,77.6,28,8.1,0.3,2.3,18.15,95.73,0.36
107875,John,INST-7321,10:30,769.4,32.1,26.4,13,71.1,4.9,0,25.7,20.4,93.92,1.21
107876,Ravi,INST-2218,17:30,98.6,33.2,30.7,69.6,35.3,13.5,5.4,18.3,18.93,97.68,0.05
107877,Meena,INST-3637,14:30,836.7,48.8,40.7,5.3,22.2,13.3,0,16.2,19.26,97.27,1.41
107878,John,INST-4236,9:30,573.6,26.5,21.8,22.4,74,13.1,0,10.8,22.09,93.74,1.2
107879,Divya,INST-3755,12:00,339.1,31.7,27.5,78.2,78.6,13.7,2.4,23.2,18.77,98,0.53
107880,Ravi,INST-8465,22:15,0,28.4,26.9,87.7,80.3,14.7,3.3,24.8,20.52,92.4,0.04
107881,John,INST-3495,14:45,567.2,24.6,20,41.7,79.7,7.5,17.5,26.5,21.2,93.29,0.99
107882,Kumar,INST-2692,16:00,296,39.9,36.9,46.8,88.4,0.7,17.8,18.8,22.84,93.46,0.73
107883,Akash,INST-7445,9:15,471.9,40.2,37.6,39.9,86.9,5.2,0,3.9,17.92,96.13,0.78
107884,Priya,INST-7530,1:00,0,20.5,22,61,70.4,1.8,8,22.3,21.68,96.59,0.09
107885,Akash,INST-4565,1:00,0,26.2,27.6,80.8,46,7.6,20.1,18,18,95.33,0
107886,Kumar,INST-8881,10:30,838.5,30.7,24.7,3.9,47.9,4.7,0,9.6,22.12,94.09,1.67
107887,Akash,INST-6397,16:30,229.9,36.3,35.3,62.4,74.2,9.8,4.5,14.9,20.71,92.7,0.5
107888,Kumar,INST-8216,22:00,0,26.8,27.7,63,24.4,10.8,23,17.1,22.02,97.9,0.19
107889,Meena,INST-1074,17:30,83.6,38.6,37.7,84.2,71.9,10.3,15.3,2.7,17.5,96.95,0
107890,Kumar,INST-2183,17:15,113.8,33.4,30.7,63.4,36.4,4.2,20.1,4,17.5,93.96,0.15
107891,Priya,INST-7817,5:45,0,30.5,32.2,38.7,30.1,5.1,0,24.1,19.04,94.37,0.06
107892,Arun,INST-6005,0:00,0,19.3,20.8,27.3,41.2,13.5,0,14.4,20.75,97.69,0.07
107893,Priya,INST-9635,19:15,0,30.7,29.5,55.2,57.9,6.1,3.3,7.3,17.83,96.29,0.03
107894,Kumar,INST-7744,14:30,612.1,38.4,32.5,37.1,35.1,5.8,0,6.3,20.53,93.82,0.99
107895,Arun,INST-8170,16:30,195.8,26.6,25.4,68.6,68.9,9.3,24.2,11,21.5,92.63,0.25
107896,Priya,INST-2080,7:15,227.6,22.2,22.1,20.9,82.3,6.8,0,26.1,17.9,92.31,0.29
107897,Divya,INST-7623,8:45,326.4,40,37.5,43,84.3,13.4,8.5,27.1,20.14,96.67,0.59
107898,Divya,INST-8046,17:00,138.8,42,41.9,48.9,34.2,9.7,21.8,29.8,21.7,95.31,0.09
107899,Ravi,INST-1028,19:15,0,21.4,19.6,74.1,90.8,3,13.9,18.4,20.89,93.31,0
107900,Akash,INST-8718,3:30,0,39.2,39.8,31.4,88.2,0.8,0,28.1,19.27,95.25,0
107901,Akash,INST-9818,0:00,0,20.7,19.6,90.2,21.6,3.6,18.6,18.4,18.62,97.73,0
107902,Meena,INST-7644,22:15,0,28.2,28.1,81.5,85,5.6,23.6,23.1,17.8,93.7,0.03
107903,Meena,INST-9665,2:15,0,21.1,20.7,25.7,29.8,12,0,8.3,20.71,96.33,0
107904,Priya,INST-5440,9:00,630.8,34.7,30.3,15.2,32.5,6.4,0,0.5,20.97,98.51,1.13
107905,Divya,INST-5743,8:30,130.2,25,23.8,87.6,64,2.6,18.5,9.9,19.44,95.55,0.25
107906,Meena,INST-6565,7:15,201.1,26.5,26.1,20.8,85,13,0,2,20.19,98.95,0.23
107907,Meena,INST-3991,9:00,582.2,40.7,33.9,24.2,56.1,8.5,0,27.9,18.02,95.87,0.82
107908,John,INST-6755,15:45,279.9,37.2,33.1,70.3,64,8.2,2.8,7.7,22.85,97.36,0.48
107909,Arun,INST-4336,22:15,0,19.5,18.9,65.3,30.5,3.1,12.7,23.1,17.19,97.82,0
107910,Priya,INST-7545,15:15,221.2,39,36.4,80.7,78.2,12.1,13.9,1.4,22.39,97.36,0.56
107911,Divya,INST-5350,3:45,0,36.5,38.4,74.4,70.1,5.1,18.6,19.9,22.16,92.92,0
107912,Ravi,INST-9518,8:30,493.2,30.8,27.1,0.1,48.9,11.6,0,7,20.79,97.05,1.03
107913,Arun,INST-4937,6:30,17.2,27.3,27.5,46.7,39.5,1.8,1.9,15.3,20.46,98.74,0.18
107914,Akash,INST-7345,15:45,490.7,24.5,20.7,36.2,56.7,2.1,0,21,22.68,98.63,1.01
107915,Kumar,INST-9014,4:30,0,42.4,41.6,23.2,79,5.7,0,28.2,21.5,94.45,0
107916,Divya,INST-3161,14:45,259.6,25.7,22.2,81.7,64.3,5.4,4.4,26,20.56,95.57,0.62
107917,Kumar,INST-8613,18:45,0,25.8,26.3,46.9,65.2,2.4,5,24.4,19.27,94.94,0
107918,Priya,INST-5760,9:15,253.2,22.3,18.8,78.7,37.2,5.3,5.7,4.8,19.01,96.9,0.51
107919,Kumar,INST-3817,5:45,0,31.1,31,34.9,36.7,9.1,0,9,20.07,93.94,0.16
107920,Meena,INST-3406,18:45,6,24.7,24.8,37.7,94.5,1.6,0,16.3,21.6,97.84,0
107921,Akash,INST-2837,10:15,672.5,37.8,33.7,27.7,74.8,4.6,0,18.1,22.82,98.37,1.56
107922,Kumar,INST-6213,12:45,693.5,25.8,19,39,76.5,7.2,0,8.1,21.2,96.5,1.51
107923,Divya,INST-1340,15:15,273.2,28.7,27.5,72,71.1,7.8,19.8,28.8,22.15,98.08,0.33
107924,Priya,INST-1259,22:15,0,36.9,35.3,89.1,33.5,1,10.9,25.1,19.59,94.27,0
107925,John,INST-5140,22:45,0,22.9,22.5,73.2,21.8,5.9,9.3,21.9,19.47,94.87,0
107926,Ravi,INST-5285,3:30,0,27,26.5,37.2,64.8,4.4,0,27,19.85,96.63,0
107927,Arun,INST-6348,23:00,0,36.4,36,83.9,28.5,4.4,11.1,20.8,19.88,98.94,0.04
107928,Akash,INST-2276,7:00,195.8,39.4,36.5,21.5,90,13.8,0,9.7,22.47,93.08,0.26
107929,Meena,INST-1594,5:30,0,43.2,42,98.3,56.1,2.3,12.8,15.9,21.06,98.16,0
107930,Kumar,INST-5381,13:30,485.4,28.2,25.5,60.5,33.3,6.1,4.9,12.3,17.29,94.34,0.74
107931,John,INST-2669,7:45,233.7,26.4,25.6,3.2,68,3,0,6.9,21.39,98.29,0.51
107932,Arun,INST-2515,0:30,0,20.2,18.3,67.3,68.4,4.2,16.8,18.7,17.02,94.31,0.1
107933,Meena,INST-7659,2:15,0,31.7,32.9,21.8,34.4,12,0,2,19.74,93.9,0.17
107934,Akash,INST-6622,14:30,613.6,47.1,40,37.6,87.8,2,0,27.7,22.24,98.29,1.22
107935,Meena,INST-6082,16:30,439.5,26.8,22.6,10.3,30.5,3.5,0,4.4,19.2,95.98,0.97
107936,Divya,INST-9439,22:00,0,20.2,21,69.7,92.2,2.2,8.6,25.4,22.26,98.91,0.15
107937,Divya,INST-3008,11:45,638.8,33.4,28.7,39.8,33,2,0,14.1,21.45,98.07,1.06
107938,Meena,INST-6330,23:00,0,38.4,37.6,36.8,65.8,14.8,0,15,20.58,94.2,0
107939,Kumar,INST-7968,4:45,0,20.5,20.2,27.9,25.7,5,0,22.5,17.68,96.38,0
107940,Akash,INST-5189,2:15,0,41.9,41.4,36.5,70.9,2.7,0,14.6,18.71,94.49,0
107941,Priya,INST-4823,20:00,0,18.3,18.6,92.2,40.6,0,22.1,7.1,19.73,95.77,0
107942,Kumar,INST-8620,5:45,0,24.8,24.9,70.5,90.7,14.4,0.7,2.4,18.62,93.45,0
107943,Ravi,INST-7284,13:00,312.2,41.5,38.1,82.8,59.4,12.1,2.7,5.8,21.87,92.69,0.56
107944,Ravi,INST-3347,16:00,434.8,23.3,20.3,13.4,44.2,9.3,0,17.8,22.66,95.29,0.81
107945,Meena,INST-2013,13:15,610.6,32.4,26.3,44.4,31.9,2,12.1,18,19.97,97.63,1.2
107946,Akash,INST-7142,8:15,354.7,26.6,24.8,39.3,85.5,0.4,0,26.7,22.37,93.64,0.68
107947,Kumar,INST-5340,4:15,0,22.6,23.2,99.8,70.5,8.5,10.8,14.5,22.35,98.9,0.08
107948,Ravi,INST-4883,10:00,644.6,41.8,37.2,29,46.2,7.7,0,13.2,22.19,93.97,1.3
107949,Divya,INST-9797,10:15,757.9,47.5,41.7,16.4,90.4,1.9,0,1.5,21.12,96.82,1.7
107950,Akash,INST-7296,19:00,0,20.3,21,81.7,25.3,6.6,8.1,10.7,21.97,93.87,0
107951,Akash,INST-6246,10:45,574.7,35.4,30.2,40.8,94.4,8.6,4.8,17.6,21,92.31,1
107952,Arun,INST-5303,19:00,0,22.8,22.5,44.3,44,0.6,4.2,16.2,20.47,93.82,0.01
107953,Kumar,INST-7539,14:15,596.8,36.1,31.8,39.4,41.7,8.7,0,0.5,17.11,96.32,0.78
107954,Ravi,INST-5977,19:00,0,21.3,20.7,33.8,23.6,12.9,0,19.6,20.54,98.2,0.01
107955,Kumar,INST-3009,12:45,582.3,25.1,21.3,51.6,77.7,5.1,19.9,10.2,20.04,97.1,1.14
107956,Ravi,INST-7983,22:30,0,21.1,21.8,89.8,34.4,14.9,10.9,4.5,17.61,96.27,0.17
107957,John,INST-1613,13:15,695.7,40.1,34.4,31.1,83,7.8,0,24.6,18.08,97.84,0.97
107958,Priya,INST-5593,7:30,151.7,21.4,19.8,56.6,29.5,10.3,10.6,26.7,21.76,94.84,0.15
107959,Arun,INST-6258,1:15,0,17.3,18.6,33.7,88.5,1.1,0,1,20.53,93.79,0.15
107960,Divya,INST-4324,19:15,0,36.3,35.1,86.7,32.5,6.2,21,3.8,21.31,95.1,0.19
107961,Akash,INST-6290,10:00,247.4,41.4,38,84.5,89.8,14.4,6.5,12.1,22.88,94.68,0.6
107962,John,INST-9031,23:15,0,33.2,34.1,34.4,65,4.6,0,7.6,17.36,94.15,0
107963,Divya,INST-7844,7:45,96.4,25.2,25.4,74.6,63.1,5,7.8,18.8,19.07,97.87,0.25
107964,Kumar,INST-4510,7:45,133.4,42,40.6,62.6,65.5,6.9,6.2,10.3,17.06,96.7,0.4
107965,Priya,INST-2608,5:30,0,28.4,27,99.5,59.1,1.5,12.7,8.4,17.8,98.27,0
107966,Arun,INST-3224,23:15,0,21.2,20.2,96.3,58.8,7.1,3.2,23.5,17.83,92.8,0.01
107967,Priya,INST-9240,8:30,377.1,44.9,39.9,28.3,92,4.2,0,23.4,21.68,98.84,0.56
107968,Akash,INST-6059,19:45,0,32.7,34.4,88.4,91,10.1,19.7,27.5,17.49,93.24,0
107969,Priya,INST-9407,20:00,0,22.4,21.6,85.4,65.3,1.1,17.2,2,18.51,95.88,0
107970,Ravi,INST-4405,11:15,931.2,34,26.8,4.5,36.9,14.6,0,10.3,20.28,97.75,1.81
107971,Akash,INST-7765,22:15,0,20.4,18.7,28.9,29.3,2.4,0,8.8,22.6,96.29,0
107972,Kumar,INST-8983,12:00,493.9,36.5,31.7,59.2,79,2,3.7,15.6,20.73,98.07,0.86
107973,John,INST-5569,6:00,0,40.5,41,25.7,24.5,6.6,0,10,19.22,98.43,0
107974,John,INST-2367,20:00,0,38.2,38.8,84.2,84.9,4.6,24.4,13.7,20.16,95.9,0.03
107975,Meena,INST-6780,9:30,576.9,40.9,35.6,20.5,53.5,12.1,0,4.2,19.66,96.12,1.22
107976,John,INST-3250,1:15,0,32.1,31.7,49.4,46.7,11.3,6.2,27,19.15,92,0.03
107977,Divya,INST-6562,6:15,19.2,26.5,25.1,27.5,66.9,8.5,0,8.8,22.88,97.35,0.1
107978,Akash,INST-3670,10:45,321,34.8,33.2,75.5,88.2,2.4,21.7,6.2,20.82,92.61,0.78
107979,Akash,INST-7162,13:45,788.3,39.9,31.6,22.7,89.3,3,0,15,22.88,92.93,1.55
107980,Akash,INST-3525,11:30,850.4,28.4,22.2,11.9,92.5,12.5,0,4.1,21.22,97.39,1.56
107981,Divya,INST-3051,9:30,709.7,45.2,39.3,2.3,68.4,13,0,29.2,21.36,98.08,1.16
107982,Ravi,INST-6099,10:00,501.7,24.6,19.4,48.2,69.2,8.9,16.4,2.9,18.61,98.55,0.74
107983,Meena,INST-8913,4:30,0,27.4,28.5,61.8,61.9,6.9,16.8,8.4,21.77,98.17,0.17
107984,Ravi,INST-2488,13:15,884.7,44.6,36.4,10.5,22.9,0.5,0,10.7,21.1,95.76,1.65
107985,Meena,INST-3625,17:45,166.4,35.3,34.5,43.1,21.2,6.9,21.1,27.8,17.59,97.41,0.22
107986,Ravi,INST-4137,9:00,564.4,34,29,25.7,62.3,10.4,0,6.5,20.63,94.49,1.03
107987,Akash,INST-8799,15:30,256.7,25.5,24,77.2,35.3,10.3,0.5,24.6,18.6,93.63,0.41
107988,Divya,INST-6507,6:30,0,27.9,27.9,42.5,89.7,4.2,6.5,9,17.09,98.74,0
107989,Divya,INST-2835,13:30,250.2,36.9,33.6,88.6,51.4,1.4,11.5,10.3,22.64,95.41,0.51
107990,Arun,INST-3031,10:45,591.3,34.7,31.2,40,87.5,6.5,0.4,5,17.16,92.36,0.83
107991,Akash,INST-3061,19:15,0,17.8,18.2,50.4,42.9,14.7,21.2,4.5,21.51,94.83,0
107992,Priya,INST-9950,17:15,128.4,37.1,36.4,64.7,46.7,10.7,10.6,12.1,18.72,98.39,0.26
107993,Meena,INST-3071,4:30,0,27.3,29.2,40.9,64.1,14.4,7.4,0.5,18.55,97.24,0
107994,Divya,INST-6190,5:15,0,28.1,26.2,25.7,90,1.6,0,27.4,18.05,92.71,0
107995,John,INST-4056,21:45,0,21.2,19.8,47.1,28.9,9.6,12,18,17.25,96.89,0
107996,Kumar,INST-1404,0:30,0,21.1,20.6,28.3,52.8,5.1,0,15.8,19.4,93.04,0
107997,Divya,INST-7249,1:15,0,37,37.8,94.1,94.5,11.3,10.8,13.6,21.87,92.54,0.14
107998,Divya,INST-7671,22:00,0,36.6,36.8,76.4,40.8,1.3,21.9,24.9,20.06,94.89,0
107999,Priya,INST-4796,8:45,310.1,31.3,30.5,48.5,28.7,9.6,7.8,27.1,21.21,96.67,0.5
108000,Divya,INST-3818,1:30,0,33.6,32.2,70.3,21.8,0.5,9.7,9.4,22.29,94.63,0
108001,Divya,INST-7213,11:30,666.7,30,24.4,38.7,86,2.8,0,23.1,19.99,97.73,0.98
108002,Meena,INST-5236,16:00,262.1,44.1,41.7,57.4,89.3,11.7,8.4,16.5,22.9,93.32,0.44
108003,Ravi,INST-5907,13:30,468.5,45.7,40.7,63.1,21.6,9.1,1.6,5.2,21.76,97.32,0.82
108004,Akash,INST-4007,17:45,113.4,30.3,27.5,64.2,35.4,13.6,7.8,22.7,20.94,96.32,0.34
108005,Akash,INST-1548,2:15,0,23.8,25.1,84.9,84.9,6.7,2.3,2.7,20.74,97.5,0
108006,Ravi,INST-8229,3:45,0,19.4,20.3,66.1,62,13.5,20.6,11.7,22.99,94.25,0
108007,Kumar,INST-3606,19:00,0,41.1,39.7,60.4,54.3,1.9,11.5,6.9,21.69,98.46,0.06
108008,Priya,INST-1690,23:00,0,17.6,19.5,78.5,55.9,1.5,1.7,2.8,20.3,94.18,0
108009,Akash,INST-1765,2:15,0,31.8,33,24.9,44,10,0,9.1,18.03,98.95,0.07
108010,Divya,INST-5143,3:00,0,42,40.5,35.5,92.1,7.8,0,8,17.96,97.02,0.07
108011,Akash,INST-5112,4:00,0,31.5,32.1,87,66.9,9.1,3.4,29.7,20.48,97.73,0.15
108012,Divya,INST-6266,7:30,139.4,24.4,25.2,50,58.3,4.9,19.9,22.1,19.1,97.07,0.3
108013,Meena,INST-8662,2:45,0,36.6,35.6,78.8,27.1,14.6,9.4,2,18.75,94.63,0.03
108014,Priya,INST-6501,23:00,0,18.4,18.1,42.9,75.5,14.2,14,19.2,21.1,94.35,0
108015,Akash,INST-3648,11:30,711,28.1,23.5,30.9,60.6,11.4,0,17.4,22.52,94.76,1.27
108016,Divya,INST-9976,17:00,208.6,35.2,32.1,15.7,83,0.9,0,10.8,22.4,97.67,0.51
108017,Ravi,INST-9574,16:00,283.5,36.8,34.6,49.7,42.3,8.5,13.9,23.9,18.89,95.73,0.3
108018,Divya,INST-7444,17:45,96,41.6,41.1,75.9,24.3,14.1,18.4,20,19.54,93.59,0.02
108019,Akash,INST-7350,10:30,218.7,36.2,36.4,89.2,47.5,2.4,20.9,6.7,18.29,97.41,0.3
108020,Ravi,INST-7284,22:45,0,34.3,34,80.4,52.2,9.4,5,21.3,21.32,92.06,0.16
108021,Divya,INST-2128,4:30,0,28.5,27.1,20.7,56.5,7.5,0,14.3,21.28,95.49,0.18
108022,Kumar,INST-1380,9:30,230.3,42.1,41,81.6,73.1,10,23.9,22.4,18.62,94.31,0.32
108023,Arun,INST-2714,18:00,0,26.4,25.3,86,49.1,1.2,18.8,20.2,22.18,93.82,0.02
108024,Arun,INST-9051,12:00,265.3,30.5,28.9,86.2,67.8,10.3,23,27.8,22.52,95.75,0.62
108025,Ravi,INST-7532,1:00,0,17.9,19.2,46.7,52.4,3.8,6.1,5.7,18.11,97.82,0.16
108026,Divya,INST-1302,23:45,0,39.4,37.8,87,85.8,4.4,16.7,18.6,18.84,95.69,0
108027,Divya,INST-3829,20:45,0,34.1,33.4,45,61.8,13.6,1.3,6.7,17.56,96.55,0.13
108028,Arun,INST-6734,2:00,0,37.9,38.8,58.8,37.5,9.6,19.1,3.9,18.66,95.65,0
108029,Arun,INST-5608,7:00,109.7,31.6,31,73.2,79.9,3.4,3.3,11.6,18.8,93.5,0.35
108030,Kumar,INST-6094,19:15,0,37.4,37.3,85,54.4,10.3,16.9,3.5,17.01,95.24,0.02
108031,Divya,INST-9393,20:00,0,35.3,35.5,66.3,25.6,10.4,24.1,13.5,18.62,96.87,0
108032,Akash,INST-8046,1:00,0,31.3,32.1,58,27.4,11.7,3.9,24.6,20.71,95.87,0.03
108033,Akash,INST-7755,21:30,0,37.8,37,66.5,48.6,0.8,7.5,7.3,18.09,94.41,0.03
108034,John,INST-5803,15:00,244.2,34.6,31.1,76.2,87.1,7.7,0.1,3,18.85,96.87,0.43
108035,Akash,INST-3695,20:15,0,19.6,20.7,39.8,65.1,5.4,0,24.6,21.93,96.83,0
108036,Priya,INST-9469,11:30,751,25.6,18.8,27.3,68.8,8.8,0,4.4,20.35,94.03,1.38
108037,Arun,INST-7396,20:15,0,41.6,39.8,96.5,68.9,12.8,24.3,5.6,18.37,93.99,0
108038,John,INST-8938,20:15,0,28,27.4,49.6,77.2,11,19.4,3.8,20.19,94.44,0.01
108039,Arun,INST-9609,11:15,788.4,34.6,28.8,24.3,41.3,1.1,0,29.9,18.02,97.91,1.13
108040,John,INST-1795,13:00,567.1,33.8,29.2,47.4,59.4,5.9,9,28.1,21.27,97.53,0.91
108041,Meena,INST-5470,0:45,0,24.8,23.7,24,60.1,10.5,0,4.8,22.63,92.74,0.12
108042,Priya,INST-8764,23:15,0,30.4,32.2,93.3,47,13.4,10.1,13.3,22.8,95.98,0.05
108043,Arun,INST-6626,20:45,0,27.4,28.5,92.1,84.5,10.4,15,22.7,17.3,92.13,0.1
108044,Divya,INST-5756,22:00,0,42.1,41.3,51.6,81.3,14.3,10.3,16.1,22.55,95.01,0
108045,Divya,INST-7955,14:45,585.9,38.8,33.1,38.9,49.5,11.2,0,7.3,19.59,93.36,0.93
108046,John,INST-2264,17:15,237.1,39,35.5,2.1,68.4,5.8,0,17.5,21.19,92.8,0.43
108047,John,INST-1892,0:00,0,37.1,37.9,30.1,77.6,9.9,0,16.3,19.97,92.24,0
108048,John,INST-7972,20:30,0,29.9,30.4,99.1,44.6,4.3,3,25.5,18.88,92.46,0.16
108049,Meena,INST-2618,14:15,877.6,32,25.8,0,61.3,10.8,0,29.6,18.49,93.7,1.43
108050,John,INST-7984,19:15,0,32.2,32.5,52.4,31.9,1.8,19.6,0.3,20.2,93.07,0
108051,Meena,INST-1037,10:30,493.2,31.1,27.1,54.3,35.5,7.1,7.4,4.3,19.39,97,0.8
108052,Meena,INST-2362,4:45,0,20.1,20.1,53.3,37.4,1,16.4,18.9,18.76,92.37,0
108053,John,INST-3790,18:45,0.7,39.6,38,81.7,85.8,5.2,9.2,7.4,19.24,93.39,0
108054,Divya,INST-9142,5:15,0,33.9,34.7,33.3,60.3,1.2,0,23.3,21.76,93.88,0.06
108055,Ravi,INST-1436,4:30,0,24.7,24.1,35.6,61.6,10.9,0,28,21.77,96.57,0.11
108056,Ravi,INST-9825,19:30,0,31.9,30.8,92.7,32.7,4.7,24.5,15.6,21.48,96.87,0
108057,Ravi,INST-9238,0:00,0,30.2,30.3,50.2,49.1,5.2,1.1,4.6,20.02,96.28,0.12
108058,Divya,INST-5851,21:00,0,24.1,23.2,42.8,77.6,4.1,24.6,1.7,17.55,95.69,0
108059,Ravi,INST-2726,17:30,79.5,21.1,19.7,87.6,36,10,14.6,2,21.11,95.71,0.12
108060,Arun,INST-9454,15:45,259.3,41.9,40.7,77.1,37.2,9,23.6,25.8,20.86,94.35,0.63
108061,Ravi,INST-5515,4:30,0,36.6,38.2,90.3,93.6,10.2,4,19.8,20.67,92.27,0
108062,Divya,INST-7474,7:45,113,24.1,21.7,65.8,35,3.9,18.7,15.5,22.27,98.16,0.08
108063,Arun,INST-7502,15:00,295.6,35.4,32.9,72.9,62.3,0,0.1,3.5,20.87,97.83,0.51
108064,Kumar,INST-6891,18:00,3.1,32.5,33.5,61.3,59.5,4.9,17.9,13.9,22.32,97.65,0
108065,Ravi,INST-6390,10:15,837.4,45.6,40.5,1.4,91.7,12.2,0,10.5,22.47,97.43,1.81
108066,Kumar,INST-1845,22:30,0,22,22.5,31.3,46.9,4.4,0,28.7,18.82,93.67,0.12
108067,Divya,INST-2831,1:00,0,40.9,40.1,68.4,42.2,8.2,19.9,15.7,17.54,93.09,0
108068,Priya,INST-3167,14:30,402.5,31.1,26.8,65.1,72.1,12.2,6,13.2,22.72,95.38,0.97
108069,Ravi,INST-7535,21:45,0,22.3,22.1,54.4,53.3,9.9,11,21.7,20.59,93.37,0.02
108070,John,INST-6853,18:30,0,28.8,28.2,29.4,76.7,4.4,0,8.7,22.61,97.4,0
108071,Ravi,INST-2460,0:30,0,28.2,28.7,54.5,57.3,9,3.1,17.5,18.26,93.42,0
108072,Kumar,INST-5692,16:30,172.3,30.7,27.3,83.2,67.9,10.4,19.4,15.7,23,95.63,0.28
108073,Kumar,INST-8439,17:30,118.4,31.6,29.6,66,88.2,4,9.2,6.3,17.32,97.92,0.38
108074,Akash,INST-3606,9:15,630.9,25.4,19.6,12.7,50,2.7,0,22.9,17.4,99,1.13
108075,Ravi,INST-6204,15:30,531.5,27,21.1,27.6,46.7,1.2,0,19.5,18.33,96.34,0.84
108076,Kumar,INST-3594,4:45,0,22.2,21,82.5,87,3.6,19,19.3,20.24,98.27,0
108077,Meena,INST-1821,7:00,101.6,32.9,33.6,79.7,90.4,4.8,14.8,23.8,20.39,95.08,0.32
108078,John,INST-1898,4:15,0,32.3,30.4,69.4,80.4,3.7,0.9,28.5,22.75,98.75,0.04
108079,Ravi,INST-3255,14:30,523.2,32.5,29.6,48.5,43.2,3.1,21.5,28.4,20.68,95.04,0.9
108080,Ravi,INST-7673,19:45,0,22.5,23.5,60.2,22,8.8,13.1,13.3,22.76,94.9,0
108081,Divya,INST-3126,5:00,0,40.5,39.3,35.2,92,2.7,0,14.2,18.41,96.28,0
108082,John,INST-3730,3:15,0,38.2,39.5,24.9,68,12.8,0,10.5,20.04,92.14,0.11
108083,Arun,INST-3087,14:00,414.9,39.2,34.7,63,75.6,10.5,7.1,23.5,17.73,92.77,0.68
108084,Kumar,INST-8498,9:15,483.2,30.8,25.9,41,79.3,3.7,23.6,6.4,18.57,96.05,0.95
108085,Ravi,INST-9902,15:30,502.3,29.6,26,36,90.1,7.7,0,4.1,18.94,97.57,1.05
108086,Ravi,INST-5363,10:15,392,27.9,23.9,65.7,85.4,10,5.1,22.7,22.07,93.2,0.78
108087,John,INST-5335,16:45,409.7,23.8,19.6,24.7,63.9,12.1,0,10.6,21.47,98.72,0.7
108088,Arun,INST-7154,10:30,418.3,29.6,24.9,63.1,52.9,0.4,2,8.2,20.37,95.48,0.65
108089,Arun,INST-2753,5:15,0,19.4,20.4,53.6,40.3,6.8,10.5,29.8,20.57,96.14,0
108090,Divya,INST-5159,14:15,741.8,32.9,25.9,15.6,73.3,9.9,0,22.2,20.26,93.29,1.3
108091,Divya,INST-8981,6:30,0,36.1,36,40.4,47.2,6.2,10.7,24.7,21.84,98.1,0.02
108092,Ravi,INST-6416,6:15,0,37.5,36.8,13.3,56.5,13.5,0,28.8,17.05,98.78,0.03
108093,Akash,INST-5248,17:45,53.8,37.2,37.5,89.5,32.4,1.4,5.6,15.3,21.86,92.54,0.13
108094,Arun,INST-9632,15:00,620.7,33.4,27.6,14.2,45.7,7.4,0,18.4,17.58,94.03,0.76
108095,Akash,INST-2083,9:00,180.2,41.3,39.7,88.5,31.9,6.8,7.4,15.5,21.74,96.87,0.3
108096,Arun,INST-7088,7:15,199.8,22.9,22.9,26.5,44.4,7.6,0,11,19.55,94.97,0.47
108097,Priya,INST-8959,4:45,0,28.7,28.6,77.4,57.2,0.5,19.2,25.5,19.73,92.41,0
108098,Kumar,INST-4807,1:45,0,22.6,21.7,77,39.5,9.4,10.4,10.5,19.87,97.54,0
108099,Priya,INST-1380,23:15,0,29.7,31.3,82,80.3,7.9,5.2,17.1,19.65,95.67,0
108100,Ravi,INST-4359,1:15,0,25,23.6,70.2,86.1,7.3,18.2,27.6,17.18,92.12,0
108101,Kumar,INST-9967,20:00,0,32.5,34.2,20.6,56.2,8.4,0,14.7,21.7,96.43,0.01
108102,Ravi,INST-1913,3:30,0,40.2,38.8,32.1,27,3.3,0,1.5,20.4,98.21,0
108103,Divya,INST-5301,10:00,536.7,28.4,24.7,45.5,59.4,13.6,2.2,14.4,18.62,97.48,1.02
108104,John,INST-2317,4:15,0,23.3,24.6,61.1,53.6,14.8,1.2,9.4,21.04,96.37,0
108105,John,INST-3289,4:15,0,40,40.5,53.9,78.7,3.3,7,7.4,17.69,93.72,0.07
108106,Arun,INST-3995,2:00,0,38.1,39.4,82,68.2,10.5,12.6,5.3,22.62,97.54,0.01
108107,Ravi,INST-5574,9:15,301.1,27.7,25.1,65.6,70.1,1.1,14.8,7.9,17.82,98.25,0.41
108108,Arun,INST-8681,10:00,419.3,25.1,20.6,62.5,25.9,8.7,14.6,15.7,20.02,93.92,0.86
108109,Akash,INST-7524,7:45,95.2,21.8,22.2,78.9,46,13.7,7.5,28.9,17.48,95.4,0.2
108110,Divya,INST-7956,6:30,0,28.7,28.7,0.8,67.4,12.7,0,4.9,19.67,94.44,0
108111,Priya,INST-5495,11:15,842.5,27.3,20.1,16.5,60.4,4.4,0,28.2,18.24,92.37,1.4
108112,Akash,INST-8684,16:30,414.4,21,18.9,16,27,12,0,5.9,22.69,98.65,0.88
108113,Ravi,INST-2495,12:30,330.1,40.3,37.2,80.8,63.1,10.9,19.7,11.9,21.63,98.98,0.73
108114,Kumar,INST-5968,7:00,267.2,43,39.4,1.2,38.3,14.7,0,4,17.27,93.03,0.41
108115,Priya,INST-8085,17:15,207.3,35,32.9,31.9,24.9,7.5,0,22.9,21.24,98.57,0.44
108116,Meena,INST-6899,0:30,0,20.8,20.9,52,47.2,12.1,15.6,21.9,22.15,98.84,0.13
108117,Akash,INST-9250,20:15,0,26.9,27,60.3,24.1,5.7,3.6,29.5,22.88,98.3,0
108118,Priya,INST-5056,0:45,0,27.9,27.7,44,94.2,7.1,3.7,8.6,18.61,93.25,0.18
108119,John,INST-9342,12:45,418.6,30.6,28.8,70.2,94.4,8.3,8.8,16.4,20.78,95.3,0.88
108120,Meena,INST-2538,6:15,18.6,42.5,40.6,15.9,66.4,11.2,0,9.8,22.07,96.91,0
108121,Arun,INST-2894,20:00,0,29.5,31,83.1,92.5,5.5,20.1,24.2,21.05,92.29,0.11
108122,Akash,INST-5175,15:00,458.9,43.3,39.9,40.3,57.6,1.7,8.3,12.4,22.22,96.7,0.73
108123,Ravi,INST-5524,19:00,0,18.6,19.5,74,40.4,5.7,13.6,6,19.02,95.83,0.19
108124,Meena,INST-1892,18:15,10.2,25.3,25.3,20.5,21.6,0.7,0,1.3,20.21,95.06,0
108125,Kumar,INST-6400,13:15,602.7,27.9,24,44.1,86.3,11.5,6.2,9.8,21.41,92.4,1.01
108126,Akash,INST-7021,3:00,0,25.7,24,71.3,22.8,5.3,0.7,7.6,18.77,92.22,0
108127,Priya,INST-6166,8:15,304.5,37.6,33.2,48.9,46.3,0.4,7.2,5.5,21.48,92.5,0.42
108128,Akash,INST-7100,4:15,0,34.6,35.1,93.3,21.3,4.4,9.8,19,20.75,94.2,0
108129,John,INST-1342,15:30,500.5,44.3,38.4,34.3,71,12.4,0,14.2,22.13,93.66,1.11
108130,Ravi,INST-1874,6:30,2.7,29.3,30.9,88.1,64.5,8.7,16.1,25.9,19.64,94.47,0.05
108131,Akash,INST-7510,2:30,0,33.6,34.8,76.3,78.8,6.6,4.9,6.1,21.59,93.53,0
108132,Meena,INST-3382,22:30,0,34.1,32.4,92.1,66.6,14.8,1.2,6,17.6,93.82,0.04
108133,John,INST-5689,1:15,0,38.6,38.5,50.6,27.7,2.6,7.4,16.2,19.53,96.46,0.14
108134,Ravi,INST-8656,10:15,666.5,35.1,29.6,28.7,85.4,5,0,9.8,20.92,93.72,1.21
108135,Meena,INST-4385,17:30,211.5,30.5,28.2,24.7,30.4,1.2,0,28.8,18.48,95.9,0.21
108136,John,INST-2990,16:45,481.5,30.9,28.7,6.9,35.1,13.1,0,5.7,20.54,93.21,0.92
108137,Kumar,INST-8721,22:00,0,31.1,29.7,39.8,55,2.6,0,25.1,21.59,95.91,0
108138,Akash,INST-9690,23:00,0,25.2,26.5,59.8,80.6,9.2,10,5.5,19,96.72,0
108139,Akash,INST-9754,20:15,0,27.6,27.2,95.1,77.4,7.5,21.2,23.7,18.36,96.07,0
108140,Arun,INST-1654,11:45,824.2,48.4,41.6,17.3,26.3,0.4,0,24,18.33,97.78,1.14
108141,Kumar,INST-1770,22:30,0,21.9,20.9,48.6,60.9,12.5,18.9,26.1,19.13,93.29,0.15
108142,Meena,INST-4845,18:30,0.3,29.8,31.4,42.4,61.8,6.8,22.2,22.3,20.47,98.13,0
108143,Kumar,INST-8424,13:15,363.8,30.6,26.9,74.4,77.5,6.1,15.3,17.6,19.95,96.87,0.75
108144,Kumar,INST-1997,5:45,0,38.3,36.7,20.6,38.8,13.6,0,21.4,19.24,97.8,0.08
108145,Meena,INST-5296,3:30,0,20.5,20.4,69.1,77.8,6.5,13.2,6.3,18.51,93.84,0.05
108146,Meena,INST-4332,3:15,0,30.7,28.9,65.5,22.3,2.2,6.9,14.8,22.8,96.3,0
108147,John,INST-3637,2:45,0,22.1,22.7,47.8,67.2,3.7,15.3,1,22.04,96.67,0.16
108148,Priya,INST-2724,21:45,0,25.5,27.3,55.8,28.5,9.3,11.7,27.6,21.96,93.13,0.13
108149,John,INST-3163,18:15,19.8,26.1,25.5,7.5,35.5,9.2,0,25.8,17.74,98.37,0.15
108150,John,INST-2127,4:30,0,36.9,35.6,79.6,36.4,10.2,6.1,4.1,18.21,98.12,0
108151,John,INST-4929,1:15,0,26.7,25,91.4,93.5,14.9,12.3,25.4,19.06,97.79,0.11
108152,John,INST-4251,15:00,507.2,36.7,33.2,35.7,85.6,10.7,0,17.8,21.39,92.83,1.04
108153,John,INST-6951,0:00,0,17.4,19.3,51.5,32.6,5.6,8.6,26.2,18.6,94.88,0.15
108154,Arun,INST-8494,15:00,534,45.3,40.2,28.8,30.4,10.5,0,20,21.28,97.78,0.86
108155,John,INST-4979,9:00,252.7,38,37.6,75.8,53.5,11.7,22.6,22.1,17.58,92.21,0.29
108156,Arun,INST-7554,1:15,0,33.7,32.9,94.9,65,13.2,6.5,18,17.86,96.12,0
108157,John,INST-6597,7:15,257.9,27.7,25.8,5.6,82.2,5.9,0,3.5,18.41,96.25,0.3
108158,Arun,INST-9138,15:45,462.5,39,35.6,41.3,20.5,7.8,20.6,20.7,20.15,93.06,0.97
108159,Akash,INST-2681,7:30,175.4,36,35,42,20.6,9.8,0.7,7.1,18.35,94.61,0.31
108160,Ravi,INST-4760,17:30,221.3,38.6,34.8,25.4,33.6,14.3,0,27.3,17.3,94.6,0.22
108161,Meena,INST-8629,10:15,370.9,35.2,30.8,68.3,71.7,7.9,17.6,17.7,19.25,96.44,0.62
108162,Priya,INST-5281,3:30,0,36.3,37,57.2,42.6,14.3,24.4,5.9,22.89,92.96,0
108163,Meena,INST-2874,14:30,258.1,27.6,26.9,82.1,86.6,6.1,20.9,3.1,17.9,92.41,0.35
108164,Arun,INST-1390,10:00,447.9,43.1,40.6,57.7,86.9,12.5,16.4,15.1,20.47,98.33,0.76
108165,Meena,INST-7139,17:30,61.4,22.9,24,84.4,66.8,10.3,20.9,2.7,22.6,94.59,0.3
108166,Akash,INST-4518,0:45,0,28,29.1,46.9,69.4,6.4,22.8,15.1,17.25,95.12,0
108167,Akash,INST-7319,18:15,19.5,36.4,37.7,16.2,59.5,7.5,0,4.3,17.85,95.92,0
108168,Arun,INST-5638,22:30,0,28.6,27,44.2,89.7,10.2,1.3,19.6,22.98,98.67,0.12
108169,Akash,INST-8951,7:30,213.2,39.5,36.2,20.3,89,3.8,0,29.8,21.62,93.36,0.48
108170,Kumar,INST-8290,6:45,19.8,34.9,34.2,52.2,47.7,10.2,6.5,29.3,19.72,96.43,0.14
108171,Ravi,INST-7857,16:45,406.2,30,25.8,25.4,35.5,9.4,0,14.8,18.13,96.03,0.82
108172,John,INST-8227,12:30,891.2,34.5,25.7,14.3,83.8,6.4,0,22,21.3,97.87,1.62
108173,Priya,INST-7035,7:15,117.6,21.8,20.5,56.7,38.7,11.8,18.3,17.3,19.25,95.22,0.11
108174,Arun,INST-6267,21:15,0,28.4,27.6,85.9,33,14.2,0.3,20.1,19.08,96.48,0
108175,Arun,INST-4253,16:30,446.6,41.5,37.6,10.4,65.6,4.7,0,22.6,22.39,97.63,0.84
108176,Akash,INST-3070,16:45,311.1,36.2,33.7,41.6,57.5,14.5,21.6,28.5,17.92,97.09,0.33
108177,Akash,INST-8917,17:45,122.9,29,27.7,67.8,77.3,2.5,1.6,0.3,18.61,97.44,0.14
108178,Priya,INST-5757,7:30,106.1,36.4,34.7,76.6,42,3.2,12,18.3,22.5,96.64,0.34
108179,Arun,INST-2012,20:00,0,32.1,30.1,52.4,33.3,5.7,18.2,23.5,18.95,96.72,0
108180,Arun,INST-5019,0:45,0,29.4,30.4,37.1,75.9,7.9,0,18.8,17.28,92.55,0.01
108181,Meena,INST-3283,17:15,112,28.6,25.8,61.2,33.4,2.3,15.7,9.8,21.73,97.8,0.1
108182,Priya,INST-1595,8:30,192.9,42.2,41.2,71.2,36.5,13.5,6.8,7.8,19.89,97.63,0.42
108183,Ravi,INST-4304,23:30,0,39.7,37.8,42.6,88.2,1,4.4,9.1,22.17,96.04,0
108184,Ravi,INST-2651,15:00,541.1,30.8,26.3,26.1,46.4,7.7,0,11.4,20.2,97.21,0.92
108185,Priya,INST-3325,0:30,0,34.2,32.6,36.2,61.5,12.3,0,17.5,19.84,98.06,0.02
108186,Meena,INST-6901,4:15,0,35.3,33.8,93.5,80.2,9.8,24.8,23.7,22.04,96.46,0.02
108187,Arun,INST-5601,23:15,0,35.5,37.5,67.6,56.5,3.4,22.9,3.1,18.27,97.56,0.1
108188,Kumar,INST-6911,11:15,504.5,29.5,26.7,59,93.4,0.9,11.1,4.4,18.48,97.21,0.8
108189,Akash,INST-9313,23:45,0,17.5,18.9,99.4,32.5,11.4,3.3,4.4,21.23,94.5,0
108190,Meena,INST-7056,20:15,0,28.8,26.9,28.8,54,12.5,0,16.7,18.89,92.01,0
108191,Divya,INST-7568,14:45,476.7,25,19.6,55.5,64.7,3.4,21.6,30,20.1,96.78,0.8
108192,Arun,INST-3628,0:45,0,24.9,24.6,84.5,85.7,11.8,3.7,22.7,17.11,93.69,0
108193,John,INST-9860,8:15,177.1,31.9,32,81.4,63.4,2.3,17.8,4.1,19.89,96.02,0.15
108194,Kumar,INST-5398,15:15,502.7,31.4,27.8,37,94.2,5.9,0,27.7,21.1,92.89,0.97
108195,Ravi,INST-8200,8:00,192.3,27.1,24.7,75.3,51,10.6,10.3,3.6,21.89,93.84,0.41
108196,John,INST-9888,12:30,362.1,32.1,30.2,75.4,39.2,6.6,1.3,4.1,20.49,95.02,0.62
108197,Divya,INST-4871,2:15,0,27,26,71.8,73.4,13.9,23,25.2,17.78,98.37,0.19
108198,Kumar,INST-7908,3:15,0,36.6,38.3,53.2,78.4,12.2,16,26.3,20.46,92.92,0
108199,Kumar,INST-6713,21:45,0,29.8,31.5,95.1,84.6,2.6,18.5,10.9,18.35,97.09,0
108200,John,INST-1431,9:15,634.6,39.4,34.7,11.5,20.7,11.9,0,14.9,20.87,92.75,1.01
108201,John,INST-5084,15:15,643.7,33.1,29.4,12.6,29.8,6.4,0,18.4,20.15,93.65,1.27
108202,Akash,INST-1766,16:30,252.2,25.4,23.3,62.3,24.3,4.6,9.5,21.1,22.6,92.01,0.5
108203,Priya,INST-8720,18:15,0,30.1,29.2,62,31.5,11.8,5.9,18.2,17.72,93.41,0
108204,Priya,INST-2211,4:15,0,33.7,32,70.9,57.6,4.5,15.8,27.8,19.65,97.92,0.12
108205,Meena,INST-4771,15:45,478.3,27.6,22.7,41.5,49.4,4.1,16.4,21.4,18.68,96.75,0.92
108206,Arun,INST-8893,0:00,0,29.9,28.3,70.6,73.6,9.4,10,7.1,19.36,98.23,0.15
108207,Meena,INST-1656,15:30,253.2,39.7,36,78.1,83.1,14.5,9.6,9.5,21.77,93.25,0.37
108208,Meena,INST-8459,1:15,0,33.5,33.8,35.8,88.9,2.5,0,28.8,18.94,96.15,0
108209,Arun,INST-9393,18:30,0,26.1,26.6,69.7,64.8,7.2,3.1,2.1,17.38,94.13,0.01
108210,Ravi,INST-5408,23:15,0,24.8,24.6,52.2,25.8,14.1,2.5,3.2,18.5,95.51,0
108211,John,INST-7275,3:00,0,32.7,30.8,87.3,90.5,9.2,13.8,18.7,20.96,97.77,0.12
108212,Akash,INST-6100,22:00,0,20.6,19.4,34.9,36.2,8.5,0,20.4,17.24,92.32,0.01
108213,Divya,INST-6459,5:15,0,36.1,37.9,38.1,30,12.5,0,2.3,22.6,95.55,0.14
108214,John,INST-7614,21:45,0,23.4,25,75,64.2,9.5,14.4,18.4,20.12,97.24,0.18
108215,Priya,INST-7953,5:45,0,27.5,25.9,29.1,82.9,1.3,0,4.3,21.34,94.45,0
108216,Meena,INST-7138,17:30,161.7,26,23.4,45.9,32,12.1,6.7,11.3,21.22,95.22,0.17
108217,Divya,INST-4447,17:30,220,29,28.5,11,75.8,6.5,0,16.4,21.48,92.17,0.6
108218,Priya,INST-9029,16:30,165.2,43.4,41,75.9,25.7,4.5,19.9,27.2,22.66,94.79,0.24
108219,Meena,INST-1546,23:45,0,26.2,27.3,31.6,59.2,8.7,0,6.1,18.5,96.94,0
108220,John,INST-4462,17:30,95.8,35.8,34.7,78.8,38.6,8.3,24.5,25.4,21.98,93.06,0.06
108221,Akash,INST-6931,13:15,732.4,30.2,23.1,30.6,23.4,0.1,0,15,21.82,96.51,1.58
108222,Ravi,INST-6331,19:00,0,37.2,35.4,34.4,57.9,1.2,0,14.1,17.33,92.92,0.06
108223,Meena,INST-4060,8:30,242.1,38.9,37,66.2,62.6,13.3,14.2,28.5,22.13,93.1,0.38
108224,John,INST-3595,2:30,0,32.6,32.9,26.1,68.9,4.4,0,4.2,22.11,92.99,0.18
108225,John,INST-5596,7:30,278,33.5,32.5,0,78.6,14.2,0,3.1,17.38,92.61,0.46
108226,Akash,INST-9534,0:45,0,21.9,23.2,56.7,64.2,10.2,9.7,21.1,21.93,92.23,0
108227,Ravi,INST-4592,13:30,575.3,38.9,33.3,50.1,60.6,10.2,10.1,4.1,17.25,95.51,0.79
108228,Meena,INST-6727,14:30,368.2,35,31.7,69,51.7,3.8,10.4,5.6,21.33,98.81,0.92
108229,John,INST-9136,16:30,133,29.6,30.3,85,67,13.6,8.5,24.2,20.35,97.35,0.34
108230,Arun,INST-4394,12:45,441.3,22.6,19,66.1,83.7,11.9,2.6,5.9,17.7,94.08,0.78
108231,Divya,INST-7104,6:15,1.5,39.8,39.8,44.4,72,0.2,23.8,5.3,20.63,92.19,0.14
108232,Meena,INST-9648,7:15,223.3,33.2,30.1,10.6,69.1,13,0,26.9,22.77,94.46,0.5
108233,Akash,INST-7120,2:15,0,39.2,40.3,20.7,75,10.1,0,7,22.68,95.63,0
108234,John,INST-6416,16:00,190.5,33.5,32,73.4,43,0.2,7.1,0.7,17.22,94.39,0.4
108235,Priya,INST-1534,20:30,0,37.5,37.2,60.3,72,0.4,19,28.5,17.99,95.2,0.15
108236,Meena,INST-2891,16:30,359.4,43.1,38.9,32.8,21,12,0,1.9,21.17,97.36,0.57
108237,Meena,INST-4031,21:15,0,35.9,36.7,80.9,73.7,2.6,17.9,28.6,22.57,94.51,0
108238,Akash,INST-7009,15:00,585.6,43.4,36.8,19.6,49.2,12.6,0,12.3,22.57,97.67,1.39
108239,Meena,INST-6010,12:15,915.5,37.3,30.6,9.2,41,11.1,0,8.5,17.47,94.72,1.45
108240,Arun,INST-7254,4:00,0,42.8,41.3,57.7,25.8,2.8,23.2,0.1,22.66,97.91,0
108241,Divya,INST-8305,18:00,6.5,37.4,39,25.4,66.3,8,0,1.4,20.83,93.28,0
108242,Priya,INST-1676,17:00,206.8,28.7,26.9,27.6,83.9,15,0,19.4,17.54,98.87,0.42
108243,Divya,INST-9053,22:30,0,21.2,22.9,91.3,46.5,0.6,15,4.4,22.52,97.27,0.1
108244,Priya,INST-2759,12:45,293,22.4,19.9,86.5,31.5,10.8,4.9,26.1,19.56,92.86,0.36
108245,Meena,INST-6940,4:00,0,33.4,33.6,35.2,81.3,14.6,0,9.6,20.99,97.19,0.1
108246,John,INST-2422,17:30,236,34.1,31.1,16.3,74.6,6.3,0,4.3,21.6,92.35,0.35
108247,Priya,INST-4034,19:15,0,19.5,20.1,77.4,83.8,4.6,1.5,9.6,17.53,96.2,0.2
108248,Kumar,INST-2795,19:00,0,34.8,33.7,64.3,93.5,5.3,21.8,21.3,17.53,92.24,0
108249,Akash,INST-5877,23:45,0,33.8,32.8,84.7,30.1,14.8,18.5,14.1,18.04,92.45,0
108250,Akash,INST-2309,13:15,308.6,27.2,24.4,81.2,31.8,0.2,4.4,28.7,21.01,92.35,0.6
108251,Meena,INST-8693,3:45,0,36.9,35.9,85.6,52.9,13.3,12,21.4,20.16,95.2,0.18
108252,Arun,INST-1154,14:00,288.5,37.3,36.6,77.9,24.4,2.5,0.1,24.9,22.46,93.04,0.46
108253,Divya,INST-5556,14:00,701.7,26.2,18.4,22,66.7,12.1,0,18.1,21.1,96.19,1.35
108254,John,INST-8349,6:30,0.4,31.3,30.9,35.4,35.7,11.8,0,5.9,22.44,97.76,0
108255,Meena,INST-5708,8:00,408.7,38.3,35.4,20.7,47.1,2.3,0,12.5,17.6,92.3,0.76
108256,Arun,INST-1104,5:15,0,40.3,38.7,21.9,90.5,11.7,0,15.9,20.03,94.81,0
108257,Kumar,INST-3874,21:30,0,41.4,40.8,43.5,81.1,2.4,12.5,13.3,17.31,97.02,0
108258,Divya,INST-6370,11:30,696.3,48.7,41.6,32.9,56,13.3,0,15.5,17.89,98.22,0.92
108259,Meena,INST-8875,5:00,0,20.2,21.6,38.6,40.4,13.3,0,18,18.68,94.11,0
108260,Kumar,INST-4592,15:45,178.2,39,38.7,88.7,34.9,2.8,0,9.1,18.27,95.83,0.12
108261,John,INST-4531,12:30,883.6,38,30.5,12.2,55.8,0.8,0,17.4,20.86,96.26,1.6
108262,Divya,INST-7371,7:45,231.8,34.9,34.4,17.3,71.2,1.2,0,29,19.33,92.16,0.44
108263,Akash,INST-5149,5:15,0,19.9,21.8,56,33.2,7,22.7,7.7,17.13,95.06,0.05
108264,Arun,INST-1341,0:00,0,30.8,31.6,94.5,35.7,12.4,6.3,13.4,19.91,95.48,0.18
108265,Divya,INST-4324,20:30,0,36.7,38.6,75.3,87.3,3.8,5.3,0.5,20.86,93.75,0.13
108266,Arun,INST-9803,18:00,0,24.3,25.3,77.8,35.3,8.6,15.9,4.9,17.41,96.43,0.01
108267,Kumar,INST-1090,6:45,17.5,38.6,37.9,1.9,49.8,11,0,25.7,18.17,97.36,0
108268,John,INST-3192,5:15,0,40,38.2,25.5,32.5,1.6,0,19.5,18.85,92,0
108269,Priya,INST-4636,20:30,0,29.3,31.1,53.4,81.7,13.8,23.8,19.1,20.77,97.99,0.09
108270,Meena,INST-4412,17:15,93.7,22.1,19.3,78.3,53.5,8.8,18.2,20.6,22.67,93.18,0.14
108271,Divya,INST-4441,6:15,2.8,23.9,23.7,39.2,28.3,7.8,0,21.4,21.09,92.05,0
108272,Priya,INST-1852,0:15,0,23.8,24.4,24.3,78.9,4.1,0,15.3,17.85,94.37,0.16
108273,John,INST-8877,0:15,0,28.3,27.2,96.8,51.9,11.1,18.9,9.2,18.47,96.95,0.13
108274,Ravi,INST-2202,21:45,0,37.1,35.7,54.8,45.5,12.7,14.7,14.7,19.52,95.31,0.11
108275,John,INST-6292,15:00,654.4,40.5,35.3,6.5,92.7,7.7,0,13.6,17.24,96.12,1.13
108276,Priya,INST-9332,11:00,792.6,48.4,40.1,21,20.3,1,0,14.4,19.2,92.03,1.14
108277,Ravi,INST-6288,14:15,807.2,38.1,33.2,6.2,25.2,11.4,0,29.2,20.84,95.82,1.57
108278,Divya,INST-2396,4:00,0,36.3,37.1,67.8,43.3,10.3,18.2,21.5,19.79,92.98,0
108279,Meena,INST-7775,4:00,0,37.7,38.8,97.8,58.4,11.3,2.3,6.7,19.98,95.55,0
108280,Akash,INST-6589,21:30,0,29.5,28.3,70.6,39.3,3.4,21.8,21.6,18.63,93.76,0.13
108281,Priya,INST-6846,13:45,787.5,32.7,25,22.4,55.5,3.5,0,5.3,18.38,92.99,1.19
108282,Arun,INST-5440,17:30,231.9,42.2,40.7,11.1,30.5,10.4,0,20.7,19.4,98.62,0.53
108283,Arun,INST-5184,7:15,266.1,42.5,39.4,5.2,30,13.6,0,5.8,18.43,95.57,0.43
108284,Arun,INST-3055,16:30,271.3,25,22.3,51.5,49.4,11.7,6.4,7.8,19.39,92.27,0.28
108285,Meena,INST-9297,19:45,0,18.4,18.2,45,83.2,7.1,0.8,13.2,20.69,92.81,0
108286,Ravi,INST-7962,22:15,0,38.4,38.9,99.4,28.9,6.7,20.1,2.2,19.26,93.57,0.11
108287,Divya,INST-4563,9:15,649.4,28.1,23.7,11.7,74.2,11.8,0,5.9,22.03,95.59,1.26
108288,Akash,INST-8814,21:30,0,21.9,22.9,78.3,89,0.3,14.8,25.8,19.37,96.8,0
108289,Akash,INST-7410,18:45,8.7,21.4,20.2,12.8,71.2,4.8,0,2.9,19.83,94.13,0
108290,John,INST-8347,12:30,377.3,21.2,19.8,72.5,35.9,0.7,3.8,19.9,18.53,97.02,0.44
108291,Kumar,INST-6099,7:00,236.8,35.7,35.3,7.4,86.4,8.2,0,0.3,21.67,96.45,0.44
108292,Priya,INST-1864,15:00,639.9,37.1,30.7,13.9,76.3,13.9,0,5.8,19.63,94.39,1.02
108293,Priya,INST-2791,21:00,0,39.5,39.4,20.1,21.5,9.6,0,23.2,20.61,98.81,0
108294,Arun,INST-5063,20:00,0,17.4,19,40,88.8,2.2,0,5.4,20.7,93.82,0
108295,Priya,INST-9251,11:45,298.5,27.7,23.4,85.2,80.2,14.6,17.9,18,17.72,97.78,0.55
108296,Ravi,INST-5976,4:15,0,31,30.8,47.2,77.6,0.7,3,19.6,17.61,97.58,0.09
108297,Ravi,INST-2383,13:45,335.9,40.5,38.4,78,72.1,3.9,24.8,10.8,17.65,94.32,0.61
108298,Divya,INST-4045,7:45,100.9,35.3,35.4,78.6,45.6,3.4,14.3,20.4,21.11,93.64,0.32
108299,Kumar,INST-7540,16:00,390.5,41.6,40,24.1,51.9,3.1,0,24.6,20.08,92.15,0.51
108300,Meena,INST-8447,11:45,702.7,30.7,23.3,32.4,41.3,6.1,0,20,21.57,93.57,1.13
108301,Akash,INST-8975,8:30,379.3,23.1,21.5,27.6,94,10,0,29.6,17.06,98.77,0.59
108302,Meena,INST-5941,7:00,236.7,31.8,31.6,10.5,56.7,14.8,0,29.2,19.57,98.95,0.46
108303,John,INST-6871,12:00,853.8,26.3,20.3,19.5,50.3,2.6,0,5.3,18.07,97.09,1.37
108304,Meena,INST-7320,9:45,276.2,25.8,23,74.2,93.2,13.8,15.6,19.9,18.21,97.72,0.57
108305,Priya,INST-1499,23:15,0,20.4,19.5,78.9,42.6,14.9,2.5,16.2,19.17,98.93,0.12
108306,Kumar,INST-6966,22:15,0,35.7,36.5,24.6,88.5,11.4,0,6.7,17.19,94.16,0
108307,Ravi,INST-9132,11:30,587.2,31.2,25.8,45.6,66.8,10.3,13.1,12.8,21.25,94.08,1.21
108308,Meena,INST-8606,11:30,894.3,39.7,32.5,8.8,74.4,13.5,0,5.8,17.26,92.22,1.36
108309,Divya,INST-5668,16:00,420.4,38.8,33.3,15.4,61.9,13.6,0,23.9,19.09,92.11,0.74
108310,Arun,INST-3338,15:30,256.8,37.3,36.6,73.9,87.9,4.4,16,29.9,18.6,93.52,0.21
108311,Divya,INST-6167,9:15,209,33.9,33.8,84.5,83.4,0.9,2.6,22.7,19.8,92.4,0.16
108312,Ravi,INST-9605,17:45,207,36.1,35.1,25.8,88.9,12.9,0,8,22.85,98.9,0.44
108313,Priya,INST-7435,9:45,639.2,25.2,20.5,8.5,41.4,1.2,0,16.7,18.88,94.02,1.08
108314,Priya,INST-5275,5:00,0,29.5,28.2,87.4,38,4.1,20.1,8.9,20.19,94.37,0
108315,Meena,INST-7285,13:00,673.2,39.6,33.8,38.1,52.1,1,0,15.1,18.6,98.35,1.23
108316,Ravi,INST-8059,1:30,0,19.3,21.1,30.9,49.9,8,0,29.8,17.65,93.27,0.07
108317,John,INST-8133,17:30,191.6,39.3,36.4,39.6,70.1,12.4,0,16.1,17.61,93.36,0.18
108318,Kumar,INST-7800,21:00,0,23.9,22.2,79.8,28.5,9.2,20.7,3.9,17.08,95.48,0
108319,Divya,INST-9538,17:45,238.4,21,20.8,17.8,86.4,2.1,0,1.2,20.85,96.04,0.59
108320,Akash,INST-8321,19:00,0,41.8,40.7,33,45.1,12.2,0,28.6,21.53,97.79,0
108321,Divya,INST-1551,11:15,540.6,34.9,28.8,53.1,57.4,1.8,16,19.5,17.7,96.92,0.96
108322,John,INST-8163,22:15,0,19.8,20.7,24.4,44.1,3.6,0,13.3,21.25,95.65,0.05
108323,Akash,INST-5526,12:15,742.7,32,25,32.9,68.2,7.5,0,20.4,17.14,93.55,1.11
108324,Priya,INST-1036,1:30,0,29.3,28.2,73.5,92.8,5.1,0.4,18.9,22.42,95.28,0
108325,Akash,INST-7436,12:30,577.4,42.9,38.3,50,34.1,9.4,2.7,28.3,19.74,97.64,1.13
108326,John,INST-6591,21:45,0,23.1,22.4,75,47.6,8.9,1,2.7,20.33,94.87,0
108327,Arun,INST-1110,14:15,816.4,33.4,26.7,7.4,42.6,4.9,0,17.2,17.08,93,1.09
108328,Kumar,INST-1053,5:15,0,22.2,23.2,90.9,77.2,11.6,3.5,23.7,21.12,96.43,0
108329,Arun,INST-5576,23:30,0,40.2,41.5,45.8,54.8,4.1,15.9,2.9,21.8,92.77,0.15
108330,Priya,INST-4800,22:45,0,18.8,19.9,52,69.6,0,1,23.2,21.89,93.8,0.09
108331,John,INST-2932,9:30,524.6,36.2,31,28.1,42.7,6.6,0,8.1,22.85,92.75,1.03
108332,John,INST-9206,11:45,944.9,46.4,38.5,4.7,56.2,8.9,0,23.6,19.98,92.38,1.33
108333,John,INST-5878,18:00,17.4,28.9,27,86.8,60.9,5.1,1.3,5.4,21.16,94.72,0
108334,Akash,INST-7529,21:15,0,38.7,37.8,97.5,42,7.6,18.4,27.3,18.26,95.99,0.15
108335,John,INST-6890,4:15,0,26.5,27.4,48.3,46.4,9.9,18,21.3,21.23,96.87,0
108336,John,INST-4902,21:45,0,22.7,22.6,68.6,30.9,11.4,23.9,14.9,19.33,96.11,0
108337,Arun,INST-3101,11:45,409.3,43.7,41.9,68.9,64.9,6,6.9,4.1,19.7,96.39,0.68
108338,Divya,INST-5550,18:45,15.3,35.6,35.8,86.1,92.5,1.4,13.6,6.4,21.77,96.74,0.13
108339,Divya,INST-9578,15:30,543.9,40,35.3,30,20.2,1.4,0,8.3,17.4,98.41,0.73
108340,John,INST-9762,9:30,587.7,35.3,32,23.1,63.6,10.3,0,26.4,18.49,97.09,0.76
108341,Priya,INST-5477,13:30,671.2,32.5,27.1,37.9,54.3,11.3,0,17.7,21.61,95.21,1.2
108342,Ravi,INST-2053,17:00,248.5,28,26.1,13.6,51.5,7.9,0,20.3,19.07,97.2,0.37
108343,Priya,INST-1590,23:15,0,43.9,41.9,55.8,57.9,12.5,23.7,5.1,21.33,92.83,0
108344,John,INST-4633,8:30,338.1,41.4,37.5,40.5,87,3.4,16.6,26.4,20.31,97.1,0.46
108345,Ravi,INST-3469,10:30,699.5,38.2,33,22.8,22.9,10,0,28.1,20.96,98.82,1.44
108346,Priya,INST-9765,5:00,0,24.4,23,74.8,38.7,4.7,6.6,1,22.63,98.35,0.18
108347,Kumar,INST-6732,5:45,0,31.3,32.7,75.3,81.5,8.5,9,6.9,18.66,97.13,0
108348,Priya,INST-8089,7:00,164.4,38,36.4,52.6,60.7,7.6,4.9,4.1,19,93.89,0.14
108349,Priya,INST-1156,16:00,204.6,43.8,40.5,67.5,36.9,7.9,18.4,5.4,17.58,95.96,0.2
108350,Priya,INST-4249,0:45,0,19.1,19.9,71.2,81.4,5.5,7.2,1.1,22.22,98.29,0
108351,John,INST-9719,14:00,315.9,40.9,38,78.7,84.2,9.4,1.5,11.3,20.73,97.61,0.48
108352,Akash,INST-9875,0:00,0,42.5,40.8,60.1,47.5,2.2,1.8,2.5,18.4,97.73,0
108353,Priya,INST-6910,8:15,499.5,39,35.7,1.3,21.1,11.5,0,2.2,22.92,94.54,0.89
108354,Priya,INST-4499,2:15,0,34.9,35.6,96.8,26.2,0.6,7.2,18.5,21.9,97.65,0
108355,Priya,INST-3307,2:15,0,27,27,25.4,65.2,13.5,0,17.4,21.53,97.64,0.04
108356,Akash,INST-9313,0:15,0,21.2,21.8,93.2,49.3,7.8,15.1,21.9,21.89,98.46,0
108357,John,INST-4015,7:45,155.6,32.7,32.3,41.6,26.9,3.4,9.4,5.8,18.68,94.19,0.37
108358,Arun,INST-8545,7:00,189.9,38.6,35.2,32.8,72.7,11.9,0,2.6,17.35,94.26,0.2
108359,Akash,INST-7053,12:45,641,43.3,38.1,41.1,41.6,7.2,5.5,11.7,19.05,95.26,0.95
108360,John,INST-5472,18:30,5.7,31.4,32.8,0.4,89.1,2,0,19.2,17.47,94.76,0
108361,Priya,INST-2026,7:45,191.5,27.3,23.9,35.4,21.8,10.8,0,7.9,22.74,92.24,0.32
108362,Priya,INST-1354,17:15,175.3,30.7,27.3,46.5,60.8,11.2,20.7,16.2,22.8,94.46,0.42
108363,Divya,INST-2600,15:45,241,36.2,32.4,80,26.5,6.5,6.1,24.6,20.48,96.91,0.52
108364,Arun,INST-7195,18:30,11.1,20.9,21.6,31.2,47.8,7.2,0,29.3,20.6,97.61,0
108365,Ravi,INST-9746,7:30,186.1,34.1,31,25,66.4,10.1,0,7.3,21.16,96.72,0.54
108366,Meena,INST-6270,12:00,769.7,42.6,37.3,26,37.9,0.8,0,23.6,21.86,94.78,1.41
108367,Kumar,INST-4494,19:15,0,34.8,34.1,46,81.6,5.1,0.2,0.6,21.9,93.34,0
108368,Arun,INST-8951,7:30,146,27.8,25.8,53.1,25.6,10.3,9.9,7.8,17.25,98.54,0.09
108369,Meena,INST-1437,7:15,190.8,26.4,23.2,24.3,94.5,5.4,0,3.6,19.19,97.65,0.35
108370,Kumar,INST-5250,10:15,228.2,40.9,37.6,86.4,28,6.1,5,14.5,17.51,96.68,0.49
108371,John,INST-9401,15:45,241.3,25.7,24.5,78.4,71.1,6.9,21.2,24,21.09,97.47,0.41
108372,Meena,INST-7246,15:15,320,32.3,28.4,66.3,23.3,12.3,5.2,23.9,21.02,98.51,0.48
108373,Divya,INST-4339,15:00,531.3,46.7,41.3,27.8,62.2,0.9,0,2.1,20.41,96.95,1.03
108374,John,INST-5664,9:45,581.8,33.6,27.6,22.6,87.6,3.4,0,4.4,19.21,98.85,1
108375,Akash,INST-2914,9:00,556.7,34.2,28,24.8,86.3,5.1,0,3.3,22.87,92.83,1.11
108376,Akash,INST-2968,1:15,0,38.4,37.1,79,88.2,12.7,11.8,11.8,17.81,98.85,0.03
108377,Meena,INST-6639,6:15,5.4,39.2,39.1,70.8,26.1,7.4,1.6,28.9,18.47,97.44,0
108378,Meena,INST-7406,8:15,154.3,36.4,35.6,85.5,35.4,13.1,1.1,14.4,21.97,96.21,0.44
108379,Kumar,INST-6556,20:00,0,25.6,26.4,28.1,52.2,8.9,0,24.5,22.18,98.64,0.11
108380,Divya,INST-7803,20:45,0,23.9,24.6,45.5,43.8,2.1,13,15.1,17.59,94.47,0
108381,John,INST-4751,2:15,0,17.4,19.1,90.2,28.7,4.6,21.4,22.5,18.31,94.17,0.07
108382,John,INST-8732,4:30,0,39.3,41.2,32,26.4,7,0,2.4,19.07,96.16,0.02
108383,Akash,INST-9303,13:00,784.5,32.3,25.3,23.1,84.4,14.6,0,1.4,18.52,93.42,1.45
108384,John,INST-6037,2:00,0,22.3,22.8,72.3,79.9,14.9,3.2,29.7,19.25,96.11,0
108385,Akash,INST-2350,12:30,548.1,34.8,29.6,55.7,66,11.2,5,16.9,19.25,94.94,0.77
108386,Ravi,INST-3576,5:45,0,18.7,18.8,98.2,92.7,14.9,5.4,2.3,18.93,98.11,0.12
108387,Kumar,INST-5993,8:15,166.4,20.6,19,79.4,58.5,2.5,21.6,16.8,22.13,98.21,0.14
108388,Divya,INST-6205,0:30,0,29.7,29,20.3,87.3,12.5,0,16,19.32,92.86,0
108389,Divya,INST-2759,11:15,451.4,45.7,40.3,63.6,71.2,0.4,18.2,0.9,18.42,93.42,0.79
108390,Divya,INST-9770,21:00,0,35.9,34.4,91.2,78.3,2.7,20.9,29.4,20.65,92.74,0
108391,Kumar,INST-9950,22:30,0,35.5,34.2,62.8,52.8,7.8,4,26.5,19.97,92.37,0.07
108392,Priya,INST-7310,3:00,0,34.2,33.1,52.8,26.8,5,10.6,22.6,21.5,92.28,0
108393,Meena,INST-9371,22:00,0,41.6,39.8,90.3,40.6,3.3,8.2,23.3,22.36,92.48,0
108394,Divya,INST-2690,9:00,571.8,23.6,19.4,22.5,33.1,6.6,0,27.8,18.03,97.5,0.95
108395,Priya,INST-1022,6:00,0,32.1,31.8,69.7,84.1,7.8,8.6,12.3,21.59,92.43,0
108396,Arun,INST-3660,11:15,701.3,46.8,39.1,34.4,27.3,4.4,0,17.5,17.42,96.99,0.95
108397,Ravi,INST-6381,11:45,272,21.3,20.2,86.5,36,5.6,2.7,12.6,22.36,96.86,0.55
108398,Kumar,INST-3472,6:30,0,21.8,22.7,6.8,94.4,8.4,0,20.9,19.66,98.66,0
108399,John,INST-1540,23:15,0,30.2,30.9,76.2,59.4,7.8,15.6,21.4,21.38,94.05,0
108400,Kumar,INST-8957,11:00,417.2,30.6,25.6,69.8,55.4,9.4,6.7,3.4,19.99,95.75,0.83
108401,Meena,INST-9984,15:00,561.1,26.2,20.8,23.4,43.2,8.2,0,5.7,22.4,94,1.09
108402,Priya,INST-2519,18:30,18,32.1,33.9,18.9,25.8,0.6,0,15.9,17.94,95.14,0.21
108403,John,INST-5678,8:15,484.1,41.3,38.5,5.7,43.4,13.5,0,6.7,19.08,98.55,0.8
108404,Akash,INST-4337,0:30,0,35.1,33.5,46,83.6,2.9,14.9,12.3,20.6,96.51,0
108405,Priya,INST-6594,18:00,0,23.6,24.2,32.8,94.3,7.6,0,14.3,20.13,94.66,0
108406,Meena,INST-2615,4:15,0,27.1,25.5,83.6,40,7.2,17,1.6,18.44,98.63,0
108407,Kumar,INST-9489,23:00,0,37.7,36.6,63.2,70.3,9.1,23.4,0.8,20.11,96.13,0.19
108408,Kumar,INST-2194,8:15,359.5,21.7,19.3,36.1,83.9,10.5,0,21.7,22.16,96.54,0.56
108409,Meena,INST-3057,16:45,338.2,40.1,35.6,37.4,36.1,5.2,0,13.6,21.84,97.42,0.74
108410,Kumar,INST-1507,8:30,366.7,44.4,41.9,35.5,38.5,1.4,0,17.5,17.9,93.15,0.51
108411,Kumar,INST-3278,1:00,0,25.3,23.9,30.6,90.8,9.1,0,9.8,20.3,96.13,0.19
108412,Ravi,INST-5600,11:00,881.3,29.1,20.9,12.3,26.6,6.9,0,17.8,20,96.63,1.5
108413,Meena,INST-1231,14:00,367.8,45.2,41.3,69.6,66.9,1,6.2,1.4,21.97,92.06,0.63
108414,Akash,INST-5020,13:00,955.9,32.4,23.4,2.8,25.6,14.4,0,13.1,18.99,94.5,1.49
108415,Akash,INST-4722,20:15,0,37.6,38.7,79.7,73.8,7.4,2.5,16.5,19.58,93.13,0.09
108416,Divya,INST-1541,11:00,515.8,41.1,37.2,54.4,35.3,3.1,8.7,17.8,22.38,96.77,1.06
108417,Akash,INST-5653,4:00,0,25.7,26.9,63.1,48.8,11.7,19.7,28.4,18.89,96.14,0
108418,Kumar,INST-2335,12:00,593,45.6,39.8,47.6,56.1,9,5.4,1.3,18.36,98.35,1
108419,Ravi,INST-4568,16:15,394.3,46.8,41.9,25.1,85.5,8.3,0,0.2,17.92,95.81,0.48
108420,Akash,INST-9871,21:15,0,31.4,31.6,38.4,57.5,5.5,0,14,19.94,93.01,0.19
108421,Priya,INST-6498,12:45,424.2,30.2,27.7,70.7,65.3,0.3,20.7,14.3,21.7,98.21,0.79
108422,Kumar,INST-1857,23:15,0,24.7,25,51.1,26.6,1.8,0.6,4.2,22.51,95.12,0.18
108423,John,INST-9528,9:45,290.3,42.1,39.2,73.8,68,9.5,16.6,9.5,18.09,93.49,0.36
108424,Meena,INST-3669,10:00,828,42.2,33.9,7.2,43.5,14.1,0,9.8,18.44,96.13,1.34
108425,Arun,INST-5910,9:30,479.2,25.3,19.7,35.4,60.7,11.1,0,9.9,20.3,92.44,0.83
108426,Priya,INST-2974,6:00,1.1,20.2,19.3,56,76,7,11.3,4,18.26,97.17,0.08
108427,Kumar,INST-6281,14:15,345.4,41.9,37.2,70.4,78.5,10.8,20.8,9.6,19.17,97.42,0.43
108428,Ravi,INST-1878,8:00,262.2,27.7,24.8,58.5,93.3,14.8,2.6,17.1,17.28,92.85,0.5
108429,Kumar,INST-6859,3:30,0,30.4,30.9,34.2,24.7,2.9,0,3.4,20.36,96.45,0
108430,Arun,INST-9042,20:45,0,38.3,36.8,24.9,32.8,0.6,0,21.9,19.1,95.98,0.03
108431,Arun,INST-6105,4:30,0,33.2,33.6,94.1,59.8,2.3,14,18.8,21.37,95.14,0
108432,Akash,INST-8112,20:00,0,40.2,41.9,44.1,53.6,4.7,20.1,9,22.03,97.59,0
108433,Priya,INST-2450,22:30,0,33.4,32.5,62,83.3,2,7.9,4.8,20.88,93.91,0.19
108434,Meena,INST-9914,8:30,462.4,28.9,25.1,13.3,57,2,0,24.8,18.21,93.06,0.88
108435,Priya,INST-8840,0:00,0,24.9,23.6,76.1,84.6,12,17.8,26.3,21.47,95.28,0
108436,Priya,INST-5283,17:00,97.2,19.9,18.9,70.5,82.5,11.4,14.3,17.6,18.81,94.58,0.23
108437,Divya,INST-6715,17:15,103.1,24.2,23.1,77.6,43.8,12.8,2.4,30,19.82,96.18,0
108438,John,INST-4098,3:30,0,24.5,25.3,47,72.5,13.5,0.9,13.8,17.86,95.23,0.19
108439,Kumar,INST-9704,17:30,124.8,21.8,21.9,54.8,53.8,2.9,11.5,20.3,18.47,95.12,0.34
108440,Kumar,INST-5225,14:15,549.4,26.3,22.3,43.7,50.9,11.3,13.4,0.6,19.55,94.84,1.06
108441,Priya,INST-9977,0:30,0,25.5,26.6,45.8,91.2,4,0.9,19,19.39,96.51,0.02
108442,Kumar,INST-5671,3:15,0,33.2,34.3,71.8,39.4,10,19.5,3.5,17.27,95.89,0
108443,John,INST-2407,16:15,372,28.8,26.3,28.7,49.8,1,0,21.3,18.73,97.85,0.5
108444,John,INST-6117,16:30,311,33.5,30.7,47.9,35.3,0.9,11.3,5.2,17.45,92.88,0.39
108445,Arun,INST-4271,21:45,0,37.8,39.3,25.4,60.7,11.7,0,27.4,21.64,97.85,0.2
108446,Priya,INST-7217,6:00,0,28,29.1,52.6,63.3,5,18.7,22,18.61,92.57,0.06
108447,Ravi,INST-2564,13:00,666.7,35.1,30,37.2,72.7,13.7,0,14.2,18.42,92.51,1.25
108448,John,INST-6247,13:30,643.3,40.1,33.4,40.7,75.7,14.3,6.2,4.6,20.02,96.48,1.02
108449,Kumar,INST-3517,9:30,356.6,25.8,22.1,59.7,57.9,12,13.3,9.8,20.97,94.49,0.76
108450,Priya,INST-6400,1:00,0,37,35.8,91.8,35.1,13.4,11.8,17.8,20.21,94.5,0
108451,Priya,INST-9003,5:15,0,40.1,40.7,100,60.3,11.5,4.6,27.7,20.21,97.56,0
108452,Priya,INST-8016,23:00,0,25.4,25.2,59.5,62.4,0.6,4.4,16.2,17.07,94.83,0.15
108453,Arun,INST-7892,10:30,338.8,24.2,21,74.6,87.2,1.5,10.9,18.7,21.86,94.04,0.64
108454,Meena,INST-9605,22:45,0,31.7,32.4,63.7,86.9,10.6,9.6,23.1,22.99,92.29,0.14
108455,Divya,INST-3238,9:45,354.5,26.6,25.4,60.3,80.5,4.3,4.6,17.4,22.71,95.74,0.85
108456,Arun,INST-3967,1:00,0,19.9,19.4,35.1,64.8,6.8,0,28.9,20.76,95.04,0
108457,Arun,INST-7996,10:45,759.5,28.4,21.9,13.6,89.9,7.5,0,17.4,21.28,93.39,1.22
108458,Divya,INST-8555,18:00,4,20.4,20.1,51.5,50.4,10.3,10.1,10.5,19.62,92.87,0.01
108459,Divya,INST-1477,11:45,881.3,34.9,29.2,8.3,85.3,2.8,0,9.2,19.91,97.31,1.75
108460,Kumar,INST-6161,22:30,0,34.4,33,96.5,74.4,9.2,1.4,3.3,22.92,98.44,0
108461,Kumar,INST-5919,21:45,0,26,27.4,71.1,76.7,9.8,11.7,9.4,20.35,98.01,0
108462,Akash,INST-7242,2:45,0,35.1,35.5,62.9,84.3,3,23.2,0.7,22.05,93.85,0
108463,Kumar,INST-4304,12:45,246.2,31,29,89.8,45.7,3.4,18.3,5.2,20.81,92.31,0.61
108464,Divya,INST-4318,0:30,0,20.9,19.8,34.8,61.1,12.2,0,20.5,22.47,97.06,0.12
108465,Divya,INST-6544,12:15,387.9,30.4,28.1,72.4,39.1,4.7,3.3,21.1,22.6,97.41,0.67
108466,Meena,INST-8449,8:30,258.2,37.9,34.1,53.3,50,4.4,16.9,15.9,19.18,96.9,0.49
108467,Ravi,INST-4777,23:45,0,27.1,26.5,97.4,29.4,1.3,6.9,21.2,17.26,93.97,0.14
108468,Akash,INST-3991,8:15,278,32.2,29.9,55.1,67.9,7.1,18.1,5.6,17.74,95.25,0.52
108469,Kumar,INST-4690,12:00,758.9,30.7,23.3,28.7,54.3,7.5,0,16.7,22.49,97.59,1.63
108470,Ravi,INST-2697,17:15,181.3,32.6,30.7,28.3,44.5,1,0,3.2,22.23,96.12,0.55
108471,Ravi,INST-7670,14:15,578.2,44.2,39.9,40.5,47.9,5.9,12.3,13.3,19.96,96.19,1.06
108472,Arun,INST-1920,23:15,0,30.3,29,23.6,76.7,5.2,0,26.5,22.35,93.97,0.02
108473,John,INST-8954,21:45,0,20.8,22.8,63,33.5,14.3,8.6,0.3,20.86,97.39,0.07
108474,Arun,INST-1013,2:00,0,36.1,36.5,41.3,54.5,8.9,14.5,22.6,19.25,96.89,0
108475,Meena,INST-6012,3:45,0,27.6,27.5,94.3,26.6,3.3,11.9,16.9,20.21,92.62,0
108476,Ravi,INST-5646,15:45,347.8,23.3,22.2,59.4,53.6,2.2,11.3,15.8,17.23,92.82,0.5
108477,Akash,INST-6286,16:45,212.9,22.3,21.1,65.6,68.7,13.8,11,28.9,22.75,98.04,0.52
108478,Ravi,INST-6209,18:45,15.3,19.6,18.9,11.2,78.6,8.8,0,13.3,21.22,94.95,0.09
108479,Divya,INST-4789,13:30,642.1,38,32.9,42.7,24.2,7.3,8.1,6.5,20.16,93.51,1.09
108480,Divya,INST-9971,6:00,0,40,40.8,56.9,24.3,12.1,15.2,22.4,19.67,97,0.08
108481,Ravi,INST-2462,23:15,0,37.1,37.2,66.5,48.6,5.8,8,25.5,18.43,94.51,0
108482,John,INST-4056,23:30,0,34.5,34.8,57.4,32,5.8,0.4,26.3,21.33,93.59,0.16
108483,Divya,INST-9147,22:30,0,33.5,32.3,56,81.5,6.4,10.8,29.9,18.67,98.04,0.05
108484,Akash,INST-5392,23:45,0,36.4,35.6,53.8,87.9,10.7,13,10.4,17.59,95.05,0.08
108485,Priya,INST-9208,15:15,349.3,31.4,30.4,58.1,56.6,12.1,19,8.1,22.17,94.94,0.57
108486,Akash,INST-8372,22:15,0,25.8,27.7,33.4,40.5,7.8,0,16,20.34,95.86,0
108487,Arun,INST-5889,23:00,0,21.9,22.7,34.3,39.4,4,0,10.5,19.12,92.59,0.08
108488,Ravi,INST-9578,21:15,0,39.6,37.6,83.1,68.9,14.2,11.2,4.9,20.35,92.54,0.16
108489,Kumar,INST-6302,0:15,0,38.2,36.3,40.7,54.7,3.3,7.5,17.4,22.31,95.78,0
108490,Arun,INST-9775,1:30,0,31,32.5,41.1,91.3,10.3,3.8,20.4,17.75,93.88,0.01
108491,Priya,INST-1783,1:30,0,39.6,41,39,71.5,14.2,0,6.4,20.02,98.92,0.18
108492,Akash,INST-9587,18:30,19.3,20.8,19.9,73.4,42.4,12.7,14.2,29.9,18.28,94.89,0
108493,Ravi,INST-9395,2:00,0,41.3,42,80.9,47.5,13.7,3.9,8.3,22.11,96.41,0
108494,Arun,INST-7009,12:15,702,39.7,33.9,38.1,26.7,7.8,0,0.7,20.05,98.13,1.5
108495,Kumar,INST-1129,9:15,510.8,23.7,20,30.9,49.6,5.4,0,27.3,19.39,94.38,0.95
108496,Kumar,INST-8671,16:15,185.5,35.8,35.8,74.6,41.2,11.8,19.1,29.5,19.75,93.2,0.44
108497,Arun,INST-7927,19:30,0,19.6,20.2,90.2,86.1,0.7,16.9,22.7,19.89,98.66,0.19
108498,Ravi,INST-9535,6:00,0,18.4,20,45.2,75.6,13.1,7.2,23,17.75,92.74,0.17
108499,John,INST-3936,21:00,0,26.3,26,55.4,67.6,2,16.1,22.6,20.79,92.72,0
108500,John,INST-2075,13:15,934.6,47.7,39,3.5,46.4,11.5,0,2.9,21.2,98.17,1.73
108501,Priya,INST-8305,19:30,0,22.3,20.6,32.3,81.6,1.6,0,24.9,21.51,95.03,0.16
108502,John,INST-1682,5:00,0,31.8,32.7,92.8,56.1,10,15.6,11.8,17.75,94.41,0.2
108503,Ravi,INST-9202,0:30,0,30.1,28.6,26.2,41,11.5,0,21,22.53,93.31,0.06
108504,Priya,INST-5204,22:15,0,21.2,23.1,33.6,55.9,13.6,0,3.9,20.33,92.46,0.1
108505,Meena,INST-4238,0:45,0,37.2,36.2,74.5,61,11.2,1.4,0.7,17.6,97.74,0
108506,Priya,INST-1099,6:45,2.4,25.7,24.5,6.3,50,1.8,0,9,17.72,93.34,0.18
108507,Meena,INST-7929,2:00,0,40.3,41.7,56.2,37.6,1.4,9.6,16.6,21.19,97.76,0.14
108508,Meena,INST-9147,8:30,474.1,30.4,28.1,10.3,81.3,6.2,0,25.1,17.02,95.08,0.5
108509,John,INST-5187,19:15,0,18.6,18.3,38.3,34.7,10.2,0,22.8,19.63,97.34,0.11
108510,Divya,INST-6701,5:30,0,17,18.9,85.3,68,2.2,10.8,23.3,20.47,94.47,0
108511,Ravi,INST-1810,13:30,469.7,42.5,37.1,62.1,31.3,5.5,22.2,9.2,22.5,98.52,0.9
108512,Akash,INST-1381,10:30,675.8,43.8,38.7,26.8,24.5,8.2,0,25.7,19.97,95.53,1.09
108513,Divya,INST-3126,3:15,0,32.6,31,65.5,90.2,2.2,24.8,18.4,20.39,98.04,0.14
108514,Ravi,INST-1930,9:45,337.4,19.8,18.2,61.7,74.5,10.9,18.2,9.5,17.41,96.83,0.54
108515,Arun,INST-4780,1:15,0,35.7,34.8,22.1,22.4,6.9,0,3,20.06,95.74,0.05
108516,John,INST-7424,13:30,682.6,44.6,37.7,34.8,28.9,3,0,22.6,21.95,98,1.13
108517,John,INST-9484,20:00,0,40.6,40.2,89.6,48.2,0.2,5.7,15.7,21.49,98.44,0.07
108518,Ravi,INST-9242,7:00,166.6,23.2,21.9,44.9,49.9,7.8,9,17.9,20.67,97.54,0.28
108519,Ravi,INST-7841,8:30,476.8,28.2,22.6,7,82.5,7.3,0,29.3,19.9,92.08,0.72
108520,Akash,INST-3701,10:15,716.2,38,33.8,21.3,84.4,10.4,0,10.9,19.16,98.68,1.13
108521,Meena,INST-8259,11:00,530.2,39.4,35.5,53.6,66.7,13.4,0.2,24.4,22.06,97.23,1.02
108522,Arun,INST-6842,20:00,0,37.9,39,95.3,87.9,3.7,1.6,1.3,17.71,97.22,0
108523,Ravi,INST-4389,1:00,0,37.2,38.7,20.4,24.1,7.2,0,8.2,17.85,92.26,0.01
108524,Ravi,INST-6289,20:00,0,40.1,38.5,30.5,28.2,0.4,0,21.7,19.63,92.36,0
108525,Ravi,INST-7076,11:30,488.1,36.7,32,59.4,57.6,2.1,5.5,17.7,22.59,94.98,0.95
108526,Akash,INST-9690,14:30,505.2,39.3,34.4,52.6,94.6,13.3,0.7,25.7,19.96,98.15,0.85
108527,Meena,INST-4404,2:15,0,28.5,30.4,21.1,35.1,3.8,0,19.1,18.47,97.17,0.16
108528,Kumar,INST-2296,15:45,336.9,31.9,28.6,59.9,41.7,11.9,13,3.6,21.2,93.67,0.84
108529,Arun,INST-4422,16:30,286.1,35.5,32,46.6,52.9,13.8,1.2,1,18.31,93.76,0.62
108530,Divya,INST-5593,6:00,0,18.3,18.4,46.3,78.6,5.5,22.2,20.3,20.36,94.12,0
108531,Ravi,INST-2659,5:00,0,31.3,33.1,48.7,64.1,7.5,23.5,3.8,21.28,94.11,0
108532,Priya,INST-3975,14:45,765.7,29,23.5,12.7,21.6,5.2,0,22.5,18.8,94.17,1.17
108533,Priya,INST-2108,5:45,0,31.2,31.7,92.6,46,3.4,24.7,29.9,22.93,92.8,0.04
108534,Priya,INST-3080,16:00,301.4,43.9,41.7,50.3,21.8,14.2,11,7.7,22.62,93.99,0.66
108535,Arun,INST-1110,7:30,266.6,32.2,28.6,5.1,57.9,8.1,0,0.9,21.13,93.24,0.49
108536,Priya,INST-6982,23:45,0,30.6,31.9,86,35,2.2,4.5,16.9,17.42,96.34,0.03
108537,Arun,INST-8718,8:45,211.5,37.8,37,64.6,74.3,6.1,24.4,21.8,22.26,98.14,0.48
108538,Akash,INST-7573,15:15,659.1,24.7,20.9,8.3,31.4,11.2,0,5.4,17.76,97.66,1.05
108539,John,INST-6715,6:15,0,21.2,20.7,79.8,85.6,12,16.3,9.7,19.09,93.9,0
108540,Ravi,INST-7981,19:00,0,19.9,20.9,28.4,58.9,15,0,11.7,17.38,96.53,0
108541,Priya,INST-1379,15:00,249.9,39.6,35.8,76.3,74.4,3.2,24.8,28.4,21.11,93.86,0.51
108542,Arun,INST-8712,10:15,313.7,24,20.5,78.4,46.1,14.3,2.6,24.5,22.27,95.5,0.78
108543,Arun,INST-8783,0:45,0,18.6,20.4,47,61.3,10.3,7.3,22.5,19.09,93.65,0.05
108544,Meena,INST-3462,13:30,547.5,27.5,23.4,50.7,25.1,10,1.6,29.6,20.68,96.35,0.85
108545,John,INST-8281,2:15,0,22,23,28,87.3,6.5,0,1.1,17.53,95.22,0
108546,Ravi,INST-2678,19:15,0,24.3,26,70.7,49.6,8.9,10.3,13.7,18.51,92.93,0.01
108547,Kumar,INST-1781,9:15,227.7,22.9,20.9,83.1,31.6,6.4,9.4,20.5,21.2,94.7,0.57
108548,Priya,INST-2357,6:45,8.6,24.4,23.7,84.6,67.7,2.9,4.9,23.3,21.37,96.5,0.07
108549,Ravi,INST-4187,20:45,0,23.8,24.1,49,44.7,8.6,2.6,24.5,18.76,98.54,0
108550,Akash,INST-2733,4:15,0,40.8,40.6,37,83.4,8.3,0,23.4,21.11,93.06,0
108551,Priya,INST-6100,2:15,0,19.3,20.1,96.2,33.9,0.5,24.2,12.6,20.71,95.43,0
108552,Akash,INST-4344,1:30,0,36.9,38.9,81.3,65.4,3.4,8.2,7.4,20.65,93.72,0.17
108553,John,INST-2673,21:45,0,37.8,39,49.7,82.5,7.1,2.9,0.1,19.82,92.8,0.16
108554,Ravi,INST-8214,6:00,10.5,34.9,35.1,24.5,79.7,10.4,0,18.2,17.79,94.06,0.09
108555,Priya,INST-7415,20:45,0,38.2,36.2,40.2,30.1,13.5,22.5,16.6,18.68,96.26,0.04
108556,Arun,INST-6485,2:45,0,21,21.8,42.7,51.3,4.1,22.5,14,22.6,95.13,0
108557,Priya,INST-8850,11:00,931.2,36,28.1,3.6,51.5,6,0,25.9,17.79,96.47,1.53
108558,Ravi,INST-7518,6:15,0,24.1,24.7,44.3,68.7,11.6,20.1,2.5,22.26,98.57,0.04
108559,Divya,INST-1253,19:45,0,23.7,22.7,20.7,59.3,13.5,0,14.2,22.93,92.83,0.05
108560,Akash,INST-6419,19:30,0,37.5,35.6,26.9,84.8,10.9,0,1.5,18.28,94.82,0.12
108561,John,INST-8754,19:30,0,25.5,26.1,94.8,94.3,9,0.8,8.4,21.47,95.68,0
108562,Divya,INST-1013,21:00,0,22.5,20.7,28.7,24.1,3,0,8.6,21.4,93.69,0.08
108563,Arun,INST-2350,2:30,0,39.9,38.5,84.1,51.9,3.4,23.1,26.2,20.63,96.17,0
108564,Priya,INST-8124,0:45,0,18,18.2,35.8,85.9,3.4,0,20.8,18.69,93.19,0
108565,Priya,INST-6034,12:45,974.1,42.1,33.3,2.4,39.6,11.4,0,7.8,19.13,95.18,1.76
108566,Arun,INST-7637,6:30,0,27.9,27.2,80,22.1,13.8,5.9,10.9,21.86,94.84,0.12
108567,Divya,INST-3764,17:30,96.4,38.8,39.1,74.5,51.1,3.1,23.7,20.8,18.66,93.19,0.33
108568,Priya,INST-3631,11:15,283.9,21.7,18.2,84.6,61.2,0.6,17.3,20.1,21.78,98.54,0.65
108569,Meena,INST-4435,1:15,0,24.9,24.4,94.2,63.2,9.5,7.5,8.6,17.89,97.87,0
108570,Meena,INST-9881,16:45,223,29.6,28.5,69.1,22.1,12.3,13.5,1.5,18.77,93.14,0.23
108571,Ravi,INST-7201,4:15,0,36.9,37.8,88.4,36.8,13.9,4.6,2.4,22.62,92.28,0
108572,Meena,INST-7824,22:00,0,27.2,26.8,87.7,21.8,9.2,0.8,14.6,20.71,92.07,0
108573,Ravi,INST-2963,4:45,0,30.1,30.2,20.1,80.5,6.1,0,2.1,20.58,92.88,0.02
108574,Priya,INST-5822,23:00,0,39.1,37.2,92.4,26.9,12.3,0.8,29.8,21.75,97.13,0
108575,Divya,INST-2497,0:00,0,31.9,30,26.8,31.8,13.4,0,13.6,20.32,98.46,0.02
108576,Divya,INST-4840,11:00,350,32,29.3,77.1,56.7,1.6,14.1,29.8,21.05,93.16,0.57
108577,Arun,INST-4090,23:15,0,35.6,36.4,39.6,68.3,10.9,0,0.1,21.47,98.49,0
108578,Akash,INST-2179,8:15,295.6,35.3,31.1,53.4,92.3,11,7.8,15.4,19.27,98.36,0.46
108579,Kumar,INST-6357,7:00,215.8,27.4,24.4,14.5,63.8,8.1,0,13.9,22.91,95.36,0.36
108580,Meena,INST-4985,16:15,184.8,34.5,31.4,76.6,85.7,11.2,15.7,19.4,18.18,94.03,0.16
108581,John,INST-1847,9:15,563.9,30.3,24.9,26.9,90.8,6.7,0,14.3,17.32,98.81,0.87
108582,Meena,INST-7000,19:30,0,39.9,41,87.3,43.5,9.7,24.7,29.1,22.36,95.88,0
108583,Meena,INST-2137,13:30,711.1,28.8,22.6,29.3,67.4,14.3,0,25.5,19.92,96.32,1.25
108584,Meena,INST-1831,5:00,0,30.6,32.5,29.5,85.1,11.3,0,18.3,17.8,97.49,0
108585,John,INST-1182,1:00,0,18.1,18.9,73.7,35.4,6.3,5.1,21,21.95,98.1,0
108586,Arun,INST-1040,19:30,0,36.1,34.6,73.1,31.4,7.4,7.2,19.7,19.89,98.75,0
108587,Arun,INST-8879,1:45,0,28.5,29.3,50.8,94.7,6.5,6.6,15.6,17.71,98.91,0
108588,Kumar,INST-5698,16:30,435.3,22.2,20.4,13.4,35.6,10.4,0,6.9,19.17,97.19,0.8
108589,Ravi,INST-5368,20:45,0,34.4,35.5,86.1,37.7,6.9,22.3,8,22.82,94.98,0.16
108590,Divya,INST-4688,11:00,940.9,43.9,37.7,5.1,61.2,4,0,25.2,20.85,96.17,1.52
108591,Akash,INST-1492,20:15,0,39.2,40.1,84.5,49.8,10.8,1.8,21.1,21.41,94.44,0.13
108592,Priya,INST-3867,2:00,0,38.1,36.3,96.7,45.1,6.6,3.7,21.8,21.87,95.91,0.03
108593,Priya,INST-7276,7:15,84.9,28.2,27,87.1,49.1,8.4,17.4,7.3,18.51,92.97,0.19
108594,Kumar,INST-2759,13:30,785.1,38.7,31.5,20.3,60.2,13.5,0,11.1,20.83,96.38,1.54
108595,John,INST-7059,13:00,268.9,36.6,34.8,84.4,88.2,5.1,7.2,15,20.45,94.21,0.61
108596,Arun,INST-4415,9:30,643.6,28.1,24.1,9.5,58.9,13.8,0,4.5,19.97,97.74,1.43
108597,Ravi,INST-3480,2:15,0,42.2,40.3,92.7,39.2,13.7,5.5,3,17.23,94,0.02
108598,Kumar,INST-7915,20:30,0,37.2,37.9,60.4,39.2,6.3,3.2,12.5,17.16,92.09,0
108599,Ravi,INST-9956,22:45,0,26.5,26.4,92.6,89.1,13.6,15.8,2.6,17.92,92.98,0.13
108600,Divya,INST-6699,7:45,53.6,33,32.8,89.1,49.5,6.6,12.8,7.7,20.57,96.75,0
108601,Akash,INST-1857,5:15,0,26.5,27.7,69.4,55.2,1.5,20.3,20.3,19.3,94.17,0.02
108602,Priya,INST-9648,2:00,0,31.6,29.7,41,58,8,21.7,19.1,19.6,93.51,0.2
108603,Priya,INST-6998,2:30,0,18,18.9,70.1,58.8,7.7,1.8,2.5,18.73,93.86,0
108604,Meena,INST-8919,20:30,0,27.2,28.5,55.4,30.7,1.7,3.1,28.9,21.04,96.29,0
108605,Divya,INST-8054,2:00,0,32.7,32.9,53.9,81.2,12.4,1.9,11.6,18.64,96.98,0
108606,Divya,INST-5347,20:15,0,27,26.6,60.1,27.5,10.9,16.3,4.3,18.11,96.75,0
108607,Akash,INST-2582,17:30,131.4,36.7,35.9,64.6,35.1,12.6,6.7,12,19.3,95.63,0.09
108608,Akash,INST-1168,18:00,14.5,29,27,44.9,56.1,0.8,3.5,28.7,19.8,93.22,0.17
108609,Akash,INST-1587,19:00,0,39.4,41.1,55.1,59.6,4.5,8.8,14.5,21.65,92.05,0
108610,John,INST-1403,23:45,0,26.2,26.7,59.3,81.7,10,17.9,6.1,22.48,96.84,0.19
108611,Meena,INST-3013,8:15,217.5,39.4,38.8,65.1,38.9,13.9,19.9,6.4,19.45,98.78,0.59
108612,Arun,INST-9106,12:45,754.1,33.5,27.3,30.5,78.9,7.1,0,25.4,20.63,98.28,1.48
108613,Arun,INST-9719,11:15,307,24.1,21,81,41.6,9.4,2.6,13.3,18.6,97.78,0.45
108614,Divya,INST-8717,1:00,0,40.1,38.2,93.9,58.8,2.1,13.5,18.8,22.57,95.75,0.1
108615,Divya,INST-9794,5:15,0,27.9,29.5,86.8,21,0.7,17.8,18.8,21.02,93.46,0.09
108616,Ravi,INST-8199,14:45,629.8,26.6,19.5,32.6,30.5,0,0,13.9,21.93,95.07,1.24
108617,Akash,INST-8540,12:15,388.1,28.6,26.4,73.8,83.6,14,3.3,24.4,18.23,97.5,0.8
108618,Meena,INST-2290,15:15,567.8,33.5,30.1,23.9,56.5,3.8,0,4.5,21.68,97.78,0.99
108619,Akash,INST-5623,18:15,0,39.2,40,51.3,46.3,7.7,1.4,26.6,20.85,92.89,0.05
108620,Meena,INST-8008,13:15,583.4,25.6,18.8,47.5,42.7,6.8,17.4,18.2,22.25,92.15,1.04
108621,Ravi,INST-3573,9:15,568,29.3,23.8,23.9,27.1,10.9,0,17.4,22.38,92.15,1.04
108622,Ravi,INST-7944,17:30,205.4,37.5,36,28.1,34,5.9,0,16.9,19.99,92.08,0.24
108623,Divya,INST-2653,12:15,840,33.2,24.8,21.6,25.2,1.4,0,22.4,20.18,96.48,1.31
108624,Arun,INST-1446,19:45,0,21.8,21.4,75.1,83.9,1,11.3,17.8,18.32,94.65,0.19
108625,Divya,INST-9456,10:45,840.8,27.2,20.2,2.7,85.6,2.7,0,10.7,20.07,93.47,1.45
108626,Arun,INST-9878,12:15,551.7,44.3,41.6,52.8,29.1,11.1,11.5,4.8,21.51,94.1,1.02
108627,Arun,INST-4078,13:00,233.2,30.5,29.3,89.9,44.5,1.4,6.1,17.7,22.02,95.53,0.52
108628,Priya,INST-3431,18:00,0,30.6,29.4,79.3,61.4,12.2,7.8,28.1,17.87,96.49,0.13
108629,Priya,INST-1622,23:15,0,24.3,24.9,49.4,29.6,11.1,0.4,11.1,22.23,95.6,0
108630,Kumar,INST-4529,16:15,206.7,22.8,22.2,74.4,53,11.3,5.1,8.9,17.53,96.73,0.16
108631,Arun,INST-4942,12:15,803.9,37.4,30.2,24.1,84.9,2.1,0,22,21.87,96.7,1.48
108632,John,INST-8454,22:30,0,27.3,27.2,95.5,53.5,11.8,21.5,9.6,22.61,93.49,0.05
108633,Meena,INST-5585,10:15,397.2,41.4,37.5,62.8,44.2,9.5,12.9,19.7,20.06,92.19,0.58
108634,Ravi,INST-3284,22:00,0,16.7,18.3,65.1,62,7.9,0.3,12.9,22.17,97.31,0
108635,Ravi,INST-5160,9:15,512.4,45.3,41.8,30.8,70.7,5.3,0,19.8,20.98,93.12,0.81
108636,Ravi,INST-8188,10:30,670.4,28.5,22.3,27.3,57.3,3.4,0,4.2,18.03,93.93,1.14
108637,Priya,INST-3016,19:00,0,20.8,19.5,83.7,22.1,7,0.7,8.1,21.93,93.61,0
108638,John,INST-2533,11:00,400.7,36.5,33.9,71.2,90.3,4.5,9.8,27.3,20.33,98.27,0.77
108639,Divya,INST-7363,10:15,668.2,47.6,40.8,27.1,91.9,12.1,0,18.1,17.49,97.42,0.95
108640,Divya,INST-5476,19:45,0,32.3,32.3,37.7,94,13.4,0,2.3,19.19,97.09,0
108641,Kumar,INST-2478,3:30,0,28.4,28.3,67.2,53.3,4.1,10.4,28.6,20.81,97.04,0.1
108642,Akash,INST-2585,21:15,0,29.2,30.8,61.7,35.7,10.4,6.2,20.9,17.6,97.81,0
108643,Meena,INST-1547,8:15,490.9,43.2,37.4,3,54.2,12.7,0,6.8,21.7,97.32,1.17
108644,Akash,INST-2724,22:15,0,22.1,20.5,50.4,46.9,4.7,5,1.6,17.4,96.09,0.2
108645,John,INST-6588,11:45,773.4,45.9,40.9,23.5,58.6,11,0,21.5,17.85,94.57,1.1
108646,Arun,INST-3693,18:45,12.2,32.4,31.4,4,68.7,14.5,0,24,21.28,95.86,0
108647,Akash,INST-2653,21:15,0,26.3,27.5,75.3,70.4,9,8.7,15.9,20.24,98.61,0.1
108648,Arun,INST-4668,10:15,616.1,24.1,18.3,36.2,26.5,8.9,0,15.4,20.75,96.02,1.23
108649,Akash,INST-8046,5:30,0,40.9,42,65.1,82.9,1.9,5.2,23.6,19.57,92.25,0
108650,Arun,INST-7279,7:45,225.5,28.3,26.3,21.4,71.3,12,0,14.8,21.07,97.58,0.57
108651,Divya,INST-4778,1:45,0,22.6,21.7,97,41.9,2.5,8,13.9,19.03,97.9,0
108652,Arun,INST-5241,2:15,0,33.6,31.7,77.2,77.6,5.6,22.1,10.2,17.54,93.77,0
108653,Ravi,INST-1036,1:30,0,30,29.7,28.6,67.1,14.7,0,4.5,17.67,98.34,0.11
108654,Kumar,INST-8676,14:30,352.7,44.1,40.2,71.2,30.7,6.3,17.1,5.6,22.42,97.65,0.93
108655,Kumar,INST-6698,23:00,0,16.5,18.4,86,63.5,2.5,9.9,13.5,22.21,95.41,0.14
108656,Arun,INST-1506,19:00,0,28,26.8,81.5,86.3,5.3,3,15.9,21.4,93.75,0.2
108657,Kumar,INST-8389,19:15,0,29,29.6,66.5,87.4,6.6,4.9,23.2,20.19,94.91,0.16
108658,John,INST-8150,13:00,509.6,43.6,41,55.9,32,3.2,13.2,25.2,19.65,98.46,0.91
108659,John,INST-7373,4:45,0,37.8,36.3,23.7,72.3,11.1,0,21.7,21.48,92.94,0.14
108660,Ravi,INST-5130,0:00,0,32.9,31.1,55.7,58.2,12.6,1.8,17,19.83,93.36,0.2
108661,Akash,INST-7952,6:15,1.2,35,36.5,53.6,81.6,12.9,4.7,1.6,19.43,98.47,0
108662,Divya,INST-3182,13:30,788.5,42.6,37.2,20.2,56.6,0.8,0,10.6,21.13,98.49,1.52
108663,Arun,INST-8445,15:00,567,31.7,26,23.6,69.7,9.3,0,17.3,21.29,93.96,1.14
108664,Akash,INST-7725,22:15,0,33.6,33.9,97.4,51.9,3.1,21.5,17,19.11,93.56,0
108665,Akash,INST-4838,23:15,0,43.2,41.4,76.9,84.9,4.3,23.5,11.3,21.26,96.24,0.01
108666,Meena,INST-9322,17:00,138.8,42.5,41.1,57,59.7,0.9,19.6,0.4,20.57,96.49,0.4
108667,Kumar,INST-2096,11:15,351.6,39.6,35.8,74.9,92.2,3.5,22.1,12.1,20.46,94.9,0.66
108668,Meena,INST-6568,23:00,0,37.9,37.5,29.9,69.4,9,0,21.9,20.29,95.44,0
108669,Ravi,INST-8125,22:15,0,41.4,40.5,62.7,84.5,7.2,10.6,8.7,18.5,98.4,0
108670,Akash,INST-5866,7:00,141.4,31.1,31.8,45.9,78.4,3.6,16.8,20,18.34,96.47,0.28
108671,Priya,INST-6324,20:45,0,23.5,22.4,96.5,86.6,5.7,7.7,0.1,21.52,93.1,0.2
108672,John,INST-6199,4:00,0,22.4,24.3,52.1,85,8.5,3.5,21,17.28,93.88,0
108673,Divya,INST-8777,20:00,0,39.6,39.7,70,42.8,3.7,16.5,14.2,21.44,96.8,0.2
108674,Akash,INST-9741,18:30,7.3,37.7,38.4,81.8,32.3,13.4,8.4,29.6,20.39,92.15,0.1
108675,Ravi,INST-1620,0:30,0,23.9,24.5,68.8,74.1,2.2,7,30,21.9,93.58,0
108676,Ravi,INST-6511,10:45,832.7,40.1,33,6.2,78.4,9.1,0,3,17.79,98.72,1.5
108677,John,INST-3021,17:30,164.5,33.6,33.9,38.7,27.4,13.1,0,26.3,21.13,93.68,0.09
108678,Priya,INST-5898,23:15,0,28.3,29.3,87.4,30,2.9,24.1,16.4,19.98,92.95,0
108679,Priya,INST-5486,11:00,676,26.7,20.4,37.2,55.4,5.7,0,9.8,22.51,95.84,1.41
108680,Arun,INST-9362,6:00,0,29.2,27.8,1,68.4,12.7,0,22.2,21.31,97.3,0.16
108681,Divya,INST-9446,7:45,152.1,33.2,30.1,51,34.8,7.2,18.9,18.2,17.63,96.95,0.16
108682,Arun,INST-1923,11:00,558.7,30.9,24.7,52.6,24.2,9.9,21,3.9,21.55,94.68,1.2
108683,Ravi,INST-4003,8:15,475.5,35.5,33,1.4,31.5,1.6,0,9.7,18.2,97.17,0.74
108684,John,INST-5079,10:45,373.8,30.9,28.9,69.1,89.6,1.4,10,17.1,21.34,97.74,0.81
108685,Kumar,INST-1949,9:15,461.7,38.7,36,38.3,65.7,8.2,0,23.2,17.72,93.54,0.8
108686,Meena,INST-5441,5:30,0,41,39.4,77.2,55.2,14.3,6.2,23.4,17.1,96.81,0.03
108687,Ravi,INST-9736,3:30,0,38.4,38.3,21.2,30.5,0.8,0,2.9,21.31,94.53,0
108688,Arun,INST-6622,11:30,413.6,44.2,39,69.7,85,0.2,23.1,25.1,22.53,94.71,0.83
108689,Akash,INST-8291,16:45,383.7,28,26.4,32.6,78.2,9.2,0,29.7,22.51,92.74,0.79
108690,Arun,INST-5373,1:30,0,38.6,38.1,35.9,59.3,11.3,0,28.8,22.7,94.13,0.02
108691,Meena,INST-7636,0:00,0,26.6,25.3,37.1,28,13.6,0,12.3,17.81,98.12,0
108692,Divya,INST-6061,17:45,249.3,23.1,19.1,6,54.7,6.9,0,23,20.14,98.19,0.26
108693,Priya,INST-7095,0:15,0,26.2,26.2,74.3,43,13.2,6.6,7,21.64,92.47,0.19
108694,Ravi,INST-1065,11:15,304.2,38.5,37.7,83.5,82.7,13.4,17.9,12.8,22.75,97.44,0.64
108695,Divya,INST-6768,16:30,156.8,21.5,18.4,79.9,50.6,2.2,1.3,17.4,19.96,98.3,0.15
108696,Ravi,INST-9321,9:15,284.6,22.2,21.8,70.5,72.2,2.9,0.1,28.4,21.11,95.92,0.61
108697,Kumar,INST-8161,6:00,14.1,31.3,31.1,12.9,78.6,1.3,0,24.6,19.6,98.4,0
108698,Ravi,INST-8731,5:30,0,23.5,24.4,65.6,31.5,0.1,10.2,15.3,22.86,96.66,0.12
108699,Arun,INST-3575,5:45,0,38.6,37.1,85.2,29.8,11.1,2.4,10.9,19.29,93.02,0.15
108700,Kumar,INST-5461,19:15,0,31.8,32.1,26.5,90.5,13.8,0,21.7,18.43,93.33,0
108701,John,INST-6343,5:45,0,34.6,33.3,98,92.3,14,23.4,6.5,19.68,93.99,0
108702,Divya,INST-7436,22:15,0,22,22.8,88.1,65,12.5,17.6,18.6,22.35,97.12,0.04
108703,Ravi,INST-5922,15:15,256,42.1,40,79.3,79.7,1,3.5,23.4,19.87,98.71,0.5
108704,Kumar,INST-5086,14:30,229,34.2,32.6,85.8,48.2,0.8,3.6,5.2,22.65,95.02,0.62
108705,Priya,INST-2798,5:45,0,26.3,27,44.1,39,9.8,13.2,16,19.75,97.45,0
108706,John,INST-7335,19:45,0,35.9,34.5,86.3,25.2,4.5,11.2,7.9,17.48,97.28,0
108707,Meena,INST-7091,1:30,0,23.7,23.8,72.4,84.4,6.1,18.6,9.6,22.29,96.11,0
108708,Ravi,INST-1506,19:15,0,19.7,21.3,20.1,53.8,0.2,0,10.5,17.68,97.66,0
108709,Arun,INST-5600,21:15,0,24.9,24.6,24.8,43.8,12.8,0,27.2,19.46,92.37,0
108710,John,INST-9458,7:45,74,25.2,25.4,79.9,38.1,13.6,24.5,20.8,18.93,96.12,0.13
108711,Priya,INST-4684,1:45,0,27.9,29.2,95.8,23,14.3,22.5,0.1,18.49,93.64,0
108712,Akash,INST-6626,20:15,0,29.8,27.8,80.8,27.4,2.9,10.6,27.4,22.59,98.3,0.03
108713,Kumar,INST-7258,10:30,339.1,30.7,26.3,73.5,40.7,13.3,24.4,9.2,19.55,92.26,0.58
108714,Arun,INST-9044,10:15,342.5,41.3,39.5,70.4,78.3,1.5,9.5,6.7,18.9,97.54,0.44
108715,Kumar,INST-7964,0:30,0,34.1,34.6,89.7,76.8,5,5.7,12.8,20.39,96.65,0
108716,Divya,INST-3788,15:30,489.7,44.7,40.4,39.7,42.8,13.4,0,29.9,19.5,98.01,0.63
108717,Divya,INST-5855,6:15,0,30.2,31,85.3,20.8,9.1,9.9,22.2,21.88,93.5,0
108718,Kumar,INST-9314,15:00,283.4,20.8,18.5,71.8,70,10.4,18.2,3.1,18.63,98,0.35
108719,Divya,INST-2258,2:00,0,35.8,35,60.7,71.9,4.4,10,4.7,17.59,98.12,0
108720,Akash,INST-3267,2:15,0,27.9,26.7,20.9,56.1,2.6,0,12.2,20.38,98.61,0.04
108721,Divya,INST-7881,2:15,0,24.7,26,27.6,39.7,8.8,0,10,19.96,96.07,0
108722,Akash,INST-1639,20:15,0,36.1,37,59.4,32.2,8,23.1,11,20.39,97.98,0
108723,Meena,INST-4036,12:45,238.7,21.1,20.1,89.9,63.7,11.3,1.1,12.7,22.96,93.79,0.49
108724,Kumar,INST-6767,17:30,128.6,28.9,29.3,52.2,36.4,0.4,14.4,25.5,22.13,92.64,0.33
108725,Kumar,INST-4967,22:30,0,33.3,34.6,65.3,29.4,9.2,10.7,15.7,20.64,96.18,0
108726,Meena,INST-5421,13:15,384.8,25,20.6,70.6,79.8,6.2,1.8,22.6,21.75,95.81,0.85
108727,Ravi,INST-1886,20:30,0,20.1,21,92.6,66.7,9.3,1.5,14.4,21.51,97.13,0
108728,Kumar,INST-4167,6:45,0,28.5,28,88,44.6,7.8,19,24.1,17.72,93.44,0
108729,Ravi,INST-8173,10:15,384.3,30.1,26,67.1,53.8,14.2,22.8,16.8,19.22,96.65,0.59
108730,Arun,INST-6784,23:15,0,27.4,28.9,37.1,40.9,0.3,0,1.8,22.51,95.83,0
108731,Akash,INST-2384,5:30,0,40.3,40.6,30.6,74.7,12.8,0,2,19.52,98.1,0
108732,Ravi,INST-1741,18:30,0,18.4,19.2,83.6,41.6,4.2,4.7,24.5,21.71,98.49,0
108733,Meena,INST-6582,3:15,0,37.8,39.3,71.5,87.7,0.4,12.7,0.3,23,96.45,0.1
108734,John,INST-1556,14:45,407.4,24.1,21,65.8,50.5,1.7,7.3,15.2,20.62,95.3,0.69
108735,Divya,INST-8814,7:30,244.5,29,26,14.7,64,3.7,0,2.2,21.71,93.48,0.32
108736,Meena,INST-6430,2:45,0,19.5,20.9,92.3,38.4,11.4,7,16.2,22.09,98.22,0
108737,Akash,INST-3671,18:15,0,27.4,25.5,52.7,68,1.2,19.3,22.3,19.6,96.16,0.05
108738,Meena,INST-5790,18:15,15.5,38.7,39.5,84.4,61.7,9.1,13.1,8.7,20.75,93.13,0
108739,Ravi,INST-1564,10:30,285.5,41.3,38.2,81,89.6,0.8,10.8,27.1,21.18,92.91,0.56
108740,Arun,INST-4495,22:45,0,24.4,24.5,74.9,89.8,13.6,8.5,24.9,22.51,96.7,0.09
108741,Kumar,INST-5494,21:45,0,24.5,25.6,37.4,49.9,3.5,0,14.1,22.76,97.74,0
108742,Priya,INST-2076,16:15,222.9,36.5,36.5,68.3,67.2,13.7,2.1,9.6,17.93,94.09,0.49
108743,Divya,INST-8666,21:30,0,37.6,36.6,53.3,28.5,7.2,2.2,9,21.84,97.94,0.09
108744,Meena,INST-2822,23:15,0,42.2,40.3,42.2,22.1,9.4,1,4.7,18.11,94.05,0
108745,Akash,INST-5379,18:45,11,37.6,38.8,60.6,90.8,3.7,4,5.1,18.82,95.45,0
108746,Divya,INST-2843,14:30,298.2,32.8,30.5,78.9,85.7,7.4,15.2,6.8,18.69,92.82,0.43
108747,Arun,INST-5844,4:00,0,32.6,32.7,32.6,22.2,5,0,17.8,18.25,92.48,0
108748,Divya,INST-3753,19:30,0,29.3,30.5,43.6,37.4,9.8,6.5,27.2,21,94.89,0
108749,Priya,INST-7282,7:45,247.7,25.9,24.5,10.1,86.1,4.1,0,0.9,22.55,92.24,0.68
108750,John,INST-9626,14:45,349.8,31.8,29.6,73.5,81.6,11.9,18.9,7.3,17.79,94.27,0.51
108751,Priya,INST-2250,16:45,465.8,20.6,18.3,7.2,73.7,11.2,0,9.7,17.23,95.39,0.63
108752,Priya,INST-4449,1:15,0,36.8,38.3,99,66.4,12.4,3.1,28.1,19.01,95.73,0
108753,Divya,INST-9354,19:30,0,29.7,28.7,61.6,76.7,14.4,14.4,14.9,18.81,93.16,0
108754,Divya,INST-6500,0:30,0,22,20.7,63.8,47.4,7.9,6.1,2.9,22.72,98.79,0.14
108755,Ravi,INST-2096,12:15,319,32.7,30.7,82.9,82.8,0.9,1.1,0.8,19.71,96.62,0.54
108756,Akash,INST-9346,7:15,156.6,43.4,41.2,44.4,66.6,13.7,8.7,10.7,20.4,96.15,0.38
108757,Meena,INST-7384,8:15,418.5,31.7,28.8,24,49.1,9.4,0,21.7,20.61,94.77,0.82
108758,Priya,INST-8045,5:00,0,22,23.2,56.7,35.5,13.2,5.2,18.3,22.93,92.05,0.19
108759,Akash,INST-7987,1:15,0,33.3,33.7,63.1,88.3,14.4,22.8,3.9,21.32,93.96,0.19
108760,Divya,INST-1616,21:00,0,32.7,31.8,73.2,52.7,9.5,3.8,23,20.8,94.66,0
108761,Divya,INST-3662,13:30,482.9,37.7,34.3,58.1,65.9,5.1,0.8,23.8,18.82,95.83,0.91
108762,Priya,INST-2494,11:15,900.9,33.9,25.6,8.3,21.6,8.7,0,28,21.3,94.13,1.48
108763,Akash,INST-7318,0:15,0,36.1,37.2,87,68.4,10.1,8.4,14.9,19.01,97.23,0
108764,Akash,INST-2368,11:00,251.1,27.3,25.8,87,58.8,7.6,21.2,0.4,18.96,95.86,0.56
108765,Arun,INST-2243,15:45,618.6,23.8,18.2,12.8,47.5,7.2,0,20.7,18.61,92.05,0.86
108766,Arun,INST-7899,14:15,294.2,38.5,37,77.8,24.5,2.6,10.4,21.9,18.63,98.93,0.45
108767,Ravi,INST-4191,10:30,590.3,30.4,26.7,38,85.5,8.7,0,28.9,17.36,97.52,0.75
108768,Meena,INST-1646,1:45,0,27,28.9,69.9,20.5,9.7,12,16.3,18.78,94.43,0
108769,Kumar,INST-4422,20:00,0,28.5,29.5,51.9,46.2,7,17.4,6.5,19.51,94.89,0.11
108770,Akash,INST-9623,8:30,233.9,20,19.4,63.8,28.7,2.6,15.5,19.2,20.95,98.76,0.51
108771,Arun,INST-8608,7:30,122.8,33.9,34.1,62.2,50.4,13.2,19.4,24.8,21.77,95.67,0.17
108772,Meena,INST-5434,6:15,9.8,25.4,26.1,67.2,69.5,13.2,12,6.3,20.22,92.02,0
108773,Arun,INST-9443,23:30,0,38.8,39.2,70.2,91.5,4.1,7.4,5.8,21.4,94.9,0.06
108774,Akash,INST-8061,1:15,0,23.7,22.9,70.8,56.1,12.4,24.7,28.7,18.94,97.26,0
108775,Priya,INST-3174,19:15,0,28.5,27.2,74.2,68,2.8,24,2.6,18.76,96.74,0.13
108776,Priya,INST-2288,8:15,416.2,37,31.6,24.2,91.3,8.8,0,18.5,17.2,93.57,0.63
108777,Arun,INST-9534,19:45,0,22.9,21.9,67.9,71.3,0.2,13.9,9.1,19.68,94.78,0.05
108778,Ravi,INST-7920,18:00,17.3,28.2,26.5,57.1,47.3,8.5,14.3,9.6,22.66,94.06,0.03
108779,Akash,INST-7413,14:45,694,42.3,38.4,21.6,71,4,0,17,22.66,95.05,1.37
108780,Meena,INST-5554,14:15,717.9,23.9,18.1,21.1,61.1,11.5,0,8.4,17.48,92.72,0.96
108781,Kumar,INST-1867,13:45,721.4,27.5,20.1,28.5,77.5,2.9,0,19.3,20.54,92.12,1.43
108782,John,INST-7341,1:00,0,26.1,26.9,90.5,81.6,10.1,15.1,18.5,18.94,93.54,0
108783,Akash,INST-5038,16:00,421.6,39,33.8,15.3,51.1,0.2,0,3.9,19.6,96.54,0.69
108784,Divya,INST-7263,18:30,15.2,40,40.3,66.2,82.6,3.7,11.3,0.7,19.78,97.36,0.2
108785,Arun,INST-5960,9:15,203.9,37.5,35,88.6,71.5,5.5,1.7,18.7,18.92,98.05,0.34
108786,Priya,INST-1852,17:30,85.7,37.1,35.5,81.7,48.8,1.9,1.8,3.2,18.23,95.7,0.02
108787,Akash,INST-6716,1:45,0,37.6,39.4,95.1,77.5,8.8,8.4,24.8,17.63,92.85,0.19
108788,Priya,INST-8352,10:30,612.3,34.9,31.8,34.7,39.6,14.3,0,13.4,20.25,94.6,1.05
108789,Arun,INST-8223,3:30,0,17.8,19.4,40.3,31.8,14.3,19.9,2.7,18.85,98.75,0
108790,John,INST-2394,14:45,810.8,36.8,29.8,8.6,33.4,2.6,0,29.2,21.06,96.64,1.37
108791,Priya,INST-1302,18:45,17,34.8,34.2,28.1,64.5,12.7,0,6.8,22.75,93.92,0.2
108792,Akash,INST-2521,5:30,0,29.4,31,90.6,23.5,5.8,20.4,17.5,21.92,95.19,0.12
108793,Ravi,INST-1280,13:15,318.9,42.5,38.8,78.7,85,11.7,19.2,24,20.68,97.5,0.55
108794,Arun,INST-6060,23:30,0,34.9,34.4,22.1,35.7,10.3,0,24.3,22.23,95.6,0.02
108795,Meena,INST-3697,18:15,0,42.3,41.2,44.8,44.1,8.1,13.8,17.1,18.14,98.26,0
108796,Meena,INST-9957,2:00,0,21.6,20.6,28.5,55,6.2,0,24,21.34,95.77,0.05
108797,Kumar,INST-9968,1:30,0,32,30.1,37.3,84.2,1.9,0,11.7,17.82,93.78,0.02
108798,Akash,INST-4701,18:30,16.6,27,26.1,10.8,34.3,11.5,0,27.3,17.13,92.96,0
108799,John,INST-8362,2:45,0,28.8,28.3,32.5,46.9,4.2,0,27,21.71,98.78,0
108800,Kumar,INST-7779,5:00,0,28,29.8,28.8,74.3,11.2,0,18.1,20.24,97.93,0
108801,Kumar,INST-8059,18:30,0,18.5,19.4,26,52.5,12.7,0,18.4,22.01,94.21,0.08
108802,John,INST-7929,3:15,0,39.7,41.7,60.2,75.2,9.6,13.8,29.7,18.35,92.1,0.18
108803,Meena,INST-8640,15:30,694.8,30.8,23.4,1.7,61.8,7.7,0,26.8,21.15,97.15,1.28
108804,Arun,INST-7892,10:15,695.3,37.4,32.8,22.5,47.5,14.7,0,7.6,21.01,92.85,1.23
108805,Kumar,INST-2724,4:45,0,18.5,18.7,33.4,23.7,8.5,0,24.8,18.05,95.11,0.03
108806,Arun,INST-6296,3:30,0,27.6,26.1,83.4,60.2,9.5,24.5,23.1,17.61,94.24,0
108807,Arun,INST-1086,12:15,603.3,26,19.5,48.9,91.4,7.6,3.6,9.4,18.55,96.77,1.04
108808,Priya,INST-3514,18:30,10.5,39.4,40.2,3.9,53.4,4.3,0,24.9,22.14,96.8,0
108809,Arun,INST-6366,13:00,925.8,32.6,26.3,5.7,48.3,8.7,0,13.7,17.4,97.93,1.53
108810,Kumar,INST-3939,20:45,0,18.4,20.2,39.4,29,7.5,0,7.6,17.35,95.81,0
108811,Kumar,INST-6759,7:45,228,33.4,31.4,22.5,48.9,3.6,0,0.8,21.24,92.96,0.45
108812,Meena,INST-3999,13:45,541.6,45.4,40.4,51.4,85.5,6.3,14.4,14.7,19.58,92.69,0.89
108813,Priya,INST-6944,5:15,0,38.8,40.8,87.9,26.7,7.8,2.3,13.8,20.89,94.38,0.14
108814,Ravi,INST-2567,16:30,332.7,23.5,20.5,39.5,21.8,5.9,0,26.6,17.94,93.42,0.64
108815,Arun,INST-3920,18:45,1.7,36.6,35.2,83,80.3,5.1,5.2,5.2,22.85,96.96,0
108816,John,INST-1909,8:30,202.4,33.5,31,69.4,36.4,11.2,8.4,28.6,22.58,92.12,0.2
108817,Kumar,INST-3108,1:30,0,31.4,30,25.5,34.6,0.9,0,23.7,20.05,95.48,0
108818,Meena,INST-9380,17:00,89.3,42.2,41.5,86.9,85.7,9.2,21.7,18.5,19.61,98.6,0.25
108819,Arun,INST-1592,0:30,0,29.1,29.1,51.8,91.4,7.7,13.3,24.1,18.66,93.18,0
108820,Priya,INST-9775,18:15,0,40.3,38.8,10.3,83.1,13.7,0,21.3,19.74,96.87,0
108821,Divya,INST-1276,12:45,471.2,28.1,26.2,65.9,37.1,8.3,17.3,2.4,20.14,94.11,0.87
108822,Priya,INST-3673,17:30,100.6,29.7,29.5,72.3,74.7,2.5,2.9,6.6,18.87,96.77,0.31
108823,Divya,INST-8315,2:30,0,21.4,20.4,99.5,68.7,5.2,3.9,13.6,19.85,93.1,0.17
108824,Priya,INST-4011,13:15,479,33.1,28,61.6,93.8,5,11.6,14.1,21.19,97.82,0.77
108825,Arun,INST-4486,18:45,18.5,34.8,34.6,50.5,51.3,13.8,1.4,18.2,21.99,95.11,0
108826,John,INST-7625,15:15,275.3,39.5,37.6,76.2,53,13.8,11.6,1.2,20.37,94.3,0.34
108827,Divya,INST-5171,14:00,543.2,30.4,26.4,42.8,40.9,7.7,0.4,11.2,21.18,92.68,1.02
108828,Divya,INST-5721,6:30,0,33.3,31.8,77.8,87,3.1,22.8,27.7,22.54,98.9,0
108829,Akash,INST-1355,11:15,556.3,45.1,38.5,49,63.4,10,2.5,1.4,21.88,95.06,1.28
108830,Priya,INST-8572,1:15,0,40.3,38.9,51.9,42.2,10.5,11.3,19.7,18.82,92.92,0
108831,Meena,INST-6632,4:30,0,23.5,22.1,34.7,83.8,7.6,0,15.3,17.11,93.35,0
108832,Arun,INST-9363,17:45,102.1,36.3,34.9,69.9,37.1,6,20.3,6.3,19.45,92.71,0.26
108833,Akash,INST-9364,20:45,0,30.5,30.9,34,25.6,2.4,0,25.3,17.18,93.96,0
108834,Priya,INST-7175,22:15,0,30.7,32.4,74.2,65.9,9.5,12.9,15.7,17.89,95.81,0
108835,Kumar,INST-4729,20:15,0,23.4,22.7,78.1,20.2,0.2,20.7,10.3,21.89,93.78,0
108836,Divya,INST-3616,3:45,0,37.7,36.9,81.2,20.8,14.8,9,29,22.04,96.8,0
108837,John,INST-4716,3:30,0,18.3,18.1,95.9,51.4,13,12.5,26.5,18.34,93.46,0.08
108838,Akash,INST-4667,19:15,0,37.1,37.8,55.3,43.5,6.7,18.9,21.9,22.98,95.33,0.08
108839,Divya,INST-6002,18:00,5.8,39.5,38.2,30.5,63.8,13.9,0,22.3,17.94,94.65,0
108840,Akash,INST-5551,20:15,0,27.7,27.2,46,34.4,3.4,10.1,2.3,19.69,96.47,0.07
108841,Kumar,INST-8190,7:00,126.8,32.7,30.4,59.7,38.6,5.3,15,15.9,19.1,98.89,0.18
108842,John,INST-5905,9:30,296,28.8,24.7,70,47.4,8.9,22.6,14,22.48,93.03,0.72
108843,Arun,INST-4821,6:30,10.9,30,31.4,65.1,81.1,2.5,0.7,19.8,22.62,97.28,0.16
108844,Divya,INST-1004,3:00,0,36.8,35.8,25.9,28.3,6.1,0,9.6,22.04,93.84,0.09
108845,Divya,INST-5593,11:45,809.8,42.9,34.7,21.5,52.4,7.3,0,12.4,18.3,98.9,1.31
108846,Akash,INST-2256,18:30,17.8,29.7,31,80.9,90,0.2,10.9,10.2,20.74,94.47,0
108847,Priya,INST-8201,9:00,381.6,33.7,29.7,55.9,67.8,6,23.4,17.7,22.05,97.01,0.88
108848,Priya,INST-3752,15:45,569.6,42.6,37,23.6,66.3,1.7,0,13.2,19.85,95.29,1.18
108849,Akash,INST-1141,14:00,657.5,44.7,39.2,27.2,68.3,10.6,0,14.6,22.77,94.33,1.32
108850,Divya,INST-1914,20:45,0,23.8,24.2,31.8,85.5,8.8,0,15.5,20.08,92.3,0
108851,Kumar,INST-2807,20:00,0,25.2,27.1,42.2,49.2,13.1,18.6,25.6,21.2,96.26,0.2
108852,John,INST-1949,1:00,0,36.9,37.1,43.2,30.6,3.2,9.3,19.6,19.96,93.56,0
108853,Priya,INST-7484,2:30,0,18.1,18.4,28.5,29.2,13.8,0,1.4,17.77,98.69,0
108854,Meena,INST-6661,6:15,0,22.9,21,68.1,25.5,11.9,10.5,22.3,18.6,94.31,0.04
108855,Meena,INST-1640,13:15,575.2,34.9,28.2,50.9,65,1.4,2.3,4.2,17.6,97.79,1.04
108856,Ravi,INST-9429,21:45,0,17.7,19.4,31.8,30.5,9.3,0,21.1,18.33,98.12,0
108857,John,INST-7211,0:30,0,35.4,35.3,41.6,63.7,14.1,13.9,8.5,20.24,93.62,0.08
108858,Arun,INST-8024,18:00,0,36.8,37.3,15.5,74.2,1.4,0,11.4,18.44,92.33,0.17
108859,Akash,INST-6452,21:15,0,38.5,38.5,20.1,34.3,4.4,0,24.8,20.62,97.45,0.05
108860,Arun,INST-2424,11:15,316.6,24.5,22.6,81.6,38.5,11.4,17.1,11,20.17,94.61,0.6
108861,Meena,INST-9674,15:45,576.1,24.5,19.2,24.5,26.1,3.1,0,16.3,22.68,94.1,1.18
108862,Divya,INST-9411,23:15,0,39.3,40.2,85.5,45.7,6.3,14.3,10,19.95,95.37,0
108863,Divya,INST-3171,23:30,0,31.1,32.2,79.6,45.9,11.2,12.3,29.5,19.63,94.11,0
108864,Kumar,INST-9635,12:45,291.9,24.1,20.8,86.4,72.6,4.7,19.6,6.1,20.1,98.96,0.39
108865,John,INST-9161,7:00,191.4,24,22,23.9,43.4,14.9,0,8.7,17.85,93.33,0.32
108866,Ravi,INST-9588,11:45,285.1,28.2,25.9,82.8,82.7,4.1,22.6,4.6,20.01,92.51,0.57
108867,Arun,INST-3292,17:15,222.5,41.2,40.3,10.2,72.5,0.9,0,29,19.04,95.79,0.48
108868,Priya,INST-6472,7:15,93.6,29.1,27.7,73.1,38.6,9.2,6.9,9.8,21.27,98.17,0.33
108869,Meena,INST-2245,6:00,19.4,38.2,36.4,6.1,58.5,14.7,0,28,18.83,94.04,0.22
108870,Priya,INST-2164,18:45,0,28.3,27.2,87,22,10.1,3.7,4.2,17.47,93.75,0.17
108871,Meena,INST-6723,0:45,0,32.9,33.4,23.5,51.5,1,0,14.2,22.54,97.28,0.01
108872,John,INST-2686,10:30,671.5,40.8,34.8,27.7,76.4,3.3,0,17.1,21.07,93.25,1.38
108873,Akash,INST-5451,0:30,0,29.5,27.8,22.2,41.8,10.5,0,9.5,21.08,93.44,0.05
108874,Akash,INST-7824,20:00,0,31.3,31.7,50.9,56.5,7.8,13.3,29.2,18.28,98.66,0
108875,John,INST-8163,6:45,13.2,37.9,37,65.7,57.7,6.2,10.7,27,19.96,95.36,0.16
108876,Ravi,INST-9263,3:30,0,39.5,41.2,33,43.7,0.2,0,27.8,18.43,98.33,0.09
108877,Divya,INST-6038,10:00,273.9,42.8,40,81.3,87.2,4.8,19.4,5.4,17.16,93.51,0.5
108878,Akash,INST-9735,21:30,0,28.5,29,96.6,40.5,6.7,1,9.3,17.03,98.39,0.14
108879,Arun,INST-6186,17:45,96.6,36.4,35.7,70.9,83.5,12.3,9.2,5.6,17.23,95.73,0.18
108880,Meena,INST-6211,17:45,166.5,32.4,32,45.1,56.5,13.4,23.1,1.1,20.45,98.12,0.35
108881,Divya,INST-7746,16:45,250.2,30.6,29.4,55.7,21.2,5.8,19.4,28.4,18.49,93.4,0.31
108882,Priya,INST-5646,10:15,407.3,43.9,39.4,65.3,55.9,1.2,7.6,5.6,19.35,93.77,0.58
108883,Akash,INST-9985,2:15,0,37.8,36.6,81.9,62.3,12.1,9.8,0.5,22.68,96.89,0
108884,Kumar,INST-5649,5:45,0,28,29,58.7,55.8,2.2,6.2,3.8,18.96,97.42,0.01
108885,John,INST-7078,19:30,0,32.1,30.5,33.2,82.1,11.9,0,25.6,18.07,96.48,0
108886,Kumar,INST-2549,19:30,0,34.8,32.9,96.7,63.9,6.5,15.8,18.2,18.42,92.09,0
108887,Ravi,INST-8995,19:30,0,39.9,41.7,66.1,92,7.4,15.1,22.4,17.05,97.06,0
108888,Kumar,INST-4999,13:15,838.9,32.9,25.8,14.7,29,0.5,0,27.8,21.95,97.29,1.41
108889,Priya,INST-6496,14:00,499.3,41.2,35.7,48.7,75.6,2.9,4.3,25.8,20.17,92.64,0.92
108890,Priya,INST-4070,12:45,834.7,36.2,29,21.5,72.1,15,0,24.4,19.67,96.34,1.48
108891,John,INST-1659,12:45,316.9,30.1,27.2,82.2,41.2,1.8,5.9,11,18.91,97.36,0.49
108892,Ravi,INST-8865,21:30,0,33.3,32.6,75.2,74.9,1.4,22.2,20.8,21.6,96.28,0
108893,Priya,INST-4169,20:45,0,41.2,40.7,69.9,57.5,2.4,19.3,20.8,22.38,96.07,0.04
108894,Akash,INST-6835,13:45,927.5,41.6,32.6,3.3,53,4.6,0,28.3,17.81,97.24,1.25
108895,John,INST-5390,17:15,176.6,28.4,25.1,29.3,74.3,4.7,0,16.1,17.31,93.48,0.39
108896,Kumar,INST-7216,19:30,0,34.8,36.8,27.3,76.7,9.8,0,15.2,19.98,95.16,0
108897,John,INST-8414,2:45,0,18.6,19.8,80.9,71.9,10.5,1.8,20.1,18.92,98.28,0.18
108898,Kumar,INST-1842,18:30,2.5,40.6,41.4,34.5,70.1,4,0,7.6,21.19,97.77,0
108899,Ravi,INST-8785,20:45,0,17.7,18.8,48.2,90.5,4.9,10,11,21.45,97.4,0
108900,Meena,INST-7547,4:30,0,27.1,26.4,27.8,53.4,6.7,0,4.7,22.15,95.57,0.07
108901,Ravi,INST-6453,16:30,215,41.8,39.8,70.3,40,9.4,22.4,12.8,21.14,92.87,0.51
108902,Ravi,INST-8966,14:15,650.3,44.3,37.4,31.3,72.1,4.6,0,10.2,20.47,95.8,1.27
108903,Kumar,INST-6855,19:00,0,25.1,24.4,94.6,20.9,14.5,4.8,5.4,17.72,92.15,0.17
108904,Kumar,INST-8738,8:00,181.8,30.8,27.6,72.1,24.7,13.4,10.8,29.2,20.66,94.36,0.22
108905,Akash,INST-1183,14:00,478.9,43.7,39.9,53.6,28.1,13,3.9,5.6,21.48,97.81,1.01
108906,Meena,INST-8226,19:30,0,25.2,27.1,75.1,63.2,14.6,5.1,3.7,18.48,93.41,0
108907,Kumar,INST-3982,14:30,798.1,40.3,33,11.5,24.4,13.9,0,18.2,20.76,96.39,1.34
108908,Divya,INST-6119,11:45,896.2,45.8,38.5,6.4,54.4,4.5,0,3.8,18.35,98,1.6
108909,Divya,INST-7871,13:45,844.3,35.5,27.3,13.7,30.1,11.5,0,5.1,22.74,95.43,1.68
108910,Divya,INST-7029,17:30,69.6,27.3,28.1,81.6,52,7.2,2.1,11.8,20.95,95.31,0.23
108911,John,INST-6762,0:00,0,23.4,23.5,55.5,51.7,0.5,16.2,13.7,21.44,98.46,0.15
108912,Priya,INST-2160,1:15,0,32.2,31.4,39.9,60.8,8.4,0,12.6,22.7,96.11,0.12
108913,Priya,INST-6445,14:30,450.7,41.1,37.6,59.6,43.2,9.5,23,1.3,21.21,93.16,0.73
108914,John,INST-6610,1:45,0,42.8,40.8,88.9,74,14.5,8.4,24.6,22.23,95.22,0
108915,John,INST-6924,15:15,307.5,24.3,22.4,69.3,59.1,10.1,18.4,4.4,17.68,98.89,0.64
108916,Akash,INST-4982,10:15,673.9,42.3,35.4,26.7,67.5,11.9,0,23.6,17.74,98.05,0.98
108917,Arun,INST-5016,14:30,549.9,35.4,29.9,41.7,74.5,4.5,11.7,5.5,22.84,92.61,1.2
108918,Meena,INST-6436,22:30,0,26,24.7,56.1,43.9,2.5,22.4,18.9,18.2,98.49,0.19
108919,Akash,INST-4133,21:30,0,30.2,30.3,74.5,20.1,6.2,7.7,16.2,20.23,92.57,0
108920,Ravi,INST-5476,0:45,0,34.8,36.7,97.9,53.5,11.3,19.3,17.3,19.5,94.52,0.12
108921,Arun,INST-5993,3:00,0,29.3,27.6,39.7,67.6,12.9,0,18,20.28,94.71,0.17
108922,Meena,INST-1304,13:45,644.2,46.1,41.9,39.3,81.9,4.2,0,20.2,20.75,98.97,1.08
108923,Priya,INST-4383,22:30,0,27.4,27.4,30.9,59.3,12.6,0,1.1,21.17,93.05,0
108924,Arun,INST-1278,2:30,0,29.3,30.7,63,79.5,13.3,5.7,28.9,22.81,98.52,0.04
108925,Ravi,INST-1987,17:15,234.7,23.6,20.5,8.4,87.3,7.5,0,4.3,17.85,93.67,0.3
108926,Akash,INST-9077,6:15,0,40.8,41.4,50,63.6,4.8,4.2,5,17.52,95.47,0.18
108927,John,INST-5381,4:30,0,25.3,25.9,80.5,28.7,2.9,13.4,13.1,17.38,92.38,0
108928,Akash,INST-7232,20:15,0,38.2,37.3,62.1,29,6.9,22.8,22.5,21.31,97.15,0
108929,Divya,INST-7239,20:15,0,24.6,23.6,29.2,24.9,1.7,0,4.1,17.3,93.27,0
108930,Akash,INST-4316,17:45,121.2,35.7,33.1,66.7,56.5,0.8,22.8,22.1,21.06,94.49,0.38
108931,Kumar,INST-2601,19:45,0,18.1,18.2,93.4,90.9,11.8,13.7,22.9,17.54,93.32,0
108932,Arun,INST-7849,1:30,0,20.6,20.7,92.2,25,7,0.9,9.4,19.88,92.93,0.02
108933,Arun,INST-8745,4:00,0,37.8,36.3,21.4,92.8,2.5,0,16,20.16,92.5,0.04
108934,Priya,INST-8362,2:45,0,41.1,40.4,77.4,57.5,9.4,7.6,7.2,20.36,95.9,0.04
108935,Priya,INST-9079,10:00,746.1,33,25.4,16.4,50.6,8.2,0,29.2,17.22,98.55,1.11
108936,Divya,INST-4376,22:15,0,33.7,31.7,70.6,37.2,4.2,18.6,21.4,17.43,95.71,0
108937,Divya,INST-3301,14:00,732.9,44.6,37,19.2,39.2,14.4,0,13.5,21.47,95.29,1.22
108938,Kumar,INST-8624,10:00,293.8,40.9,38.8,80.1,65.3,6.5,21,19.9,21.22,95.98,0.65
108939,Ravi,INST-8426,17:15,179.7,33.5,33.3,39,25,14.5,0,9.5,22.94,94.47,0.46
108940,John,INST-9359,22:00,0,38.9,37.4,69.7,80.6,1.2,14,12.2,19.17,94.51,0
108941,Meena,INST-3325,20:45,0,23.5,22.3,60.1,20.2,1.4,10.8,20.9,20.46,96.1,0
108942,Meena,INST-8865,12:15,496.7,23.5,19.5,59.2,48.8,7.5,15.1,12,20.81,95.36,0.95
108943,Kumar,INST-6646,16:45,302.5,36.2,32.2,44.2,82.1,0.1,10.3,8.3,17.65,97.71,0.35
108944,John,INST-7315,2:30,0,20.6,19.4,42.1,71.6,5,7.4,17.6,17.5,96.96,0.02
108945,Arun,INST-4894,21:45,0,36.5,36.4,46.4,23.8,4.8,10.2,28.4,20.87,98.55,0.11
108946,Kumar,INST-3852,15:15,538,36.1,31.7,28.7,66.1,2.3,0,8.3,17.96,97.61,0.77
108947,Divya,INST-5353,16:45,380.8,43.5,41.1,28.6,81.7,10.2,0,12.1,21.54,97.83,0.66
108948,Arun,INST-6352,4:00,0,24,24.5,86.6,68.8,1,20.8,22.9,18.61,96.01,0.19
108949,Arun,INST-5861,7:45,256.6,26.8,24,8.6,43.8,7.7,0,6.6,20.27,93.54,0.33
108950,Arun,INST-7254,3:45,0,38.4,36.5,63.4,88.7,8.7,12.2,19.7,22.9,95.09,0.09
108951,Kumar,INST-2827,4:15,0,25.5,24.7,35.6,38.3,7.4,0,8.4,18.7,92.22,0.01
108952,John,INST-3795,2:00,0,26.9,27,26.8,37.7,3.5,0,14.2,18.04,98.93,0.14
108953,Kumar,INST-7038,15:45,218.2,25.9,22.4,83.3,91.1,6.8,15,24.6,19.8,96.19,0.26
108954,Divya,INST-7581,23:00,0,30.8,31.5,72.7,81,9.6,8.6,26.2,17.11,92.7,0.12
108955,Priya,INST-1656,12:00,477,35.3,32,60.8,86.5,1.1,13.7,10.8,19.45,94.86,0.69
108956,Ravi,INST-3731,5:45,0,32.3,32.7,50,67.2,1.7,25,21,17.76,93.93,0
108957,Akash,INST-1697,10:00,770.5,36.3,28.3,12,37.6,5.9,0,28.2,19.9,93.87,1.19
108958,Divya,INST-6239,9:15,499.4,22.1,19.2,38.3,56,5.2,0,28,21.64,92.67,0.7
108959,Arun,INST-6250,21:30,0,19.1,20.2,35.4,57.8,5.8,0,7.2,19.45,93.37,0
108960,Kumar,INST-7719,0:45,0,22.3,23.4,63.6,41.9,13.9,18.9,26.8,20.34,92.52,0
108961,Divya,INST-1010,11:45,731,38.9,34.3,28.9,69.7,10.8,0,18.3,18.34,95.33,1.05
108962,John,INST-6791,3:00,0,41.2,39.4,43.3,86.8,5.8,14.9,16.8,20.8,92.08,0.08
108963,Meena,INST-9440,22:15,0,34.2,35.2,47.6,56.3,1.8,8.7,14.5,20.87,95.79,0
108964,Divya,INST-3076,20:15,0,21.8,21.4,61.3,58.7,10.9,20,11.4,20.38,96.82,0.15
108965,Kumar,INST-4075,11:15,718.7,29.2,22.9,29.6,83.9,7.8,0,14.2,21.03,95.48,1.4
108966,Kumar,INST-3613,8:45,283.3,40.7,38.4,55.7,73.3,10.4,12.8,18.2,21.82,93.09,0.47
108967,Meena,INST-4599,14:30,376.1,41.8,40.3,68.3,30.1,14.7,6.3,26.6,19.5,92.73,0.7
108968,Arun,INST-6643,23:30,0,23.4,22.8,28.1,82.7,10.5,0,28.6,20.86,97.97,0
108969,Akash,INST-3575,1:00,0,28.2,26.8,32.9,43.5,4.2,0,15.5,18.31,95.46,0
108970,Kumar,INST-6496,14:00,587.6,27.2,24.3,36.1,67.1,3.9,0,18,17.43,92.64,0.7
108971,Priya,INST-6511,1:15,0,19,20.7,46.7,56.7,13,4.6,25,21.46,98.91,0
108972,Divya,INST-4519,2:45,0,25.6,25.8,69.3,71.1,4.8,19.9,7.8,22.51,95.28,0.19
108973,Meena,INST-4242,1:30,0,33.7,35,50.4,37.4,4.5,4.4,20.3,19.29,94.82,0
108974,Priya,INST-6815,4:00,0,24.5,24.8,31.3,32.5,12.1,0,26.3,22.72,94.32,0.08
108975,Priya,INST-6119,20:45,0,40.3,41,67.7,41.5,2.5,4.9,10.6,20.94,97.28,0
108976,Akash,INST-8382,21:45,0,21.1,19.4,45.2,74.3,11.9,8.5,22.8,21.88,94.87,0.13
108977,Meena,INST-3653,21:00,0,38,37.8,73.4,90.3,7.5,21.8,15.6,21.47,98.71,0.01
108978,Akash,INST-9039,3:15,0,43.1,41.7,96.8,57.9,0.1,4.2,16.4,18.48,98.81,0.06
108979,Ravi,INST-9257,22:45,0,37.7,39,51.9,92.3,3.6,6.1,6.2,17.5,96.2,0.17
108980,Kumar,INST-8367,23:45,0,23.7,24.3,25.3,28.1,6.8,0,24.3,18.65,96.4,0
108981,Priya,INST-5889,10:45,388.2,33.4,31.7,65.6,90.4,1.5,2,14.1,21.05,97.69,0.91
108982,Meena,INST-1868,2:15,0,21.8,23.6,62.6,94.4,12.5,10.2,9.2,19.21,98.21,0.02
108983,Divya,INST-4863,20:00,0,26,24.7,38.6,84.6,5.7,0,8.3,19.95,97.84,0
108984,Arun,INST-7230,15:00,298.5,41,37.9,70.3,47.9,0.8,16.1,0.7,18.79,96.58,0.37
108985,Ravi,INST-5725,18:00,7.8,25.6,27.4,18.6,56.1,10.1,0,17.7,22.42,92.08,0
108986,Meena,INST-5396,7:45,168.5,33,29.8,32.7,22.7,7,0,29.3,18.21,93.22,0.16
108987,Divya,INST-5401,7:45,183.5,36.8,34.4,29.5,21.9,4.9,0,12,22.14,98.21,0.23
108988,Divya,INST-5126,12:15,762.8,34.7,26.9,26.5,91.1,9.1,0,13,17.31,92.67,1.22
108989,Meena,INST-8627,20:30,0,35,36.6,79,23.6,0.2,4.1,15.7,18.35,97.17,0
108990,Arun,INST-8197,10:15,463.9,25.3,20,56.5,87.3,3.8,12,28.3,19.36,98.85,0.59
108991,Divya,INST-1700,0:45,0,41.2,39.7,96.3,69.7,7.1,6.6,7.2,18.5,92.5,0.18
108992,Akash,INST-7970,4:30,0,29.9,30.3,21.2,32.1,7.7,0,6.3,21.5,98.62,0.06
108993,Divya,INST-6890,2:15,0,27.1,27.6,26.7,59.1,10.9,0,10.9,17.78,92.48,0
108994,Akash,INST-1731,22:00,0,32.8,31.7,41,47.2,1.6,4.6,18.9,17.17,92.31,0
108995,Divya,INST-5241,16:15,128.8,40.3,39.5,85.1,65.8,5.8,19.1,15.7,18.98,94.03,0.34
108996,Priya,INST-9809,2:00,0,40.5,40.9,82.3,88.6,5.9,12.7,4.6,17.44,97.6,0
108997,Arun,INST-6174,11:15,529,36.9,32.8,53.9,37.4,10.6,6.2,27,22.62,93.6,1.01
108998,Priya,INST-4363,14:15,333.9,40.4,38.1,74.6,25.4,11.8,13.7,8.9,17.03,94,0.36
108999,Ravi,INST-8511,18:30,0,31.5,31.9,15.4,41.5,10.1,0,15.7,22.5,94.78,0
109000,Meena,INST-6840,16:45,369.5,33.9,32.6,34.9,83.3,7.7,0,18.4,18.06,92.1,0.63
109001,Meena,INST-4914,1:45,0,24.5,22.7,24.7,46.9,9.2,0,21.5,19.82,97.45,0.19
109002,Arun,INST-4176,19:30,0,22,23.3,39.4,91,0.2,0,19.1,22.27,98.52,0.01
109003,Ravi,INST-1097,18:00,17.9,33.3,33.8,65.2,82.6,5.4,18.5,13.8,19.81,97.51,0.14
109004,Priya,INST-1669,12:00,285.9,32.1,28.5,84.8,54.9,1.1,24.3,2.1,18.26,94.1,0.58
109005,Ravi,INST-3818,20:15,0,23.8,25.3,39.7,71,9.9,0,4.1,18.54,93.91,0.18
109006,Divya,INST-7947,2:45,0,35.3,35.8,98.4,22.1,13.8,7.8,15.5,20.92,96.03,0.11
109007,Arun,INST-6180,22:15,0,34.8,33.9,21.5,29.5,4.6,0,3.4,18.12,93.91,0
109008,John,INST-8041,23:00,0,20.6,18.8,35.9,94.7,6.9,0,10.8,19.71,95.28,0.06
109009,Ravi,INST-3887,17:15,120.2,20.8,20.4,69.4,34.6,9.9,15,19.6,18.74,97.81,0.2
109010,Arun,INST-5493,0:45,0,35,35.3,54.2,25,9.9,9.4,11.7,22.19,95.4,0.15
109011,Arun,INST-1486,23:45,0,33,33.6,96.5,22.9,11.6,14.3,28.2,18.9,93.61,0
109012,Arun,INST-7596,11:15,658.3,26.6,21.6,40.6,94.3,0.7,14.9,11.9,18.4,97.78,1.07
109013,Divya,INST-9773,17:00,217.9,34.1,33.6,16.8,26.5,5.2,0,4.6,17.7,93.51,0.16
109014,Meena,INST-7417,13:45,695.7,43.4,38,31.1,22.3,14.6,0,22.8,20.58,92.39,1.34
109015,Divya,INST-5229,7:45,145.7,36.4,33.9,61.5,71.5,3.3,2.8,9.6,21.36,97.51,0.23
109016,Priya,INST-1897,11:00,515.5,29.4,24.6,53.9,63,7,20,20,18.35,92.35,0.85
109017,Arun,INST-3799,17:15,203.9,27.2,25.1,31.9,83.6,8.9,0,17.8,21.39,92.18,0.37
109018,Meena,INST-7382,19:00,0,33.7,35.2,59.6,56.8,7.4,23.4,29.9,22.45,98.85,0.11
109019,Arun,INST-8709,11:15,789.6,36,29.8,22.8,22.6,11.2,0,13,19.55,98.17,1.22
109020,Akash,INST-2319,0:15,0,32,32.6,37.7,85.2,8.6,0,6.1,19.83,98.15,0
109021,Akash,INST-8777,17:15,269.1,23.4,20,0.3,43,10.8,0,26.2,17.66,94.83,0.51
109022,John,INST-5185,7:45,258.2,25.6,25.3,7.4,68.4,0.7,0,22.5,19.04,98.16,0.47
109023,Priya,INST-9113,0:45,0,30,31.1,47.4,50.7,4,19.8,13,22.54,96.6,0.11
109024,Ravi,INST-5346,12:00,736.1,36.6,30.8,33.1,38.3,9.3,0,24.8,20.6,92.45,1.41
109025,Kumar,INST-4955,3:00,0,34.6,34.9,89.6,69.6,6.4,6.9,10.7,21.29,92.38,0.09
109026,Akash,INST-1252,7:45,228.1,34.6,30.7,22.2,22.6,11.2,0,7.6,19.89,98.83,0.38
109027,Arun,INST-9395,11:00,713.8,33.4,29,30.6,71.2,11.3,0,13,22.68,96.39,1.31
109028,Arun,INST-6877,1:30,0,41.3,40,53,51.1,8.3,24.1,26,18.08,95.36,0
109029,Kumar,INST-4914,9:30,192.4,23.4,21.4,86.2,68.7,9.5,9.8,14.7,19.55,97.36,0.17
109030,Arun,INST-6670,12:45,391.5,22.3,18.5,74.2,36.5,10.6,3.2,15.6,18.96,97.12,0.47
109031,Meena,INST-3983,21:30,0,28.8,30.8,38.7,36.2,9,0,12.6,22.05,93.33,0
109032,Arun,INST-6305,19:00,0,26,26.7,80.1,94.7,4.7,20.2,21.2,21.87,98.27,0
109033,Priya,INST-8150,19:30,0,29.7,28.1,97.2,46.8,7.3,17.3,24.7,21.81,97.97,0
109034,Kumar,INST-9189,16:45,162.7,38,35.1,83.4,55.1,7.6,3.5,16.4,18.46,98.93,0.13
109035,Divya,INST-7978,13:45,297.7,28.7,24.8,81.4,57.2,9.6,4.1,20.6,17.11,93.91,0.37
109036,Kumar,INST-3588,14:15,436.1,27.4,22.2,57.9,64.6,1.4,13.5,26.2,23,97.68,0.76
109037,Ravi,INST-8498,15:30,363.5,37.5,36.1,55.6,94.9,10.1,0.9,19.2,22.41,93.33,0.76
109038,Divya,INST-6371,1:00,0,18.8,20.1,56.9,46.6,15,2.5,25.5,17.34,96.11,0.06
109039,Meena,INST-7983,9:00,687.6,35.7,29.3,5.1,24.3,14.6,0,28.2,17.19,93,0.87
109040,Arun,INST-5867,6:15,0,27.7,29.6,87.3,31.9,12.8,21.9,16.7,19.36,97.72,0.04
109041,Priya,INST-3672,6:30,6.5,25.5,27,48.8,62.4,5.4,13.8,26.5,19.01,98.1,0
109042,Ravi,INST-2110,20:30,0,23.4,23.5,67.1,65.2,3.7,19.1,13,21.14,97.23,0
109043,Priya,INST-8231,6:15,9.5,41.3,41.6,4,20.9,14.4,0,13.6,19.12,92.44,0.1
109044,Kumar,INST-1242,6:30,10,30.2,28.5,84.7,77.6,14.7,15.7,18.1,19.13,94.29,0
109045,Ravi,INST-2095,3:15,0,22.7,21,22.6,41.5,6.8,0,27,18.7,95.89,0
109046,Akash,INST-3551,17:00,134.9,26.8,26,59.8,50.2,3.8,22.3,9.6,22.64,98.9,0.19
109047,Kumar,INST-8856,16:15,188.2,21.3,19.2,76.1,41.7,8.1,22.6,0.6,20.7,94.63,0.35
109048,Kumar,INST-1886,12:00,249.6,21.2,20.6,89.5,70.9,6.1,6.4,13,20.11,95.97,0.47
109049,John,INST-1875,20:15,0,40.5,39.5,80.5,20.6,3.7,5.8,4.6,18.06,94.32,0.09
109050,Akash,INST-2477,20:15,0,27.9,26.7,81.5,66.4,11.4,18.7,21.8,18.43,94.38,0
109051,Ravi,INST-7535,11:30,746.4,23.7,18.8,26.5,30.6,12.7,0,11.8,20.71,96.32,1.34
109052,Priya,INST-3494,3:00,0,39,39.5,36.2,64.3,14.3,0,13.2,18.24,92.66,0.19
109053,Ravi,INST-2021,22:00,0,20.7,21.2,44.6,84.2,11.3,24.2,3.4,20.28,96.01,0
109054,Divya,INST-2435,5:30,0,38.3,39.7,82.7,69.2,6.5,24.7,9.3,17.52,98.15,0
109055,Divya,INST-6903,22:15,0,28.8,27.5,82,48,0.1,17.6,26.5,17.7,97.26,0
109056,Kumar,INST-6806,5:15,0,21.2,21,81.3,82.6,2.7,14.9,21.6,21.43,92.33,0.13
109057,Divya,INST-3084,2:30,0,27.7,28.2,99.1,78.1,6.8,12.4,19.6,18.12,97.99,0.03
109058,Kumar,INST-8567,18:00,0,29.8,30.4,18.2,57.9,5.6,0,13.2,18.63,98.65,0.15
109059,Kumar,INST-3079,21:45,0,19.3,19.6,69.1,55.1,12.5,21.7,16.6,21.16,96.71,0.04
109060,Arun,INST-7675,13:45,804.8,30.1,21.9,18.7,65.3,5.6,0,17.7,18.09,94.75,1.37
109061,John,INST-9588,10:00,336.8,26.6,23.3,75.6,47.2,13.5,23.2,29.6,17.14,92.64,0.53
109062,Priya,INST-1650,13:30,604,29.9,23.6,43.7,76.3,7.4,8.3,5.1,20.23,97.64,1.18
109063,Kumar,INST-8556,17:15,102.3,39.4,38.4,69.2,68.3,12.9,0.4,11.8,22.88,97.34,0.36
109064,Kumar,INST-9754,5:45,0,30.2,28.5,64.9,72.7,5.8,4.2,18.4,18.35,93.14,0
109065,Arun,INST-5291,22:00,0,22,23.7,40.4,37.1,2.5,19,17.6,19.13,93.69,0.17
109066,John,INST-7483,8:30,385.9,40.9,38.8,28.2,92.7,5.7,0,10.9,20.47,92.47,0.65
109067,Meena,INST-4657,20:30,0,26.7,25.1,70.8,87.9,4.4,8.1,28.9,20.57,94.16,0.13
109068,Arun,INST-4913,9:30,408,26.4,23.9,51.9,26,11.3,16.1,17.8,22.88,92.97,0.64
109069,Akash,INST-7870,2:00,0,30.9,32.4,36.9,29.3,5.9,0,0.5,21.98,95.57,0.05
109070,Kumar,INST-8260,9:00,223.2,26.6,24.3,84.8,35.2,3.3,22.9,11.5,22.98,94.81,0.42
109071,Ravi,INST-4854,5:45,0,31.6,32.3,59,66.5,8,24.1,3.4,18.25,92.14,0.2
109072,Akash,INST-8875,15:45,365.1,22.9,20.5,55.7,80.3,8.3,4.5,26.4,18.45,97.02,0.53
109073,Ravi,INST-8117,11:15,651.2,35.5,29.1,39.4,59,4.8,0,27.4,21.75,95.06,1.05
109074,Kumar,INST-8515,5:30,0,21.5,22.1,68.1,46.1,8.2,14.1,20.9,19.12,98.12,0
109075,Ravi,INST-8193,22:30,0,21.5,19.5,82.6,76.5,5.6,15.6,15,20.95,96.71,0.06
109076,John,INST-9243,4:30,0,30.5,28.9,53.9,89,10,15.9,9.4,19.84,98.11,0
109077,Divya,INST-6473,21:45,0,43.8,41.9,40.5,63.6,0.9,18.2,27.2,20.63,92.52,0.04
109078,Arun,INST-2241,12:15,549.3,26.6,20.8,51.7,61.7,7.8,17,22.6,21.36,93.29,1.03
109079,Kumar,INST-1169,6:30,19.1,34.5,34.5,57.6,21.7,10,3,21.8,18.42,94.76,0
109080,Kumar,INST-8343,20:15,0,35.9,34.1,44.7,46.8,5.8,20.1,11.7,22,96.69,0.06
109081,John,INST-3619,5:15,0,31.1,32.8,28.2,46.9,1.7,0,6.3,19.83,96.8,0.13
109082,Kumar,INST-9731,20:30,0,19.9,21.4,67.2,55,10.8,3.9,25.1,17.47,98.18,0.01
109083,Akash,INST-9514,18:15,1.3,17.9,19.4,60,88.1,5.6,12.7,2.4,19.79,95.06,0
109084,Divya,INST-5621,22:45,0,29.6,29.4,47.5,49.2,13.2,19.9,29.4,20.97,98.36,0.17
109085,Meena,INST-5488,6:45,0,31.1,30.6,81,27.8,13.6,18.1,24.6,21.01,96.57,0.01
109086,Kumar,INST-1235,0:45,0,36,37.7,45,76.6,4.3,12.3,16.6,19.09,96.67,0.17
109087,Arun,INST-5467,18:15,0,22,20.5,47.7,25.5,9.6,2.7,29.4,22.41,96.44,0
109088,John,INST-1080,13:45,230.2,28.5,28.1,89.4,89.7,8.4,21.2,7.9,19.06,96.26,0.23
109089,John,INST-9293,6:30,0,21.4,20.1,24.9,81.8,3.3,0,27.8,18.56,97.51,0
109090,John,INST-6454,10:00,572.3,31.9,28.3,41,66,13,20.2,15,18.43,95.67,0.91
109091,Arun,INST-4542,17:00,73,28.5,28.2,88.1,27.5,12.1,8.8,11.1,21.98,92.89,0.33
109092,Priya,INST-7610,22:45,0,26.6,26.4,30.2,36.1,8.1,0,13.3,18.71,94.63,0
109093,Ravi,INST-8291,14:30,704.4,44.8,40.7,20.8,45.5,1.4,0,24.3,18.66,92.37,0.94
109094,Kumar,INST-1647,17:15,124.7,24,22.6,55,29.8,7.6,2.2,10.8,19.49,98.07,0.36
109095,Priya,INST-7300,0:45,0,32.7,32.8,70.4,81.8,2.7,22,14.3,18.53,97.83,0
109096,Ravi,INST-9492,0:00,0,19.6,20,78.7,93.8,14.4,6.3,12.2,17.32,94.45,0.11
109097,Priya,INST-1177,1:00,0,18.5,19.5,81.2,80,4.5,13.9,28.6,21.3,93.63,0
109098,Kumar,INST-3306,16:15,145.2,33.5,32.6,85.9,62.8,3.4,9,20.6,21.38,96.78,0.47
109099,Akash,INST-1410,23:15,0,23.9,22.4,94.2,33.4,0.5,3.4,20.5,19.9,94.08,0.1
109100,Arun,INST-7186,6:15,0,39.5,39.3,50.8,55.9,13.2,11.1,14,22.02,92.39,0
109101,Divya,INST-3112,10:45,334.7,43.5,41.4,74.8,63.5,14.8,9.4,2.3,22.54,93.01,0.57
109102,Arun,INST-7009,10:45,246.3,33.5,29.5,86.2,90.5,9.5,5.3,15,21.29,96.92,0.55
109103,Akash,INST-8929,13:45,257.8,41.5,38.4,88.9,43,8.9,22.9,0.1,18.48,95.29,0.38
109104,John,INST-8575,23:00,0,29.2,27.7,37.1,54.7,15,0,4.8,20.08,97.3,0.18
109105,Akash,INST-6230,22:15,0,26.3,24.6,42.4,32.6,1.9,19.9,23.9,17.47,95.11,0.11
109106,Arun,INST-3215,5:45,0,40.2,41.9,39.9,53.5,10.9,0,15.2,20.3,96.87,0.19
109107,Akash,INST-1994,19:30,0,25.3,25.4,43.9,47.8,12.7,23.5,26.2,19.66,96.12,0
109108,Divya,INST-8271,21:30,0,16.5,18.2,64.5,70.2,1,2.6,16.7,22.96,92.89,0.15
109109,Priya,INST-5164,8:30,438.1,39.7,35.2,10.9,58.7,13.9,0,22.8,19.93,95.93,0.62
109110,Meena,INST-8293,3:45,0,24.2,24.6,31.3,60.3,1.5,0,20.5,19.02,97.16,0
109111,Arun,INST-3717,11:00,270.6,28.9,26.8,85.5,54.7,1.6,20.5,17,20.49,96.87,0.33
109112,Ravi,INST-5988,22:30,0,23.9,23.4,68.2,84.8,8.5,22,23.6,19.27,94.49,0.06
109113,Akash,INST-6599,14:00,579.8,40.4,37,38.3,73.2,9.3,0,24.1,22.67,93.28,0.9
109114,Arun,INST-4569,7:45,207.2,19.8,18.9,22.4,91.7,12.9,0,22.1,17.29,94.69,0.39
109115,Ravi,INST-5424,16:00,350.3,29.8,28,31.9,23.7,9.6,0,21.9,17.23,96.19,0.58
109116,Kumar,INST-4863,17:00,124.2,40.7,40.4,70,87,10.8,22.7,3.9,19.3,98.86,0.07
109117,Priya,INST-7095,0:15,0,32.8,34,53.3,86.6,7.2,8.3,22.5,19.47,98.69,0
109118,Priya,INST-7749,12:30,684.1,45.3,40,36.4,87.9,12,0,13.2,22.24,93.62,1.52
109119,John,INST-5202,17:00,211.9,41.4,38.6,25.9,89.2,6.8,0,24.4,20.67,96.58,0.23
109120,John,INST-8503,16:00,457.2,38.8,33.8,13.3,41.6,11.4,0,1.7,19.75,95.71,1.04
109121,John,INST-5746,14:30,831.3,30.6,23.1,3.1,22.1,12.2,0,9.9,19.32,93.71,1.61
109122,Akash,INST-9951,16:30,479.7,32.2,28.7,9.3,39.9,6.3,0,29.4,17.88,96.68,0.7
109123,Kumar,INST-3857,1:30,0,29.3,30,90,92.3,7.6,23.6,29.3,19.92,95.04,0
109124,John,INST-5155,19:15,0,24.9,24.1,72.6,60.6,4.6,15.5,6.2,17.03,93.26,0.02
109125,Kumar,INST-4688,14:00,434,27.9,26.1,62.1,87.5,7.5,0.1,7.5,20.92,92.29,0.78
109126,Kumar,INST-1432,2:00,0,23.1,21.6,85.7,79.1,4.4,11.3,4.6,17.48,92.25,0
109127,Meena,INST-8368,11:00,539.2,38.7,34.7,55.3,65.6,0.1,20.5,3.1,21.71,97.74,0.98
109128,Priya,INST-2656,22:15,0,30.2,30.7,83.7,31.2,9.6,9.1,26.5,21.55,98.71,0
109129,Meena,INST-8744,7:00,204.7,32,29.4,17.5,39.2,0.6,0,3,21.75,97.05,0.5
109130,Ravi,INST-3709,7:00,214.3,39.2,36.9,12,31.7,5.6,0,7.7,22.38,97.45,0.41
109131,Divya,INST-1719,10:00,663.3,36.2,31.3,27.2,94.2,13.1,0,4.8,21.71,97.24,1.17
109132,Arun,INST-5730,18:00,6.1,22.9,21.4,25.1,78.9,7.6,0,11.4,19.51,95.49,0
109133,Arun,INST-6627,22:30,0,30.3,29.2,41.1,39.2,0.2,11.4,8.1,19.11,95.94,0.14
109134,John,INST-8795,17:15,195.8,43.9,41.9,30.9,74.5,13.9,0,22.1,21.58,97.74,0.36
109135,Divya,INST-2764,13:30,396.2,34.1,30.8,72.1,65.3,13.8,7,17.8,18.99,97.27,0.78
109136,Akash,INST-9123,2:00,0,34.6,34.5,81.2,49.2,10.2,12.3,6.4,20.17,97.89,0.15
109137,Arun,INST-1279,9:45,276.1,40.4,37.8,72.9,46,11.1,11.6,27.8,17.95,98.21,0.34
109138,Meena,INST-4892,19:30,0,20.5,20.2,54.5,35.5,8.7,9.5,5.1,22.76,95.06,0
109139,Arun,INST-4754,23:00,0,36.7,36.6,42.2,62.9,5.1,8.3,22.9,18.97,94.31,0.01
109140,John,INST-4709,16:30,467.9,30,25.4,6.4,61.2,7,0,21.8,19.54,95.42,0.95
109141,Meena,INST-1448,5:45,0,21.8,21.2,24.1,46,2.1,0,20.9,20.52,93.08,0.09
109142,Kumar,INST-5944,19:45,0,24.2,25.9,26.9,40.2,12.3,0,28,17.56,98.34,0
109143,Priya,INST-9109,15:45,420.2,21.3,18.5,45.6,31.4,1.9,3.6,12.3,21.59,95.43,0.82
109144,John,INST-3462,9:45,542,31.9,28.1,28.9,78.4,0.1,0,9.6,19.15,92.75,0.84
109145,Ravi,INST-1662,15:00,480.5,38.5,35,39.3,64.9,5.4,0,28.3,20.89,93.13,0.83
109146,Priya,INST-4123,7:30,155.6,30.6,27.9,53.3,44.1,8.1,3.6,29.9,20.09,92.68,0.09
109147,Akash,INST-9470,16:30,299.6,27,23.4,48.4,52.7,11.3,19.2,4.9,21.15,98.24,0.49
109148,Divya,INST-3558,2:15,0,18,18.2,25.8,26,3.6,0,2.5,17.41,98.66,0.16
109149,Arun,INST-5104,16:30,318.6,36.2,34.8,39.3,80.1,3.8,0,4.9,17.81,97.66,0.72
109150,Akash,INST-1167,21:00,0,41.9,40.2,93.2,46.6,5.6,5,14.4,20.74,94.16,0.07
109151,Akash,INST-4746,0:30,0,29.3,30.7,82.6,27,11.9,0.3,16,22.3,94.01,0
109152,Meena,INST-2166,0:00,0,36.6,36.4,52.8,75.4,2.2,14.5,5.7,18.26,98.55,0
109153,Kumar,INST-7657,12:30,905.5,26.8,21.1,9.8,51.4,10.7,0,7.7,19.72,96.65,1.56
109154,John,INST-3719,3:15,0,31.2,29.6,77.4,22,7.5,15.7,25.6,19.39,94.65,0
109155,Ravi,INST-7930,16:15,211.3,22.7,20.3,65,80.5,0.2,17.7,15.3,20.63,93.53,0.19
109156,Kumar,INST-8362,8:15,361.7,26.3,24.7,30.3,39,11.4,0,12,20.37,97.91,0.73
109157,Divya,INST-9144,8:00,299.8,25.5,22.5,50.3,40.3,14.8,15.1,9.5,19.78,96.06,0.69
109158,Priya,INST-1475,23:15,0,36.8,38.3,68.9,72.1,14.9,24,18.5,18.68,94.49,0.14
109159,Divya,INST-3974,7:30,214.6,40.6,38.4,20.2,82.9,4.6,0,24.6,19.09,93.39,0.42
109160,John,INST-9068,23:15,0,32.9,32.1,78.7,83.9,10.8,6.9,28.4,22.44,97.34,0
109161,Meena,INST-2020,23:45,0,25.7,25.8,21.9,81.8,13.9,0,16.2,17.64,93.18,0
109162,Meena,INST-6138,4:45,0,26.3,28,93,87.1,14,15,10.2,22.46,96.01,0.03
109163,John,INST-1193,16:30,437.4,29.5,24.9,14.6,79,3.8,0,27.1,20.25,97.38,0.85
109164,Ravi,INST-6038,6:00,0,24.5,23.8,26.2,81.6,0.5,0,21.2,20.36,94.96,0
109165,Priya,INST-8678,15:45,269.7,33,30.8,71.2,46.2,10,3.2,19.6,19.72,95.08,0.34
109166,Akash,INST-2829,8:45,318.3,37.5,36,45.9,44.3,4.2,3.3,20.8,17.98,97.84,0.57
109167,Kumar,INST-6698,2:00,0,31.3,32.2,45.7,63.4,2.8,19.6,9.2,19.95,98.34,0
109168,Meena,INST-1672,2:30,0,20.9,22.9,80.9,68.3,6.5,13.7,5.1,22.64,94.97,0.17
109169,Akash,INST-9994,23:00,0,25.3,26.8,86.9,52.3,7.8,8.3,28.1,21.94,94.56,0
109170,Ravi,INST-5493,6:15,13.2,19.4,21.1,31.3,34.6,2.9,0,9.5,18.33,94.95,0
109171,Ravi,INST-7235,15:30,232.8,36.7,33.1,81.9,48.2,0.2,21.4,3.7,22.06,98.35,0.6
109172,Priya,INST-7386,12:45,551.1,32.2,26.9,53.3,39.5,7.4,19.7,2.7,17.1,98.79,1.07
109173,Meena,INST-3026,21:00,0,23,23.6,49.7,91.3,10.9,21,28.4,18.47,94.38,0
109174,Meena,INST-2250,6:00,16.4,30.5,30.9,0.6,35.7,8.7,0,3.8,21.63,94.24,0.1
109175,Akash,INST-7178,3:15,0,33.9,33.4,25.9,93.1,8.5,0,13.9,21.89,93.07,0.09
109176,John,INST-5853,1:45,0,38.1,38.3,69.4,54.5,7.4,16.9,25.1,20.72,92.8,0.15
109177,Priya,INST-7669,16:00,284.5,40,36.3,49.3,62.4,5.3,8.7,11.6,18.84,96.4,0.47
109178,Arun,INST-4091,21:45,0,22.3,23.8,75.2,30.8,1,13.9,9.7,21.99,94.64,0.03
109179,Meena,INST-5810,5:45,0,27.3,27.6,48,48.5,6.7,12.2,29.7,22.27,97.41,0
109180,Divya,INST-8113,21:30,0,33.1,34.6,46.6,25.7,12.4,18.3,3.7,17.94,94.11,0.11
109181,Kumar,INST-7085,7:30,54.5,25.2,25.7,86.1,79.3,11.3,15.9,23.4,18.74,95.42,0.25
109182,Akash,INST-1734,19:45,0,26.2,27.4,51.7,23.4,5.2,4.8,27.3,21.47,94.75,0
109183,John,INST-2286,1:00,0,28.2,29.3,44,73.2,8,17.4,20.9,17.71,96.96,0
109184,Akash,INST-4877,8:15,174.2,24.9,23.8,75.3,85.5,8.8,20.7,7.7,19.64,94.64,0.47
109185,Priya,INST-9476,22:00,0,16.9,18.8,89.9,90.5,11,18,29.7,20.06,96.9,0.01
109186,Divya,INST-8506,18:45,10.3,25.7,27.5,16.8,61.2,5.1,0,13.8,20.33,94.78,0
109187,Priya,INST-6620,9:45,571.4,35.9,32.5,20.6,76.7,5.1,0,24.4,22.65,97.81,1.02
109188,Akash,INST-1530,15:15,487.2,30.4,25.1,40,62.4,10.2,9.6,7.3,21.61,97.3,1.14
109189,Arun,INST-9250,11:00,916.1,34.9,25.8,7.7,40.8,4.3,0,8,20.18,92.52,1.63
109190,Arun,INST-4415,17:30,245.8,22.7,20.2,4.5,81.2,14.9,0,10,19.62,98.53,0.28
109191,Meena,INST-4118,13:15,445.9,35.1,32.3,65.3,31.7,2.1,2.7,29.6,21.49,95.17,0.83
109192,Kumar,INST-3761,0:45,0,39.7,38.9,56.4,41.8,0.3,3.2,25,22.9,98.78,0.06
109193,Divya,INST-9635,11:45,724.2,31.2,24.4,28.5,94.4,6.8,0,14.6,17.2,97.05,1.15
109194,Ravi,INST-9613,7:45,134.5,41.6,41.9,66.8,69.4,15,24.1,25.6,19.64,92.13,0.4
109195,Akash,INST-5198,14:30,625.5,37.4,33.4,33.5,43.7,10.8,0,27.9,19.74,93.29,1.16
109196,John,INST-8408,8:45,178.7,40.4,40.1,74,24.3,3.8,10.3,15.9,19.09,92.33,0.3
109197,Ravi,INST-4510,6:30,10.8,19.9,20.7,29.4,31.8,11.4,0,12.8,19.81,93.32,0
109198,Kumar,INST-7125,16:15,160.9,41.9,41,83.3,85.8,9.8,6.5,10.9,21.8,98.43,0.46
109199,Priya,INST-4884,11:00,727.7,27.4,20.9,30.5,92.6,5.8,0,15.2,22.2,98.57,1.53
109200,Akash,INST-3422,15:15,353.2,31.2,27.6,56.8,76.9,3.7,16.5,3.8,19.2,96.38,0.45
109201,Meena,INST-6273,4:30,0,43.9,41.9,24,91.6,8.2,0,1.6,19.97,95.32,0
109202,Priya,INST-8563,20:45,0,37.7,37.1,21.8,52.4,7.8,0,3.3,17.65,97.02,0
109203,Meena,INST-9489,0:15,0,33.6,33.1,37.5,35.7,10.8,0,0.5,18.91,94.88,0.17
109204,Meena,INST-6476,18:00,2.6,26.6,26.2,64,33.7,12.9,5.7,22.5,19.88,98.6,0.15
109205,John,INST-4348,21:45,0,21.1,19.8,46.5,29.5,1.2,0.9,27,18.47,94.26,0.09
109206,John,INST-9297,12:30,458.8,36.4,34.5,62.7,39.6,9.1,23.9,28.1,18.54,98.91,0.58
109207,Meena,INST-1321,9:00,334.6,41.8,37,64.9,58.7,4.6,23.7,12.1,17.25,95.85,0.68
109208,Divya,INST-5090,6:15,0,37.2,36.2,10.6,92.8,7.5,0,15.1,17.52,98.93,0.09
109209,Arun,INST-5741,18:45,0,21.6,22.8,19,42.4,5.1,0,4.9,22.06,93.89,0.04
109210,Akash,INST-8755,20:15,0,34.1,33.2,63.9,59.7,5.7,17.9,19.7,19.81,98.57,0
109211,John,INST-3856,23:45,0,21.7,21.7,51.1,59.2,14.9,3.1,0,22.11,92.71,0.11
109212,Meena,INST-8218,0:15,0,31.2,29.3,23.2,22,1.3,0,21.9,18.46,93.01,0.03
109213,Ravi,INST-9547,4:00,0,31.5,30.2,91.6,38.6,6.3,5.9,0.3,21.98,97.06,0.01
109214,Arun,INST-8670,7:30,126.2,19.3,19.9,55.1,84.6,2.2,12.2,10,22.93,94.06,0.11
109215,Priya,INST-4218,0:00,0,20.9,22.4,77,39.3,3,8.1,7.4,19.58,95.07,0
109216,Arun,INST-7875,18:00,6.3,28.3,27.7,74.2,91.8,2.8,11.6,9.9,18.06,98.06,0
109217,Arun,INST-5153,19:00,0,22.8,23.7,69.4,66,7.3,13,25.5,19.81,92.31,0.02
109218,Akash,INST-3753,6:45,0,36.2,36.4,87.8,23.6,7.4,6.2,17,18.05,94.7,0.03
109219,John,INST-2260,13:45,974.4,38,31.8,0.3,61.7,7.7,0,26.1,20.65,93.84,1.47
109220,Priya,INST-7407,22:15,0,34.8,35.8,46.1,57.7,8.7,6.5,23.5,17.44,98.95,0
109221,Divya,INST-1341,8:00,260.1,42.5,41.8,60.2,56.8,8,7.2,22.6,18.64,92.69,0.26
109222,Arun,INST-7571,2:15,0,36.3,36.4,99,25,12.9,19.3,7.9,21.76,95,0.04
109223,Akash,INST-6198,5:45,0,36.2,36.2,63,78.5,9.7,13.9,0.9,19.42,96.72,0
109224,Akash,INST-5987,8:00,353.9,30.1,26.4,36,35.8,14.3,0,18.9,21.3,94.39,0.49
109225,Priya,INST-2481,9:45,411.1,33.9,29.3,51,34.6,6.6,11.2,21.9,18.55,93.01,0.49
109226,Priya,INST-6676,5:45,0,21.4,23,61.8,60.5,3.7,23.1,10,17.78,98.93,0
109227,Kumar,INST-4634,15:30,571.5,34.2,29.1,20.9,70.3,3.3,0,26.1,21.1,94.65,0.81
109228,John,INST-6521,8:15,320.9,28.4,27.5,46.2,89,1,12.8,20,17.2,93.68,0.38
109229,Divya,INST-5694,12:00,401.5,37.3,35.1,71.1,32.9,6.6,15.8,6.1,21.48,96.77,0.76
109230,Kumar,INST-1075,20:15,0,25.6,27.6,25.9,93.9,4.7,0,15.1,19.77,96.77,0.13
109231,Priya,INST-5571,19:00,0,24.1,23.8,82.8,67.4,13.4,8.6,26.5,17.74,94.58,0
109232,Priya,INST-5723,7:45,157.2,25.3,24.2,55.2,68.5,3.3,21.8,19.7,17.73,97.25,0.36
109233,John,INST-4109,14:45,660.5,46.6,41.6,30.6,69.6,6.7,0,4,18.31,94.6,1.15
109234,Divya,INST-7954,8:15,474.2,24.5,19.8,1.7,20.6,6.9,0,28.9,22.73,97.07,0.86
109235,Divya,INST-6981,9:15,285.5,32.7,30.6,74.5,47.2,11.2,24.6,6.8,21.41,96,0.74
109236,Akash,INST-2521,18:15,17.5,20.5,19.9,7.8,91.9,14.4,0,18.8,17.26,98.62,0
109237,Arun,INST-4594,22:30,0,17.7,18.5,29.1,20.6,14.7,0,1.7,19.12,95.89,0.06
109238,Akash,INST-2229,5:15,0,34.3,32.5,66.7,78.2,14.1,13.7,22.8,17.77,95.84,0.11
109239,John,INST-1149,6:00,19.2,40.3,39.1,33.5,78.1,3.6,0,9.6,20.62,96.91,0
109240,Meena,INST-2021,10:30,686.7,31,25.8,25.4,61.6,6,0,23.4,21.04,92.51,1.18
109241,Ravi,INST-9072,8:45,458.8,41.1,36.4,7.7,68.4,6.2,0,21.2,20.77,96.45,0.64
109242,Priya,INST-1127,12:15,567.6,28.1,21.8,50.3,46.1,11.8,14.2,5.8,21.04,94.23,1.02
109243,Divya,INST-1873,20:00,0,38.8,40.2,42.7,46.1,9.6,24,9.5,20.73,98.55,0.12
109244,Kumar,INST-1895,2:15,0,25.6,26.1,46.7,66.8,9.7,18.4,9.4,21.94,97.78,0.01
109245,John,INST-5199,14:15,852.6,40,31.6,2.5,49.7,2.3,0,3.3,18.97,95.98,1.4
109246,Meena,INST-5840,20:30,0,36.7,35.6,55.5,41.6,13.7,23.5,0.9,22.13,98.63,0.13
109247,Ravi,INST-3341,18:00,0,26.8,27.5,63,77.8,8.8,16.7,18.2,18.12,95.46,0.17
109248,Divya,INST-9931,4:15,0,19.2,20.4,24.3,56.9,3.5,0,27.5,22.22,96.75,0
109249,Priya,INST-9674,2:00,0,33.8,34,92.2,54.5,7.6,15.7,8.6,19.56,92.09,0.05
109250,Akash,INST-6655,9:45,689.2,29.1,23.6,5.9,54.9,6.2,0,14.4,22.99,94.57,1.27
109251,Meena,INST-2832,13:45,873.8,36.4,27.2,12.5,71.7,15,0,21.1,19.06,96.91,1.58
109252,John,INST-7249,23:00,0,34.3,35.5,35.4,61.2,12.4,0,19.5,19.03,93.89,0.11
109253,Priya,INST-7586,11:00,638.2,41.1,34.2,40.6,71,2.2,22.1,14.7,19.96,93.19,1.26
109254,Akash,INST-3135,16:30,282.4,40.1,36.7,51.3,82,8.2,1.3,14.4,19.78,94.8,0.36
109255,Arun,INST-8394,4:15,0,35.5,34.7,47.7,63.7,10.8,4.7,29.1,20.04,96.32,0
109256,Divya,INST-8955,16:30,268,21.2,19.6,51.5,71.9,14.8,11.7,5.3,18.08,94.75,0.62
109257,Divya,INST-8674,3:00,0,21.3,19.3,30.3,27.2,9.1,0,9.2,21.87,96.06,0
109258,Ravi,INST-7788,22:15,0,28.5,30.1,93.8,46.3,6.2,21.1,29.1,20.33,95.43,0.18
109259,Ravi,INST-8308,6:45,0,38.2,39.7,2.2,84.7,5.1,0,13.4,17.38,95.77,0.1
109260,Priya,INST-3159,19:00,0,19.7,18.9,78,79,10.8,24.6,22.4,22.56,95.65,0
109261,John,INST-1295,4:15,0,24.4,25.5,74.8,22.9,0.5,20.6,6.3,17.51,96.11,0.04
109262,Akash,INST-2325,23:00,0,32.6,33,32.3,43.9,6.3,0,10.6,20,97.3,0
109263,Meena,INST-3920,13:45,593.3,33.6,27.3,45.5,71.7,6.8,11.8,4.4,22.85,93.16,1.36
109264,Priya,INST-6903,22:00,0,40,40.1,45.3,55.9,5,21.2,3.6,19.66,93.74,0
109265,Ravi,INST-3123,14:30,588.8,40.8,35.3,40.7,26.7,3.8,17.8,28.5,19.45,93.28,0.76
109266,Arun,INST-9485,11:30,455.7,31.5,27.5,61.5,38.1,0.5,3.7,3.4,20.22,93.6,0.73
109267,Arun,INST-3358,9:45,334.8,41.5,38.6,64.4,29,1.8,22.7,2.8,17.6,95.91,0.52
109268,John,INST-6355,11:45,288.8,22.9,21.3,84.4,57.6,10.4,23.3,27.8,21.74,96.61,0.41
109269,John,INST-2605,22:45,0,30.4,31.4,58.7,52.7,13.4,12.5,11.6,20.92,97.61,0.11
109270,Akash,INST-6518,4:30,0,17.5,18.4,96.9,83.8,12.9,0.4,29.6,22.5,95.67,0
109271,Arun,INST-7947,16:15,287.5,35.5,33.3,49.1,61.7,5.1,6.3,8.4,18.33,93.8,0.5
109272,Arun,INST-3543,23:00,0,36.6,35.4,90.8,85.7,1.2,9.4,9.3,22.52,98.16,0.02
109273,Priya,INST-7963,11:30,811.3,24.8,18.3,20.9,77.8,14.3,0,7,21,98.65,1.5
109274,Kumar,INST-4401,1:00,0,36.3,38,79.8,82.5,1.9,20.4,14.6,18.81,97.13,0
109275,Akash,INST-5848,11:15,786.8,27.7,19.2,23.5,36.5,12.4,0,26.5,21.8,94.36,1.56
109276,Akash,INST-5071,7:30,230.8,19.6,19.3,13.5,80.2,9.5,0,7.6,21.13,92.18,0.43
109277,Akash,INST-1964,5:30,0,35.1,35.5,90.3,63.2,1.2,7.1,23.8,20.29,97.52,0
109278,Ravi,INST-3912,14:30,853.6,25.2,19.8,2.4,66.5,11.1,0,19.2,18.67,92.93,1.54
109279,Kumar,INST-8686,2:00,0,36.4,35.5,72.6,76.7,5.4,9.4,12.2,22.26,98.14,0
109280,Divya,INST-2514,17:00,240.6,21.8,21.3,9.1,83.8,13,0,21.4,20.13,93.25,0.52
109281,Ravi,INST-3414,22:00,0,22,23.9,94.5,68.1,7.3,18.4,21.1,21.65,92.61,0.02
109282,Divya,INST-6971,14:30,739.8,37.4,31.1,19.3,87.5,11.8,0,2.8,22.83,95.27,1.64
109283,Meena,INST-4827,14:45,596.3,29.7,24.6,35,72.6,5.3,0,11.4,20.25,92.12,1.24
109284,Arun,INST-7839,2:15,0,23.5,22.6,29.2,84.7,12.5,0,2.8,17.18,93.05,0.13
109285,Meena,INST-7143,12:30,927.8,51,41.5,6.5,33.4,1.4,0,2.9,20.79,94.77,1.72
109286,John,INST-3095,6:00,7.3,22.4,20.7,74.5,94.4,2.9,19.5,22.4,21.01,95.76,0.12
109287,Meena,INST-4106,2:30,0,32.5,33.1,37.3,51.1,0.5,0,17.5,20.59,97.45,0
109288,John,INST-7940,22:30,0,26,27.3,43.9,36.1,7.6,23.6,23.5,17.58,93.15,0.18
109289,Kumar,INST-9138,0:45,0,39.1,37.6,44.6,72.5,5.7,14.2,28.7,17.72,97.22,0.11
109290,John,INST-7000,17:00,210.2,23.8,23,21.6,61.9,6.3,0,16.5,22.67,94.78,0.53
109291,Meena,INST-1450,21:30,0,21.1,23,57.9,28.6,9.7,13.8,22.5,19.62,95.41,0.02
109292,John,INST-4748,20:00,0,27.2,26.9,96.7,67.8,9.1,24.9,25.6,19.06,96.61,0.2
109293,John,INST-9541,1:00,0,26.7,28,21.3,22.4,6.2,0,0.8,19.76,94.5,0.1
109294,Kumar,INST-6713,14:45,449,25.4,19.7,58.2,23.7,3.9,23.6,3.3,22.4,96.79,0.94
109295,Arun,INST-9521,9:30,414.7,39.6,34.7,52,77,1.7,24.9,22,19.6,98.66,0.7
109296,Priya,INST-7199,11:15,731.3,35.4,30.5,27.6,38,7,0,25,21.18,94.1,1.26
109297,Divya,INST-2862,1:15,0,21.3,20,32.4,94.9,2.7,0,3.7,18.19,97,0.07
109298,Kumar,INST-9052,10:00,515.8,43.9,40.6,49.3,32.5,0.2,21.7,3.9,17.96,95.67,0.97
109299,Ravi,INST-8275,3:30,0,41,40.6,32.9,54.6,2.9,0,22.8,21.61,96.42,0
109300,Arun,INST-2893,9:15,345.6,42.1,39,63.4,25.9,7.2,3.5,19.6,21.87,93.72,0.65
109301,Priya,INST-2366,19:45,0,38.8,39.3,87.3,53.2,9.2,0.5,20.4,18.03,96.23,0
109302,Arun,INST-9439,7:30,90.9,36.7,37,69.6,47.4,0.8,4.6,27,18.73,95.14,0.18
109303,Kumar,INST-3860,11:00,741.7,36.7,30.5,28.7,32.1,5.5,0,9.4,22.67,94.09,1.58
109304,Ravi,INST-3154,16:30,482.5,41.9,36.3,5.2,81.3,2.7,0,17.5,21.23,95.1,1.02
109305,Arun,INST-1250,6:30,0,34.4,34.7,15.1,45.5,14.5,0,29.1,22.81,97.63,0
109306,Akash,INST-9747,0:00,0,35.2,35.7,85.1,44.8,6.3,15.8,11.1,20.89,92.86,0
109307,Divya,INST-4628,8:00,194,41.9,41.4,75.8,32.3,7,13.9,2,22.18,95.59,0.39
109308,Kumar,INST-3008,20:00,0,38.5,38.4,60.1,37.3,8.8,12.6,16.7,19.61,98.34,0.02
109309,Akash,INST-8740,20:15,0,35.7,34.6,79.1,69.5,7.2,23.2,17.5,18.68,95.95,0
109310,Priya,INST-1581,2:00,0,30.4,29.2,66,78.9,10.7,20.5,7.9,20.22,98.46,0
109311,John,INST-3944,20:15,0,38.7,38.9,62,90.7,5.9,11.5,10.3,21.8,98.44,0
109312,Arun,INST-8362,4:15,0,36.8,37.7,20.2,43.9,0.1,0,16.3,17.1,97.6,0
109313,Arun,INST-6348,23:15,0,25.4,25.9,77.4,85.1,11.5,16.6,9.1,19.35,96.65,0.11
109314,Meena,INST-8996,1:00,0,31.5,33.4,73.2,82.3,12.3,24.1,29.2,17.23,97.71,0
109315,John,INST-8720,22:45,0,36.1,35.3,58.7,53.2,2.5,23,20.9,17.23,92.16,0.19
109316,Meena,INST-6047,18:00,18.3,28.1,25.9,5.1,65.8,12.4,0,1.9,19.07,92.1,0.09
109317,Meena,INST-3284,9:00,443.2,34.7,32,46.6,56.4,7.8,21,3.1,19.77,92.46,0.73
109318,Ravi,INST-6395,7:30,259.4,32.3,28.6,7.8,87.4,1.8,0,15.5,18.31,98.17,0.44
109319,Arun,INST-2407,10:30,727.1,33.7,28.9,19.1,73.8,11.6,0,17.4,19.26,94.37,1.01
109320,Kumar,INST-5085,1:15,0,39.4,40.2,32.4,44.4,3.8,0,4.4,19.12,93.24,0.07
109321,John,INST-1836,11:45,751.4,47.3,39.6,26.9,78.9,6.2,0,6.2,18.26,93.93,1.17
109322,Ravi,INST-4282,16:30,156.1,30.8,30.1,86.7,37.4,14,15.3,12.3,21.16,94.36,0.25
109323,Priya,INST-5910,20:30,0,23.8,23.4,64.4,46.7,1.7,23.5,26.3,19.63,98.6,0.08
109324,Ravi,INST-5689,3:45,0,35.2,34.6,62.7,88.8,11,19.2,22.6,21.55,97.11,0
109325,Arun,INST-9646,18:30,10.4,23,24.5,73.3,39.1,0.1,7.1,23.6,22.58,97.68,0
109326,Priya,INST-1036,13:15,593.5,31.2,27.7,44.3,75,14,12.4,21.8,17.44,98.69,0.79
109327,Kumar,INST-9869,13:15,331.6,36.4,32.9,79.2,62.7,7.2,0.7,3.6,18.16,98.96,0.57
109328,Akash,INST-8230,8:00,326.9,40.2,39,41.5,54.9,2.5,23.6,4.8,22.23,93.28,0.56
109329,John,INST-6704,1:15,0,33,31.7,49.8,47.6,7.5,8.4,5.3,20.23,96.26,0
109330,Divya,INST-5575,16:00,153,23.5,24.1,83.6,86.2,5.3,22.7,11.6,18.53,98.27,0.15
109331,Priya,INST-8943,18:15,5.6,28,27.1,55.4,41.7,3.3,11.1,6.3,22.84,96.38,0
109332,Akash,INST-8996,4:45,0,40.2,39.8,89.9,53.7,5.3,0.3,25.7,22.66,95.01,0.05
109333,John,INST-6478,2:45,0,27.3,26.9,74.7,68.8,5,1.4,0.7,18.25,95.59,0.05
109334,Arun,INST-1520,20:15,0,36.8,35.5,59.4,74.4,13.2,10.3,22.5,17.3,97.89,0
109335,Kumar,INST-2182,11:30,370.3,24.6,22.9,74.8,36.3,7.9,6.6,22.1,18.14,97.53,0.44
109336,John,INST-1343,8:00,438.6,26.4,21.5,13.7,49,3.6,0,3.7,17.07,98.96,0.83
109337,Arun,INST-6349,1:30,0,33.6,34.2,43.9,82.4,7.2,17.6,19.4,21.12,96.15,0.05
109338,John,INST-8385,5:15,0,37.8,36.9,40.3,86.3,12.3,19.5,3.5,21.28,92.41,0
109339,Ravi,INST-6429,14:45,377.4,20.6,19.4,67.3,66.4,10.8,12.2,2,18.49,93.83,0.48
109340,Meena,INST-6314,12:15,577.6,31.9,27.3,48.7,67.4,1.1,11.6,3.8,18.68,95.29,1.12
109341,Arun,INST-2773,19:30,0,25,26.5,83.4,21.6,11.6,24.9,2.5,21.94,98.9,0.16
109342,Priya,INST-2676,18:45,0,22.5,21.2,42.4,60.8,9,16.9,2.6,17.69,93.68,0
109343,Akash,INST-4334,11:00,486.6,27.7,22,59.7,21,6.2,21.2,8.6,18.34,93.18,0.81
109344,Priya,INST-3902,21:15,0,19.2,19.7,53.5,70.9,9,23.1,1.7,20.7,94.6,0
109345,Akash,INST-5372,3:45,0,25.4,25.5,28.9,72,7.7,0,27.3,22.9,94.39,0.15
109346,Priya,INST-4244,7:00,241.7,25.8,22.8,15.8,46.7,1.9,0,25.9,20.73,97.07,0.24
109347,Priya,INST-3684,21:45,0,18.6,19.6,30.8,67.4,3.2,0,1.5,17.66,92.64,0
109348,Priya,INST-9943,5:45,0,40.3,41.9,87.3,91.1,5,6.6,0,17.46,98.81,0
109349,Kumar,INST-7086,1:30,0,24.9,23.4,24.8,33.8,12.2,0,19.5,22.02,97.75,0
109350,Ravi,INST-9141,15:30,241,34.5,30.9,79.3,58.5,1,6.4,20.8,21.28,97.92,0.59
109351,Meena,INST-4213,1:00,0,21.9,21.9,98.6,67.4,6.7,19.4,26.4,22.29,95.87,0
109352,Akash,INST-3690,2:15,0,22.3,22,34.6,74.7,11.3,0,22.4,18.71,92.36,0
109353,Priya,INST-7337,13:15,558,36,31.9,53,61.7,2,4.4,6.5,22.35,96.01,1.02
109354,Kumar,INST-9678,10:30,404.3,32,30.2,66.1,26.4,6.9,12.3,4.6,18.8,95.14,0.64
109355,John,INST-7957,8:15,371,28.3,25.3,31.2,47.1,13.1,0,27.9,17.63,93,0.5
109356,Akash,INST-3334,17:00,149.1,21.6,19.7,42.3,31,14.5,22.6,17.9,17.27,95.79,0.03
109357,Arun,INST-8008,13:45,922,30.4,22.2,5.8,53.2,0.5,0,2.3,22.49,93.25,1.74
109358,Priya,INST-5618,18:15,9.9,30.4,28.4,42.5,60.2,7.8,10.7,11.5,18.67,97.53,0.15
109359,Akash,INST-2632,17:00,268.2,25.2,21.5,4.7,72,9.8,0,16.3,19.81,98.94,0.36
109360,Akash,INST-2689,11:45,278.1,31.4,31,84.1,71.1,12.2,16.1,25.3,18.92,98.91,0.64
109361,Akash,INST-8127,2:30,0,28.7,29.3,49.5,60.8,7.7,14.1,23.6,18.68,97.52,0
109362,John,INST-2340,8:30,390.5,42.7,40.6,24.2,79.5,7.6,0,10.3,22.21,92.94,0.95
109363,Divya,INST-1073,17:45,150.5,41.3,38.5,48.5,41.8,10.8,22.7,16.1,17.91,93.15,0.06
109364,Ravi,INST-9264,17:45,116.6,38.2,37.7,71.1,84.9,6,14.7,3.1,19.13,97.92,0.25
109365,Ravi,INST-2897,12:45,485,44.9,41.8,63.3,72.9,0,14.3,11.4,20.81,97.37,1.04
109366,Meena,INST-9644,4:30,0,33.8,35.4,62,25,8.4,19.5,25.7,17.36,94.8,0.15
109367,John,INST-4081,12:45,824.8,28.5,20.3,21.7,95,2.3,0,9.2,22.57,98.38,1.57
109368,Priya,INST-4908,15:15,629.1,30.2,23.1,15.7,22.6,4,0,16.6,20.9,95.07,1.05
109369,John,INST-7161,11:00,595.4,37.8,33.4,48.2,59.2,11.6,7.1,5.6,22.08,99,1.19
109370,Divya,INST-9008,15:45,466.5,31.8,26.3,38.8,28.9,14.9,0,24.6,21.89,95.2,0.71
109371,Kumar,INST-9819,13:00,770.4,31.9,25.7,26.4,23.6,3.6,0,26.2,21.77,97.07,1.44
109372,Meena,INST-7931,11:00,448.5,44.8,41.8,65.9,61.6,10.1,6.6,24.1,20.43,95.42,0.8
109373,Kumar,INST-3704,0:00,0,29,29.4,36.8,65.5,9.6,0,10.6,20.17,94.16,0.03
109374,Akash,INST-3258,21:00,0,33.8,32.3,91.6,84.2,13,2.2,18.7,18,94.61,0.11
109375,Akash,INST-2068,18:30,0,20.5,20.4,36.5,66.7,5,0,30,20.93,98.53,0
109376,Arun,INST-5536,6:15,15.8,32.8,30.9,85.2,45.7,8,23.8,4.8,19.84,97.23,0.03
109377,Ravi,INST-6134,1:00,0,41.5,40.9,71.7,68.6,0.4,5.8,12.5,20.54,92.49,0.05
109378,Meena,INST-1024,14:30,676.4,27.4,20.2,24.5,88,8,0,27.4,17.1,93.73,0.95
109379,Akash,INST-6452,5:00,0,40.8,40.8,33.8,56.9,6.2,0,22.8,20.43,92.83,0
109380,Ravi,INST-4911,1:15,0,25.8,26.9,82,77.8,7.6,18.4,16.1,20.48,93.69,0.12
109381,Divya,INST-4534,5:30,0,33,34.2,79.4,60.4,13.1,0.5,25.6,21.01,94.27,0.07
109382,Kumar,INST-7685,5:00,0,24.7,23.3,40.1,59.1,6.1,24.3,24.1,22.36,97.71,0.19
109383,Ravi,INST-3894,15:30,241.2,19.5,18.2,82.1,63.7,6.7,24.2,25.9,17.65,94.88,0.31
109384,Ravi,INST-1081,5:15,0,19,18.5,53.5,56.5,4.1,15.5,7,21.93,96.8,0
109385,John,INST-5022,10:15,580,43.9,40.6,40.9,56.7,2.1,6.4,16,19.35,97.51,1.02
109386,John,INST-6279,5:00,0,30.2,29,69.6,90.7,12.1,5.1,13.4,18.77,96.51,0
109387,Priya,INST-2835,0:00,0,26.1,26.6,99,70,11,23.8,1.8,19.55,96.55,0.03
109388,Arun,INST-4810,9:15,439.3,43,41.2,44.1,55.3,2,14.4,20.9,19.13,98.06,0.61
109389,Arun,INST-3122,8:30,204.1,29.1,26.9,69.5,81,0.1,1,9.6,19.49,98.02,0.36
109390,John,INST-5662,22:15,0,36.1,34.4,33.1,47.8,4.9,0,23.1,22.88,98.63,0.1
109391,Arun,INST-5945,22:30,0,21.5,20.5,53.3,30.6,4,11,12.8,22.25,93.58,0
109392,Ravi,INST-3179,19:00,0,33.8,32.2,36.6,32.8,2.8,0,10.8,19.69,94.83,0
109393,Arun,INST-8462,10:15,425.2,30.2,26.3,61.6,82,8.7,16.9,5.5,18.28,92.3,0.75
109394,Ravi,INST-8910,15:45,440.4,39.1,35.2,46.8,57.1,4.8,16.6,26.7,19.94,95.74,0.8
109395,Arun,INST-7027,18:45,0.7,33.5,35.4,19.4,81.1,1.1,0,0,19.52,97.63,0
109396,Meena,INST-8828,4:45,0,19.9,18.6,36.4,31.6,8.4,0,4,22.59,97.04,0
109397,Meena,INST-6929,7:15,146.4,22.6,20.7,60.9,45.9,12.5,16.2,7.7,20.08,97.28,0.39
109398,Divya,INST-9250,4:00,0,32.4,33.1,22,91.3,13.7,0,13.2,17.72,94.55,0
109399,Divya,INST-7057,14:00,258.4,25.1,21.3,84.2,27.8,2.5,21.4,6.3,19.05,92.14,0.53
109400,Divya,INST-5551,18:15,19.6,43.8,41.9,36.2,47,7.3,0,9,22.69,97.85,0
109401,Akash,INST-8297,23:45,0,18.3,19,29.3,90.9,14.4,0,22.9,17.7,97.3,0
109402,Divya,INST-7832,20:00,0,39.5,41.4,85.4,91.8,2.3,22.8,14.5,17.39,93.24,0.11
109403,Meena,INST-4441,18:15,0,21.8,21.5,29.9,27.4,6.6,0,27.9,21.57,98.43,0.02
109404,Ravi,INST-6592,23:30,0,23,25,91.9,56.4,1.8,8.6,18.9,19.19,97.48,0.17
109405,Ravi,INST-6650,15:45,632.9,27.5,21.1,14.9,89.2,11.6,0,27.4,20.71,94.15,1.06
109406,Arun,INST-9272,5:15,0,26.4,27.6,99.3,74.5,4.4,19.4,13.1,19.87,96.83,0
109407,Priya,INST-1258,12:45,972.4,28.6,18.7,5.4,63.3,9.7,0,15,21.65,97.04,1.87
109408,Divya,INST-5087,11:15,533.7,32.3,26.6,51.8,49.9,2,15.4,16.8,17.06,92.49,0.9
109409,Meena,INST-2569,14:00,741.7,46.1,41.8,15.8,22,6,0,0.7,22.39,93.94,1.45
109410,John,INST-5003,0:45,0,25.2,25.5,41.5,94,9.6,11.6,10.9,17.07,95.73,0
109411,John,INST-5314,4:45,0,34.8,35.9,95,38.7,14,4.8,17.1,20,94.17,0
109412,Kumar,INST-9944,23:00,0,32.4,31,28.8,75.9,12.8,0,15.7,18.5,93.47,0
109413,Akash,INST-9134,1:15,0,40.5,38.9,30.2,38.6,11.8,0,8.2,22.14,96.21,0.16
109414,Arun,INST-8920,11:30,799.3,42,33.9,18.9,33.2,8.4,0,29.3,17.26,92.33,0.95
109415,Priya,INST-3070,19:00,0,29.1,29.5,45.8,73.7,6.2,16,18.6,22.39,96.85,0
109416,John,INST-9230,20:30,0,29.8,31.3,76.5,61.4,9.5,8.9,13.5,22.69,98.02,0.15
109417,Arun,INST-1942,11:45,452.2,44.5,42,65.8,89.6,8,24.3,6.8,17.79,97.18,0.86
109418,Arun,INST-9195,1:15,0,42.9,41.7,84.6,80.9,0.6,6.9,3.9,18.26,98.5,0.01
109419,Meena,INST-4395,8:00,245.4,43.8,41.2,63,30.3,6.6,6.6,10,21.08,97.46,0.54
109420,Akash,INST-2758,18:00,0,19.7,18.5,47.7,49.5,3.4,7,23.9,21.22,93.84,0
109421,Meena,INST-3835,23:00,0,30,29.7,65.6,37.7,2.5,23,22.3,17.65,98.31,0
109422,John,INST-1660,6:45,0,22.8,21.4,4.7,76.2,4.4,0,26,21.11,95.47,0
109423,Divya,INST-4858,23:45,0,27,28.7,75,46.2,9.1,20.7,20.4,20.58,92.85,0.11
109424,Priya,INST-6882,10:15,637.8,39.9,35.5,30.2,42.2,4.2,0,17.7,17.98,95.77,0.91
109425,Priya,INST-8929,1:15,0,22.2,24,97,53.4,13.3,8.8,25.1,20.25,96.02,0.09
109426,Arun,INST-3115,20:00,0,32.4,31,80.5,37.2,10.5,15.3,6.8,19.84,93.9,0
109427,Kumar,INST-7763,21:30,0,35.7,34.3,88.1,55.1,2.9,8.7,17.4,22.27,98.6,0.1
109428,Priya,INST-8624,23:00,0,30.4,30.7,72.2,60.8,12.2,23.2,25.4,18.82,93.57,0.01
109429,Akash,INST-6867,18:45,0,23.3,22.7,50.8,82.9,7.2,21.1,28.4,18.74,95.11,0.06
109430,Priya,INST-6223,9:45,615.5,36.2,30.6,13.5,50,10.2,0,14.3,22.5,94.76,1.13
109431,Meena,INST-4833,13:45,549.1,40.7,37.9,51.8,76.5,14.6,2.8,22.1,18.74,92.43,0.9
109432,Meena,INST-5616,10:30,839.8,32.9,27.1,6.3,35.7,12.1,0,9.4,22.76,96.65,1.88
109433,John,INST-8418,5:00,0,31.1,29.4,44.8,85.5,9.6,11,22.4,19.39,97.44,0.01
109434,Priya,INST-7522,3:45,0,19,20,60.8,88.4,3.1,9.5,11.3,17.53,93.62,0.11
109435,Ravi,INST-6673,4:15,0,22.2,23.6,36.1,20.4,12.1,0,27.3,19.31,93.55,0.16
109436,Priya,INST-3185,6:30,0,30.6,31.9,51.8,28,11.1,10.1,15.9,20.11,94.44,0.02
109437,Meena,INST-2024,19:15,0,24.2,23.2,21.1,30.8,6.6,0,15.1,21.3,93.02,0.1
109438,Kumar,INST-5646,2:45,0,24.9,25.8,36.5,93.9,7,0,5.3,21.37,96.81,0
109439,Meena,INST-7257,3:30,0,30.9,29.5,47.1,32.6,13.5,12.2,10,21.28,97.28,0
109440,Ravi,INST-7496,16:15,190.4,37.5,35.4,78.6,60.9,12.2,3.5,26.4,21.36,95.49,0.47
109441,Ravi,INST-3918,17:00,188.5,24.7,21.6,25.8,28.6,5.3,0,14.4,21.15,96.35,0.33
109442,Meena,INST-2523,10:15,434.5,22.8,19.7,61.9,45.7,12.2,15.9,27.3,18.67,92.01,0.77
109443,Akash,INST-1553,12:15,396.6,33,30.2,72.6,89.4,6,11.1,2.4,18.21,94.18,0.57
109444,Arun,INST-3685,1:00,0,31.9,32,58.2,76.6,7.6,18.1,2.1,17.22,94.77,0
109445,Akash,INST-8586,17:30,155.8,25.4,25.1,40.2,94.7,8.9,4.3,11.1,22.44,94,0.19
109446,Divya,INST-3569,12:45,300,21.6,18.5,82.7,63.2,6,9.3,3.3,17.32,92.76,0.67
109447,John,INST-8593,19:00,0,34,33.8,80.6,66.1,14.2,16.3,20.6,20.12,94.88,0
109448,Priya,INST-8758,15:00,563.7,45.6,41.4,26.3,80.2,6.3,0,24.6,19.47,95.79,0.86
109449,John,INST-5808,6:30,19.6,35,33.7,73.7,68.6,0.9,4.8,22.2,18.32,92.68,0
109450,Divya,INST-5711,21:15,0,33.4,33,41.9,58.2,10.8,21.5,16.3,19.2,92.95,0
109451,Ravi,INST-1048,20:15,0,29.7,31.5,52.3,90.5,11.8,9.4,1.7,21.25,96.12,0
109452,Priya,INST-2927,8:45,183.9,36.5,33.1,75.4,56.4,5.8,8.3,16.1,22.5,98.25,0.24
109453,Arun,INST-6888,23:30,0,31.1,30.3,92.8,67.6,12,15.6,29.1,22.22,98.08,0
109454,Kumar,INST-2201,7:45,107.3,37.2,35.7,64.4,86.3,11.1,7.2,26.5,21.01,96.65,0.02
109455,Kumar,INST-2027,12:15,285.9,39.1,38.7,86,59.1,9.2,21.5,12.4,17.57,97.95,0.47
109456,Arun,INST-6663,16:15,479.9,31,27.6,4.9,69.3,2.8,0,20.8,22.09,94.49,1.01
109457,Priya,INST-6454,8:45,207,37.2,37.1,72.8,59.7,9.3,3.7,23.2,18.1,95.4,0.4
109458,Priya,INST-3773,17:45,226.4,37.4,35.7,18.3,26.4,9.4,0,1,18.99,94.11,0.26
109459,Meena,INST-7876,11:45,684.2,45.3,38.9,37.3,23.2,6.4,0,27.7,22.26,94.94,1.37
109460,Ravi,INST-4185,0:00,0,32.3,30.7,93.7,81.9,0.4,22.5,4.2,18.34,96.64,0.08
109461,Kumar,INST-9894,13:45,451.3,42,39.1,61.9,42.9,12.6,9.2,10.6,18.21,93.88,0.67
109462,Kumar,INST-8524,7:45,101.9,17.1,18.1,77.2,34.5,11.4,23.2,25.7,21.94,93.84,0.07
109463,Akash,INST-3521,21:15,0,27.4,28.3,45.6,86,5.6,4.5,8,20.81,94.83,0
109464,Akash,INST-2362,6:00,0,22.8,23.7,22.6,56.9,8.4,0,27.2,22.28,95.1,0.11
109465,John,INST-7553,13:30,787.3,41.3,33.4,21.5,44.2,0.2,0,14.6,21.42,98.11,1.73
109466,Kumar,INST-6847,16:30,174.6,28.9,26.1,77.2,28.1,2.9,13.1,4.8,21.47,92.88,0.37
109467,John,INST-5778,6:30,0,38.7,40.2,15.7,86.4,11.1,0,1.7,18.61,92.98,0.14
109468,Akash,INST-8524,20:30,0,21.9,22.1,65.9,83.9,4,7.2,25.9,20.85,95.77,0.16
109469,Meena,INST-4589,22:00,0,31.5,33.4,89.7,24.6,8,13.6,10.8,22.68,94.34,0
109470,Kumar,INST-9161,23:45,0,17.9,18.5,77.6,60.2,12.8,22.4,29,17.44,97.33,0.16
109471,Divya,INST-4525,16:30,345.7,44.6,40.1,37.8,33.9,5.4,0,15.4,22.78,94.89,0.62
109472,Akash,INST-1853,3:30,0,36.5,35.7,65.4,46.1,10.3,22.7,19.4,17.87,96.16,0.18
109473,Divya,INST-2736,5:00,0,35.7,37.3,27.1,79.9,7.3,0,10.7,18.03,97.88,0
109474,Divya,INST-8157,19:30,0,40.9,40.4,43.2,63.2,1.1,19.7,16,22.68,96.61,0
109475,Meena,INST-6655,3:30,0,21.6,20.1,89.8,79.6,6.9,0.2,20.1,22.77,92.98,0.05
109476,Divya,INST-4243,14:45,863.1,40.5,34.3,0.2,56.3,6.8,0,9.1,21.61,92.38,1.64
109477,John,INST-6044,17:00,70.2,31.3,31.1,86.8,71.5,11.7,2.7,7,20.43,92.24,0.19
109478,John,INST-4242,7:00,225.1,30.8,28.2,19.5,32.7,8.1,0,16.5,20.77,96.02,0.3
109479,Meena,INST-3451,7:30,148.6,29,26.9,56.4,76,9,13.5,15.8,18.23,94.95,0.14
109480,Kumar,INST-1775,4:15,0,25.4,25.4,82.1,40,7.4,7.2,7.8,22.75,92.22,0
109481,Divya,INST-2230,15:00,371.1,28.5,23.9,54.3,36.8,8,3.1,25.5,22.53,92.13,0.75
109482,Meena,INST-5411,16:15,486.8,26.9,21.6,7.4,86.2,8.4,0,2.1,19.24,95.62,0.98
109483,Ravi,INST-7202,6:15,6.2,32.5,32,61.3,62.4,5.6,18.2,19.7,22.86,98,0
109484,Kumar,INST-2078,2:15,0,28.3,28.5,41.2,82.7,13.5,21.4,27.1,21.79,93.87,0.05
109485,Arun,INST-9510,14:15,261.7,30.5,27,81.1,39.2,12.2,17.4,6.3,19.1,98.79,0.55
109486,Ravi,INST-4063,1:30,0,32.1,30.8,54.5,49.2,4.5,24.6,25.9,21.12,92.26,0
109487,Akash,INST-3617,14:30,307.3,23.7,21.1,77.8,59.7,10.8,7.1,23.6,21.71,93.56,0.45
109488,Akash,INST-1499,14:30,300.9,36.3,34.1,77.8,55,2,1.1,10.8,18.01,93.24,0.66
109489,Arun,INST-4524,21:00,0,25.2,26.5,98,24.3,3.1,7.1,11.1,21.87,92.57,0.17
109490,Ravi,INST-1358,7:30,146.4,38.8,36.7,61,45.5,14.3,9.3,26.7,22.32,93.09,0.13
109491,Divya,INST-8612,3:15,0,34.9,34.7,90,77.8,5.2,12.3,24.7,21.05,93.13,0.09
109492,Kumar,INST-6383,7:00,104,22.6,20.9,71.8,50.1,5.8,11.7,0.3,18.24,98.21,0.1
109493,Akash,INST-5628,9:30,395.7,31.9,28.8,52.5,25.9,0.2,4.3,24.6,18.95,96.56,0.52
109494,Kumar,INST-6386,12:00,840.2,37.4,28.7,20.9,28.1,14.4,0,19.2,17.18,93.17,1.03
109495,Ravi,INST-9583,16:30,460.8,36.9,33.9,10.9,70.3,2.9,0,1.1,19.26,92.63,0.93
109496,Akash,INST-7557,21:00,0,41.1,41,55.3,81.7,13.8,9.3,25.9,22.22,98.44,0
109497,Arun,INST-8469,18:30,17.8,25.1,26.1,48.7,30.7,1.1,9.7,26.7,21.08,93.69,0.21
109498,John,INST-8551,20:45,0,27.2,28,48.3,77.5,14.3,14.6,23.5,21.33,98.86,0.08
109499,Kumar,INST-2136,21:30,0,36.3,36,76.5,85.7,14,17.1,7.5,18.91,92.71,0.08
109500,Priya,INST-4622,0:30,0,32.5,33.4,20.2,48.9,6.8,0,13.5,21.56,94.15,0.16
109501,Kumar,INST-2286,3:00,0,26.7,27.9,22.2,89.3,0.5,0,15.4,22.99,97.89,0
109502,John,INST-7357,17:30,195.2,21.2,18.8,34.3,35.7,5.5,0,24.5,19.95,98.55,0.19
109503,John,INST-4759,2:00,0,22.2,21.5,99.7,63,5,4.8,24.1,19.33,94.91,0.08
109504,Akash,INST-2770,13:00,470.8,27.5,22.9,59.7,68.9,8.6,15,1.5,17.14,96.94,0.65
109505,Arun,INST-7881,11:15,434.1,27.8,24.6,65.8,29.7,9.2,16.5,9.8,18.27,96.54,0.63
109506,Divya,INST-2746,8:45,333.5,28.5,25.8,42.1,27.4,8.3,5.5,6.9,19.5,95.27,0.69
109507,Arun,INST-8877,14:15,783.1,39.8,32.2,11.7,77.8,4.3,0,1.1,22.06,97.62,1.86
109508,Ravi,INST-7056,20:15,0,39.8,39.7,23.4,66.6,14.3,0,3.7,19.08,93.52,0
109509,Meena,INST-7921,22:15,0,35.8,34,99.4,42.6,10.1,23.5,5.5,21.96,95.97,0
109510,Akash,INST-5665,1:15,0,42.1,40.8,58,60.8,7.4,9.4,17.8,22.75,98.46,0
109511,Arun,INST-2183,19:45,0,23.7,22.9,86.1,34,7,22.9,22.8,17.1,97.75,0
109512,Meena,INST-2476,9:00,226.9,42.3,39.7,78.4,81.5,2.6,16.2,3.6,17.09,97.76,0.19
109513,John,INST-5920,22:45,0,33,33.6,66.1,54.3,3.7,14,22,21.88,96.26,0.16
109514,Arun,INST-3907,11:00,846.8,33.9,25.2,13.9,52.1,5.4,0,27.8,17.77,96.51,1.4
109515,Divya,INST-7335,9:15,662,39,35.2,5.8,22,5.1,0,25.4,21.96,97.08,1.36
109516,Meena,INST-4643,2:00,0,27.4,25.6,93,77.2,3.7,7.1,17.4,20,94.47,0.1
109517,Akash,INST-5130,23:15,0,28.4,29.6,44.9,83.8,7.6,15.2,21.8,22.54,93.04,0.03
109518,Divya,INST-8890,17:30,222.1,25.5,23.6,14.3,45.7,4.3,0,3.8,22.73,98.33,0.31
109519,Ravi,INST-6090,12:30,972.6,35.2,28.5,1.6,33.6,10.9,0,16.1,20.51,94.5,1.91
109520,John,INST-4006,7:15,88.2,38.1,37.5,79,82.4,2.7,7,14.6,19.29,95.43,0.18
109521,Akash,INST-3768,10:30,605.5,34.4,29.6,35.4,21,5.1,0,27.3,20.36,96.34,1.08
109522,Arun,INST-5348,0:15,0,17.3,18.1,71.2,48.1,5.2,10.5,18.7,19.24,95.18,0.12
109523,John,INST-2609,19:30,0,30.4,31.1,66.7,25.1,10.3,23.9,14.4,19.48,93.86,0
109524,Divya,INST-3813,16:30,450.6,31.2,25.9,10.1,28.7,7.8,0,3.1,21.62,95.59,0.96
109525,Ravi,INST-3653,13:30,552.4,41.3,37,53,56.1,10.9,22.5,11,21.3,96.73,1.01
109526,Arun,INST-9723,22:00,0,29.1,30.5,60.1,35.9,0.3,19.2,27.4,21.72,94.28,0.03
109527,Akash,INST-9154,5:45,0,20.6,22.1,31.4,24.4,2.9,0,24,18.81,97.69,0.06
109528,Ravi,INST-5103,13:30,982.9,34.7,26.7,0.2,63.6,10.1,0,23.5,17.19,97.11,1.44
109529,Divya,INST-9767,10:00,687.8,42.1,35.6,23.3,89.7,1.4,0,23.4,17.52,92.91,1.06
109530,Meena,INST-5947,22:45,0,24.2,23.6,31.8,91.4,13.8,0,4,21.1,97.85,0.01
109531,Akash,INST-8423,6:30,13.7,35.2,34.4,29.1,76.2,10.3,0,18.1,22.76,93.69,0.1
109532,Ravi,INST-7285,6:45,16.3,22.6,21,80.9,24.9,3.4,13.7,25.7,19.87,92.69,0
109533,Ravi,INST-5462,19:00,0,34.4,35.8,32.9,83.7,7.7,0,22.6,21.98,96.95,0.05
109534,John,INST-8343,14:15,538.1,25.1,20.6,44.1,38.3,3.4,22.8,12.4,18.27,92.73,0.73
109535,Divya,INST-2990,17:15,99.6,41.6,40.8,68.1,45.2,3.3,14.3,24.1,22.36,96.87,0.28
109536,Arun,INST-4325,4:45,0,38,38.7,42.5,48.9,0.5,19.7,9.5,18.49,92.57,0
109537,Divya,INST-8580,11:00,465.9,44.4,39.5,60.9,81,14,11.1,9.6,21.22,96.45,0.76
109538,Meena,INST-1836,4:15,0,28.5,29.8,54.5,85.2,8.7,20.5,3.3,21.1,97.16,0
109539,Divya,INST-8887,20:45,0,16.8,18.1,90.9,28.3,9.8,22.9,25,20.57,96.73,0
109540,Kumar,INST-6231,10:00,248.9,20.9,18.3,85.3,52.1,4.2,16,6.7,17.2,98.64,0.26
109541,Divya,INST-7034,7:45,151.8,22.1,22.6,56.5,75.9,3.6,2.4,5.9,20.53,98.21,0.12
109542,Akash,INST-4673,10:45,846.5,39.5,30.9,0.7,29.2,9.4,0,6.7,20.84,96.2,1.66
109543,Akash,INST-9064,17:45,258.4,38.2,36.2,1.5,20.8,10.9,0,9.7,21.04,95.26,0.45
109544,Akash,INST-1584,13:00,774.5,29.1,22.5,25.7,48.4,13.6,0,5.9,22.46,97.34,1.78
109545,Divya,INST-6334,1:00,0,39,39.3,68.7,34.2,7.6,7.8,19.5,21.33,98.13,0.13
109546,Akash,INST-6784,0:15,0,23.8,23.1,75.7,62.8,5.9,8.2,19.6,19.3,93.06,0
109547,Arun,INST-4838,16:45,213.3,40.8,37.5,66.2,60.1,1.7,14.2,12.2,21.18,98.19,0.29
109548,John,INST-1002,19:00,0,24.2,24.5,64.3,43.9,10.6,11.5,29.3,19.84,92.04,0.09
109549,Kumar,INST-2410,8:45,454.5,25.8,22.5,13.1,73.7,6,0,14.2,19.16,92.93,0.81
109550,Priya,INST-1127,7:15,137.7,30.2,27.2,57.8,30.9,5.6,23.1,21.8,22.73,93.02,0.22
109551,Arun,INST-7511,16:15,183.5,31.3,28.8,75.1,49.7,2,1.2,14.1,18.98,97.67,0.42
109552,Divya,INST-7940,4:45,0,34.3,34.6,36.2,49.5,14.3,0,10,19.31,98.76,0.18
109553,Arun,INST-3995,21:00,0,31.6,30.7,51.6,79.5,1.7,5.3,11.2,20.5,95.45,0
109554,Arun,INST-2787,19:30,0,40.3,40.5,97.5,78.7,12.7,2.7,7.1,20.36,92.83,0
109555,Ravi,INST-6530,12:45,688,36.6,30.6,37.4,53.3,2.7,0,23.7,21.6,96.34,1.08
109556,Ravi,INST-2910,13:30,907.2,38.1,30.4,8.2,22.9,1.3,0,11.6,20.28,95.57,1.72
109557,Akash,INST-1174,14:30,287.2,39.8,38.6,79.8,41.1,8.5,6.4,24.4,21.86,98.99,0.52
109558,Priya,INST-7599,3:45,0,28.7,26.7,72.2,61.7,7.8,10.3,17.7,22.19,98.07,0.17
109559,Arun,INST-6629,13:15,683.8,45.6,37.9,37.2,54.6,0.3,0,8.9,19.3,96.37,1.13
109560,Akash,INST-1438,6:45,0,36.8,37.9,27,27.6,10.8,0,25.8,19.5,93.59,0.01
109561,Meena,INST-5754,13:15,445.8,39.8,35.8,63,51.2,6.2,21.8,9,22.17,95.07,1.07
109562,Kumar,INST-6376,4:30,0,23.5,23.5,29.1,31,8.4,0,29.6,21.7,93.21,0
109563,Arun,INST-8653,12:15,677.1,48,41.1,40.5,76.9,9.6,21.5,4.5,17.58,94.37,0.95
109564,Kumar,INST-6709,19:00,0,27,25,54.1,69.2,5.4,7.7,5.9,22.28,98.5,0
109565,Divya,INST-6071,5:30,0,26.1,24.5,64,67.7,5.3,17.3,21.3,21.3,97.29,0.19
109566,Priya,INST-3255,16:15,223.5,29.9,29.2,68,24,13.2,20.2,24.2,21.96,94.13,0.49
109567,Divya,INST-2582,18:30,0,19.4,19.7,79.5,75.8,0.1,4.7,29.1,17.55,92.49,0
109568,Ravi,INST-7963,11:00,484.4,25.9,23.6,62.2,88.6,13.9,16.4,24.5,18.38,93.34,0.58
109569,Kumar,INST-7726,2:30,0,34.6,33.4,83.5,70.7,6.6,17.6,29.8,18,94.9,0.1
109570,Meena,INST-1839,8:15,299,25.1,24,46.2,58.3,9.3,1.5,18,21.76,98.56,0.43
109571,John,INST-7002,15:15,615.3,38.4,34.1,18.9,87.9,11.8,0,14.4,22.77,96.22,1.18
109572,Ravi,INST-3822,16:45,438.1,33.5,31.3,16.8,60.4,4.8,0,7.7,19.26,95.02,0.65
109573,Meena,INST-4726,3:00,0,19.3,18.4,34.6,70.7,7.3,0,28.7,22.97,93.26,0
109574,Akash,INST-1199,18:30,0,25.9,25.7,67.4,68.1,4.8,6.8,13.7,20.8,96.88,0
109575,Kumar,INST-7893,20:15,0,19.4,18.2,97.6,64,6.5,17.4,9.2,22.17,93.66,0.09
109576,Akash,INST-4252,5:00,0,39.3,37.5,69.7,44.1,8.1,3.4,21.2,20.17,95.12,0.12
109577,Meena,INST-5313,7:30,248.9,45.8,41.9,5.1,73.5,12.1,0,15,21.62,98.49,0.51
109578,Meena,INST-2481,15:30,240.4,23.4,22,79.4,38.8,14.2,17.1,7.4,18.79,95.29,0.22
109579,Priya,INST-6553,7:15,96.1,22.9,23.5,80.2,62.2,13.6,4.6,1.3,17.57,92.44,0.08
109580,Kumar,INST-8294,22:00,0,25.9,26,68.4,61.5,5.7,1.1,0.4,18.09,93.77,0.05
109581,Divya,INST-3035,13:00,780.8,38.2,31.5,21.2,89,12.3,0,25.3,22.46,98.3,1.49
109582,Ravi,INST-1820,22:15,0,33,33.9,95.7,49,12.3,14.5,25.6,20.12,97.43,0.17
109583,John,INST-7395,23:00,0,28.3,30,43.9,46.6,11.9,18,15.1,20.8,95.42,0
109584,Akash,INST-6383,20:15,0,34.6,34.1,96.3,57.3,14.8,24.9,15.5,22.03,94.88,0.15
109585,Priya,INST-5027,15:15,259.2,38.2,34.7,76.5,69.4,7.1,1.4,8,17.42,94.96,0.52
109586,Kumar,INST-7816,11:00,831.4,34.4,26.1,19.2,69.9,2.3,0,9.4,18.7,92.56,1.24
109587,Ravi,INST-2569,21:00,0,18.7,19.2,40.7,51.1,6.1,11.7,19.9,21.18,96.8,0
109588,Divya,INST-8618,10:45,488.9,32,26.7,50.2,24.9,3.3,15.4,30,20.23,95.37,0.66
109589,John,INST-8509,20:15,0,21.5,20.2,88.2,33.5,5,5.1,14,19.24,92.78,0
109590,Kumar,INST-2570,20:15,0,27.3,26.1,61.3,35.2,4.4,18.7,7.4,19.54,94.96,0
109591,Akash,INST-7156,0:30,0,23.1,23.9,69.3,92.5,7.8,17.9,17.7,17.4,93.71,0
109592,John,INST-3945,1:45,0,39.4,38.5,26.6,74.9,2.6,0,18.5,18.1,97.24,0.07
109593,John,INST-9048,0:00,0,17.1,18.2,84.9,94.7,3.1,9,12.8,18.79,92.7,0.01
109594,John,INST-5418,0:45,0,26.7,26.9,27.3,46.6,8.3,0,2.3,19.96,96.45,0
109595,Priya,INST-9483,2:00,0,37,37.3,39.9,58.8,12.8,0,24.9,22.42,93.27,0
109596,Arun,INST-8884,13:30,263.4,38.8,36.8,88,35.2,13,2,27.8,17.03,95.3,0.39
109597,Arun,INST-1041,10:00,671.9,27.1,20.3,28.1,78.9,2.9,0,18.9,17.87,96.89,1.03
109598,John,INST-7345,6:15,3.3,22.2,22.7,41.8,22,14.8,17.4,12.7,18.35,93.31,0.16
109599,Priya,INST-9773,11:15,816.7,26.9,18.7,18.8,82,9.8,0,11.4,21.74,95.51,1.62
109600,Ravi,INST-8913,21:15,0,17.7,18.8,77.7,67.2,14.7,24.3,22.8,19.73,97.09,0
109601,Divya,INST-3414,12:00,871.1,40.7,35.4,17.2,81,6.7,0,15.7,18.03,97.34,1.58
109602,Priya,INST-8552,23:15,0,19.7,19.6,46.6,28.7,12.8,7.8,3.4,17.67,93.43,0
109603,Arun,INST-9776,1:00,0,24.8,23.9,82.6,23.7,11.6,16.2,26.4,18.52,96.81,0.05
109604,Kumar,INST-9229,5:45,0,30.2,30.3,74.7,46.9,12,14.9,2.3,17.03,95.4,0.05
109605,Ravi,INST-1615,7:45,236.2,24.9,22.6,7.8,84.4,7.9,0,18.6,17.58,98.08,0.41
109606,Priya,INST-1376,8:15,193,28.5,27.9,78.2,68.2,8.5,4.2,25.6,19.72,96.27,0.19
109607,Meena,INST-3407,5:30,0,28.5,29.4,65.2,41.3,9,23.9,12.8,18.92,95.18,0.17
109608,Divya,INST-9279,15:30,205.6,25.2,24.5,88.4,55.9,7.3,19,17.7,22.28,96.27,0.57
109609,Divya,INST-7297,12:45,399.9,24.3,19.6,70,81.4,3.8,24,14.1,21.68,95.7,0.72
109610,Arun,INST-9920,6:45,0,34.7,35.6,52.8,93.3,5.1,14.9,20.3,20.19,92.14,0
109611,Kumar,INST-2535,13:15,307,30.5,26.6,80.5,56.4,0.5,12.8,19.3,17.15,96.88,0.58
109612,Arun,INST-4382,8:30,253.6,33.5,31.2,56.2,36.3,6.8,2.6,26.1,22.68,96.35,0.4
109613,Ravi,INST-3502,14:00,708.4,33.9,29.9,20.7,23,0.6,0,10.9,17.04,94.99,0.93
109614,John,INST-5593,17:00,109.3,42,41.4,76,56.2,9.4,19.2,26,18.01,97.08,0
109615,Divya,INST-9631,7:15,221,41.7,38.1,20,68.2,3.1,0,3.6,17.19,94.29,0.48
109616,Divya,INST-2818,17:30,123.2,19.4,19.4,60.6,49.4,5.4,15.1,24,18.01,96.33,0.3
109617,Meena,INST-8779,17:00,245.8,31.9,29.1,9.8,72.8,2.8,0,24.1,17.02,92.46,0.2
109618,Ravi,INST-3399,19:00,0,26.1,28.1,73.8,49.8,2,0.7,13.4,22.41,96.29,0.04
109619,John,INST-9653,19:45,0,20.3,20.6,69.6,30.9,9.6,11.1,29.1,20.24,96.37,0.09
109620,Priya,INST-6174,22:00,0,22.1,22.1,83.3,30.3,2,24.5,18.2,19.53,98.27,0
109621,Kumar,INST-9412,22:30,0,34.8,34.9,83.3,39.9,2.3,11.5,17.4,22.22,98.92,0.1
109622,Arun,INST-4187,19:00,0,26.9,25.7,71.4,46.6,5.3,18.9,28.5,22.11,93.4,0.18
109623,Ravi,INST-6736,19:00,0,34.7,32.8,77,35.7,12.8,15.8,9.9,17.64,93.01,0.09
109624,Meena,INST-2183,21:00,0,30.3,31.2,22.5,43.4,4.8,0,3.7,22.45,93.14,0.17
109625,Akash,INST-8152,10:30,397.1,41.2,36.7,65,71.8,9.1,18.8,18,21.82,94.82,0.88
109626,Akash,INST-3858,15:15,584.5,45.9,41.6,18.5,65.1,3.7,0,27.4,19.28,95.27,0.92
109627,Ravi,INST-4869,2:00,0,18.8,20.6,65,66.5,13.1,12.6,15.3,19.9,97.56,0
109628,Arun,INST-7217,9:15,221.8,25.1,21.6,79.2,74.1,0.5,3.2,8.1,19.65,98.45,0.48
109629,Kumar,INST-3650,5:00,0,39.8,40,26.4,70.6,9.4,0,9.3,19.16,98.6,0.13
109630,Arun,INST-8920,19:15,0,41.9,41,97.7,30.1,14.8,23.5,11.2,17.01,92.21,0.03
109631,Akash,INST-9738,18:00,10.5,36,35.9,68.2,20.5,6.7,13.6,17.8,20.47,96.78,0
109632,Divya,INST-3061,1:15,0,41.8,41.7,54.2,81.7,7,2.9,5.6,18.96,95.24,0.02
109633,John,INST-1786,23:30,0,23.9,22.4,47.3,49.6,10.7,14.7,25.7,18.29,93.99,0
109634,Priya,INST-1434,19:00,0,32.5,33.1,34.1,88.3,6,0,26.3,20.18,94.92,0.15
109635,Kumar,INST-3490,9:30,527.2,29.4,24.1,32.3,52.5,8,0,17.4,17.91,95.98,0.71
109636,Ravi,INST-8119,18:00,0,40.1,40.9,47.9,34.3,10.2,14.5,15,20.25,95.68,0
109637,Kumar,INST-6031,15:30,611.2,43.3,36.5,16.2,51.9,11.8,0,12.1,22.11,93.72,0.99
109638,Divya,INST-6114,4:15,0,26.5,27.4,73.8,87.4,3.3,16.3,26.3,19.76,96.78,0.07
109639,John,INST-2718,13:15,958,42.7,35,0.3,73.8,3.1,0,21.3,19.54,94.24,1.47
109640,Arun,INST-3653,22:30,0,37.3,39,34.4,38.8,11.5,0,16.3,20.34,96.54,0
109641,Akash,INST-6037,13:30,761.3,25.4,18,23.1,57.5,2,0,22.3,18.45,98.57,1.15
109642,John,INST-4204,4:00,0,25.8,27.1,61.2,27.8,5,7.9,23.2,19.18,93.3,0
109643,Priya,INST-4216,16:00,474.9,39.8,36.9,10.6,86.1,5.8,0,8.4,22.07,92.32,1.12
109644,Arun,INST-4972,21:00,0,21.4,20.3,81.1,65.1,4.6,15.7,21.2,22.37,96.32,0
109645,Divya,INST-4792,21:45,0,31.8,33.6,99.8,73.9,8.8,21.9,16.6,20.47,96.32,0
109646,Priya,INST-3060,21:30,0,23.4,22.2,38.9,51.7,14,0,3.4,20.92,97.34,0.11
109647,Akash,INST-1778,2:15,0,20.3,20,69.7,83.7,7.2,23.5,29.4,23,92.91,0
109648,Ravi,INST-9803,15:30,258.8,24.2,21,75.4,44.8,7.8,3,19.1,20.35,94.07,0.35
109649,Divya,INST-1370,12:30,464.3,39.3,34.6,65.9,39.2,12.8,6,24.6,17.51,94.86,0.74
109650,Ravi,INST-3595,9:45,199.9,40,39.8,88.5,47.5,9.8,2.6,0.9,19.31,92.26,0.18
109651,Divya,INST-5902,15:15,455.4,35.8,30.5,40.3,37.9,2.1,15.4,14.4,22.05,93.45,0.68
109652,Akash,INST-9788,6:30,0,18.5,19.4,9.8,28.6,14.4,0,0.7,21.69,94.13,0
109653,Akash,INST-8901,8:00,320.8,31.3,30.4,47.5,66.2,8,24,13.2,17.49,93.32,0.34
109654,Kumar,INST-6963,7:30,88.6,25.4,24.6,72.2,78.3,4.9,7.5,29,20.3,98.36,0
109655,Divya,INST-3068,8:45,326.3,41.4,37.6,41.2,54,11.7,22.1,17.3,19.97,95.52,0.56
109656,Meena,INST-8195,9:00,245.5,32.5,29.6,78.3,67.5,14.9,11.4,28.2,20.49,97.63,0.23
109657,John,INST-7093,10:30,688.5,24.1,19.8,22.5,33.2,12.7,0,12.2,21.58,94.64,1.25
109658,Ravi,INST-4944,19:45,0,39.6,40.9,24.5,64.5,9.5,0,24.7,18.66,97.01,0.06
109659,John,INST-8864,4:45,0,19.8,20.8,52.5,77.3,0.5,16.7,10.4,19.65,95.81,0
109660,John,INST-1714,11:45,526.6,22.5,18.7,55.9,40,0.8,18.9,10.3,20.77,97.21,0.82
109661,Divya,INST-1206,18:00,2.7,32.6,30.6,3.7,34.8,14.7,0,2.6,22.28,92.02,0
109662,Akash,INST-5532,21:45,0,30.6,31.9,56.3,52.8,2.3,18.1,11.5,18.78,95.83,0.13
109663,Meena,INST-9275,22:30,0,25.7,25.3,40.6,50.3,0.8,15.8,27.4,18.77,92.4,0.12
109664,Arun,INST-1146,6:45,17.7,26,26.9,62.2,60.2,5,0.4,6.4,18.68,96.96,0
109665,Priya,INST-2095,21:45,0,27,26.3,66.6,64.4,7.6,19.4,23,21.44,98.36,0
109666,Divya,INST-4011,0:00,0,27.3,28.5,95.7,79.4,2.9,17.3,21.2,19.42,96.72,0
109667,Meena,INST-1968,4:45,0,22.3,21,26.7,33.6,13,0,12.9,18.61,92.33,0
109668,Arun,INST-1963,11:45,579.5,38.2,33.9,49.1,91.5,8.8,4.5,19.6,21.55,96.66,1.16
109669,Kumar,INST-5685,3:15,0,25.3,26,50.6,93,4.8,6.2,12.4,18.36,94.72,0
109670,Kumar,INST-3942,3:45,0,39.6,37.6,41.5,63.8,13,9.4,14.4,17.59,95.7,0.05
109671,Ravi,INST-3549,15:45,277.8,28,25.3,70.9,91.1,11.1,13.1,7.1,20.47,93.4,0.42
109672,Ravi,INST-7113,16:45,405.3,40.7,35.4,26.6,77.4,14.2,0,20.7,20.61,94.7,0.81
109673,Arun,INST-6058,16:45,233.8,43.6,41.4,68.4,22.4,2.3,3.2,20.4,17.14,96.16,0.42
109674,John,INST-4928,4:45,0,23.9,25.4,80.5,69.3,10.9,6.2,6.3,19.06,94.83,0
109675,Divya,INST-5038,4:15,0,35.9,35.8,63.9,94,1.8,17.1,11.7,22.33,95.7,0
109676,Akash,INST-6442,23:15,0,40.1,41.5,48.6,60.8,8.5,6.7,4.5,17.77,97.35,0
109677,Kumar,INST-2205,7:15,167.7,32.2,31.6,47.4,34.5,13.7,8.4,23.9,20.55,94.25,0.27
109678,Akash,INST-6214,8:00,378.2,23.8,21.3,30.5,53.1,7.7,0,14,18.28,92.63,0.55
109679,Ravi,INST-5995,3:15,0,35.9,36.5,31.2,22.8,10.8,0,23.9,22.4,95.8,0
109680,Akash,INST-6063,20:15,0,37.3,39.2,78.3,72.6,0.8,11.5,15.5,19.33,98.18,0
109681,John,INST-9613,9:00,224.2,28.8,26.9,83.4,34.2,8.1,4.6,6.3,21.63,96.41,0.58
109682,Kumar,INST-5471,17:00,175.1,25.6,23.5,39.1,51.8,6.6,0,5.9,19.34,97.01,0.14
109683,Ravi,INST-2779,11:15,573.5,30.8,27.9,50.2,50.7,5.6,3.4,22.1,18.77,97.35,0.78
109684,Kumar,INST-2954,4:45,0,18.3,18.3,95.2,50.1,4.2,20.9,20.1,17.84,96.77,0
109685,Arun,INST-6127,2:00,0,24.6,24.1,45.2,43.2,8.1,8.8,5.6,21.36,92.05,0.02
109686,Akash,INST-7143,18:00,0,31.3,29.5,34.2,83.7,6.1,0,7.9,21.39,94.2,0
109687,Akash,INST-4051,23:00,0,32.4,33.2,80.3,72.8,13.7,5.5,9.2,17.7,95.22,0.12
109688,Priya,INST-9821,8:00,365.9,34.1,32.6,29,48,14.5,0,3.2,21.26,96.3,0.74
109689,John,INST-7840,10:15,210.8,31.5,31.4,88.8,40.6,14.2,22.4,23.7,18.12,98.47,0.2
109690,Kumar,INST-9142,22:00,0,35.7,34.2,80.2,37.1,11.2,2.9,5.6,22.65,93.33,0.06
109691,Kumar,INST-5210,11:45,262.7,38.3,37.1,87.2,60.4,11.3,19.8,6.8,21.14,97.83,0.34
109692,Arun,INST-7545,7:15,205.2,43.5,40.6,26.9,51.4,9.7,0,1.9,22.41,97.31,0.32
109693,Ravi,INST-3367,21:15,0,39.1,41,21.5,83.7,12.8,0,14.2,18.84,95.25,0.07
109694,Priya,INST-5435,10:30,561.3,35.6,30.5,39.9,23.6,1.3,0,12,17.33,96.89,0.79
109695,John,INST-5754,1:00,0,35.3,34.6,58.3,92.2,5.9,3.5,4.4,17.36,98.05,0
109696,Meena,INST-4294,1:15,0,31.3,30.7,21,67.9,13.8,0,18.8,22.78,97.16,0
109697,Ravi,INST-8647,18:30,0,29.4,31.4,46.8,56.2,7.8,21.8,3.9,22.94,95.42,0.01
109698,Ravi,INST-1755,8:45,192.9,37.2,34.5,76.3,68.1,13.4,24.4,22.9,21.63,93.37,0.47
109699,Meena,INST-2717,0:00,0,42,41.2,52.3,54.3,8.4,21.2,4.1,19.76,95.34,0.03
109700,Priya,INST-7591,16:45,416.3,34.7,33.2,15.8,42.3,14,0,8.1,19.59,98.07,0.74
109701,Priya,INST-5911,12:45,272.3,44.4,41.3,88.8,22.3,6.1,19.8,7.3,20.23,95.87,0.67
109702,Ravi,INST-9038,9:45,380.3,33.6,29,57.3,27.9,4.6,22.5,18,22.4,97.78,0.7
109703,Meena,INST-8391,2:30,0,36.5,35.1,94.2,24.6,7.8,15,2.6,19.21,95.19,0
109704,Meena,INST-6666,11:00,639.4,41.1,35.9,42.5,31.6,7.7,21.4,3.9,19.8,92.44,1.27
109705,Divya,INST-8783,12:45,672.5,47.1,41,40.5,41.7,6.2,15.4,1.7,19.77,97.19,1.09
109706,Ravi,INST-9815,2:15,0,36.7,35.4,35.3,52,2.7,0,27.5,18.69,92.91,0.18
109707,Kumar,INST-8910,19:30,0,35.2,35.3,65.2,48.9,13.9,10.2,10.6,17.07,92.45,0
109708,Priya,INST-4824,11:30,744.7,41.7,35.2,27.3,88.5,12.1,0,25.5,19.81,97.35,1.45
109709,John,INST-7550,23:00,0,33.6,33.2,92.7,71.9,10.6,10.7,18.1,18.97,92.38,0
109710,Meena,INST-4890,11:15,709.5,39,32.2,34.1,37.3,0.8,0,20.3,20.73,93.55,1.13
109711,Arun,INST-2336,7:45,218.3,37.5,35.2,23.7,93.6,14.3,0,17.2,20.14,97.06,0.38
109712,Priya,INST-3491,9:30,219.9,42.1,40,80.2,22.7,7.9,16.1,11.4,21.19,93.93,0.28
109713,Priya,INST-2706,13:00,635,31.2,25.9,40.7,34.8,6.9,22.5,8.6,22.95,97.78,1.25
109714,Meena,INST-7235,10:45,512.4,33.7,30.1,51.4,39,6.1,17.4,26.8,19.19,97.56,0.81
109715,Meena,INST-6510,0:45,0,39.5,40.3,32.6,23.3,4.6,0,22.2,21.45,93.12,0.09
109716,Meena,INST-5185,10:00,701.9,39.4,32.2,20.2,74.7,11.2,0,26.4,22.22,96.85,1.3
109717,Ravi,INST-7062,2:00,0,29,28.3,98.4,35.3,1.6,8.3,8,22,97.77,0.01
109718,Ravi,INST-3017,20:00,0,25.2,26.2,74.7,39.2,7.3,11.4,2.9,19.64,93.77,0
109719,Meena,INST-7496,20:00,0,17.5,19.2,64.4,66.1,9.6,4.2,12.4,18.68,96.96,0.19
109720,Priya,INST-4830,13:45,656,34,27,36.9,75.8,6.5,0,8.4,17.19,92.76,1.14
109721,Divya,INST-9102,20:45,0,23.8,22.4,70.5,49.7,3.4,19,11.6,17.76,96.58,0
109722,Divya,INST-3943,9:45,621.1,44.4,38.6,17.7,87.8,14.4,0,9,17.08,95.16,0.95
109723,Akash,INST-8823,3:00,0,37.8,38.7,91.1,49,0.8,12.4,19.9,18.89,93.95,0
109724,Akash,INST-3687,13:45,706.3,36.1,31.5,32.7,62.6,3.7,0,2.9,17.91,93.93,1.32
109725,Akash,INST-8118,1:15,0,26.2,24.4,57.5,22.4,1.2,9.4,3.2,22.67,98.24,0.15
109726,Akash,INST-4032,18:45,5.6,22.4,21,57.1,23.2,6.3,6.2,1.5,19.3,98.89,0.12
109727,John,INST-6036,13:00,755.8,45.3,39,25.5,80.7,1.5,0,11.4,20.13,98.48,1.47
109728,Priya,INST-9222,21:15,0,28.2,28.2,73,80,6.8,23.6,29.1,21.69,95,0
109729,Arun,INST-3811,5:00,0,33,32.7,80.3,20.7,11.6,11.8,13.7,21.55,92.22,0.14
109730,Priya,INST-3925,7:45,198,33.3,31.5,20.9,76,8.5,0,18.7,18.56,92.81,0.31
109731,John,INST-9695,17:15,59.6,21.6,19.9,86.2,80.8,5.1,10.1,3.6,18.72,92.3,0.16
109732,Akash,INST-8516,19:45,0,31.2,30.2,29.1,30.9,4.3,0,18,22.14,92.13,0.11
109733,Meena,INST-2151,8:45,443,21.3,19,12.8,60.5,8.1,0,14.8,20.86,96.36,0.91
109734,Meena,INST-5929,14:30,739.1,28.4,24.1,15.5,27.9,5.9,0,14.2,22.81,97.66,1.48
109735,Divya,INST-5580,10:30,315.7,41.8,37.4,76.6,55.5,1.8,3.1,4.8,22.01,93.49,0.78
109736,Arun,INST-5721,5:30,0,22.8,24.7,30.4,69.4,13.6,0,6.2,21.6,96.55,0
109737,Meena,INST-8353,16:15,363.1,37.7,35.4,30.5,83.1,6.7,0,28.3,22.66,98.01,0.56
109738,Arun,INST-7500,11:00,326.3,38.7,36.6,80.5,67.2,4.8,2,26.9,20.88,95.38,0.7
109739,Ravi,INST-2993,21:30,0,35.6,34.4,29.3,90.2,8.2,0,24.1,22.96,95.88,0
109740,Meena,INST-8065,4:15,0,21,21,82.6,77.6,10.3,4.3,3.7,22.37,95.21,0
109741,Ravi,INST-8655,12:45,278.7,35.5,32.7,88.3,61.6,10,20.2,10.3,21.77,94.27,0.62
109742,Kumar,INST-3887,19:15,0,35.4,35.4,51.2,66.1,13.5,21.6,20.7,22.54,97.87,0.07
109743,Meena,INST-2660,7:45,77.1,43.2,41.1,87.1,81.2,6,11.9,27.3,21.06,98.02,0.23
109744,Arun,INST-5233,2:30,0,30.7,32.1,93.8,59.2,12.5,10.4,1.2,21.27,96.55,0
109745,Kumar,INST-3988,13:30,271.8,37.5,34.6,88,46.9,1.4,21.8,8.5,21.4,96.35,0.73
109746,Arun,INST-4802,8:15,452.7,31.9,29.5,11.3,66.1,5,0,21.9,19.06,94.63,0.72
109747,Akash,INST-1071,6:30,0,23.3,24,64.9,73.2,3,5.7,13.4,19.67,96.26,0.08
109748,Kumar,INST-4284,23:30,0,42,40.7,67.5,88.8,0.1,15.5,28.3,19.55,92.74,0
109749,Kumar,INST-4914,18:00,10.4,23,24.6,11.1,47.7,2.5,0,20.1,19.44,94.72,0
109750,John,INST-8439,15:00,201.2,27.6,27.8,85,79.8,4.1,2.6,9.3,18.71,97.18,0.37
109751,Meena,INST-3504,10:00,829.2,36.2,28.7,2.7,74,0.3,0,3.1,18.1,93.01,1.43
109752,Kumar,INST-7805,22:00,0,25.4,24.1,25.5,52.5,2.6,0,27.8,21.55,92.36,0
109753,Akash,INST-4437,8:00,395.3,35.2,32.1,28.7,25.5,0.4,0,10.4,22.82,94.43,0.61
109754,Akash,INST-1727,19:15,0,27.2,29.1,50.2,94.2,9.4,5.1,12.6,18.74,93.2,0.12
109755,Meena,INST-3733,22:15,0,24.9,26.7,64.3,84.2,4.6,14.7,10.7,18.02,98.05,0.19
109756,John,INST-8186,14:30,813.3,48.8,40.6,5.2,81.9,14.5,0,23.2,22.98,98.3,1.56
109757,Arun,INST-2550,17:30,247,19.5,18.6,2.5,44,11.7,0,26.3,22.39,96.02,0.33
109758,John,INST-6053,17:30,214.7,33.7,33.4,17.1,58.4,0.4,0,18.5,20.39,98.95,0.5
109759,John,INST-2014,22:45,0,36.8,35.9,76.8,35.4,13,18.1,27.9,19.7,96.65,0
109760,John,INST-8323,11:00,254.2,44,40.6,87.1,52.4,12.7,3.8,18.7,18.8,96.68,0.5
109761,John,INST-7179,21:30,0,17,18.2,78.5,49.5,8.4,2.3,2.6,18.38,96.62,0
109762,Divya,INST-5529,15:30,624.1,41.6,37.6,12.9,82.2,12.7,0,10.7,19.86,98.67,1.1
109763,Divya,INST-8167,16:45,395.6,41.3,36.4,27.6,31.6,8.9,0,17.7,17.41,92.49,0.51
109764,Kumar,INST-7542,10:45,476.9,23.7,18.9,54.6,72.4,6.1,8.1,27.4,20.66,94.4,0.85
109765,Priya,INST-1894,14:00,639.3,24.5,18.3,33.1,72.6,13.1,0,24.5,22,93.47,0.99
109766,Priya,INST-3903,23:45,0,34.6,34.3,77.5,25,5,11.1,25.4,21.36,98.11,0.14
109767,Ravi,INST-5778,20:45,0,31.9,31.9,72.9,20.8,7.7,20,16.5,22.43,97.33,0
109768,Divya,INST-6015,12:30,901.6,48.5,41.4,11.2,43.8,5.6,0,21.9,18.5,96.46,1.37
109769,Kumar,INST-9141,3:15,0,34.5,35.1,94.5,34,14,10.3,8,19.46,92.7,0.03
109770,Ravi,INST-8979,6:45,0,26.6,26.1,70.3,29.6,2.9,14.5,5.7,17.63,95.33,0
109771,Akash,INST-7286,11:45,281.1,19.6,19.1,86.9,20.6,11.3,23.8,21.7,22.33,93.05,0.61
109772,Arun,INST-1918,10:45,600.2,33.9,29.6,34.1,91.2,8.2,0,4.8,21,95.87,1.03
109773,Arun,INST-7532,0:00,0,30.4,30.3,64.9,25,11.1,7,19.2,18.49,94.69,0
109774,John,INST-5333,8:00,292.8,24.4,22.7,47.6,79.8,3.6,3.5,0.1,18.8,93.34,0.35
109775,Akash,INST-7531,12:15,910.4,49.1,40.6,9.6,40.7,12.6,0,3.2,17.88,93.81,1.51
109776,Arun,INST-7278,8:45,437.9,41.9,39.4,16,54,5,0,12.7,19.8,95.83,0.74
109777,Kumar,INST-8457,16:30,464.2,42.8,39.6,11.1,61.5,7.9,0,12.1,22.41,93.07,0.97
109778,Arun,INST-3069,21:45,0,25.7,27.4,47.1,62.7,12.1,13.5,21.4,18.19,98.05,0
109779,Akash,INST-4504,11:15,726.4,24.4,19,32.1,26.6,3.4,0,15.1,20.9,94.64,1.16
109780,Divya,INST-5733,4:15,0,22.5,21.1,62.7,62.6,14.3,2,3.2,17.38,98.19,0
109781,Arun,INST-1181,11:30,614.9,40.3,33.8,42.5,79.8,5.3,1.3,24.8,20.83,93.6,0.86
109782,Meena,INST-7604,12:30,441.7,33,30.6,69,84.7,7.4,13.4,29.5,19.21,92.02,0.83
109783,John,INST-2931,7:45,90.6,19.9,19,70.6,77.3,5.4,21.4,19.5,18.72,93.49,0.32
109784,Kumar,INST-4470,23:00,0,30.3,29.6,69.8,39.2,2.4,14,13.2,22.63,96.65,0
109785,Divya,INST-1466,0:30,0,24.6,24,90.4,23.7,12.6,20.7,15.4,19.09,97.1,0.02
109786,Meena,INST-4649,0:00,0,36.7,35.2,31.6,93.9,14.3,0,12.4,20.91,98.64,0.15
109787,Kumar,INST-7866,10:15,686.1,37.8,32.9,24.1,72.6,1.3,0,5.7,17.89,98.33,1.01
109788,Divya,INST-7551,9:30,381.1,28.7,27.4,52.2,90.1,7.8,4.9,22,22.09,98.07,0.82
109789,Akash,INST-3017,5:45,0,34.7,33.2,73.6,79.5,1.2,3.9,4.3,19.65,95.82,0.18
109790,Kumar,INST-3630,19:00,0,25.7,27.5,39.1,85.7,4.7,0,27.9,22.17,97.41,0.04
109791,Akash,INST-6183,8:30,162.8,28.1,26.2,77.6,85.3,0.9,14.9,14.9,20.39,92.2,0.18
109792,Divya,INST-7321,14:00,458.1,40,35.7,54,62.2,1.3,15.3,9.3,20.86,97.32,0.99
109793,Ravi,INST-7607,2:30,0,19.5,18.2,72.1,52,7.3,13.4,7.8,20.95,93.44,0
109794,Arun,INST-4118,20:30,0,38.9,38.5,72.4,26.5,8.4,18.5,12.4,21.44,92.5,0.07
109795,Arun,INST-6488,10:45,539.9,39.1,35.4,45.3,74.7,2.5,15.7,9.6,19.96,98.36,0.99
109796,Kumar,INST-4460,7:45,260.1,37.1,35.5,1.2,74.2,10.7,0,26.7,22.29,97.17,0.5
109797,Akash,INST-3834,23:45,0,39,39.6,69.4,25.2,4.8,9.2,21,22.72,94.91,0
109798,Ravi,INST-4852,11:30,461.3,30.5,27.3,65.1,76.2,4.9,11.7,15.2,19.92,92.97,0.76
109799,Ravi,INST-8717,17:45,70.4,27.4,25.7,82.9,24.5,4.4,21,24.5,20.15,96.87,0.13
109800,Arun,INST-5587,2:00,0,40.8,40.7,35.5,47.6,5.3,0,27.9,20.51,97.91,0
109801,Priya,INST-6739,13:45,344.2,33.2,29.5,75.6,65.2,1.8,21.8,25.5,18.6,95.33,0.63
109802,Kumar,INST-5113,8:00,314,23,18.8,49.4,79.8,9.6,11.1,21.9,22.64,96.24,0.63
109803,Meena,INST-8957,7:00,130.4,40.1,39.6,54.8,26.9,6.8,22.6,6.8,20.18,97.73,0.42
109804,Akash,INST-5450,5:00,0,37.7,36.7,54.9,41.7,7.7,20,19.7,21.36,93.52,0
109805,Arun,INST-4259,5:45,0,37.1,36.5,90.7,58.6,6.3,0.5,0.3,21.65,95.19,0.07
109806,John,INST-9896,19:30,0,40,39.3,50.2,25.1,10.3,8.6,3.7,17.96,96.98,0.14
109807,Ravi,INST-6944,20:45,0,19.8,18.8,67.4,50.2,11.7,23.7,0.7,20.16,98.72,0
109808,Arun,INST-9512,15:45,493.8,33,29.2,32.9,56.4,2.8,0,11.4,18.84,93.41,0.78
109809,Meena,INST-2448,5:00,0,23.7,23.3,82.7,22.2,6.8,4.4,26.7,20.32,93.34,0.07
109810,Divya,INST-2480,20:30,0,28.9,29.9,23.5,56.1,4.6,0,18.1,19.43,94.2,0.18
109811,Arun,INST-2256,6:00,19.2,21.7,19.9,63.7,77.5,7.8,16.7,0.7,19.11,98.82,0
109812,John,INST-4062,4:00,0,31.5,29.6,26.5,52,0.5,0,5.9,19.59,97.8,0
109813,Ravi,INST-5369,2:30,0,33.9,34.3,55.8,30.2,3.3,23.1,7.6,22.82,93.87,0.16
109814,Ravi,INST-4553,4:45,0,37.5,35.7,32,20.9,3.8,0,27.8,17.23,92.93,0.05
109815,Meena,INST-9762,5:00,0,31.6,30.8,31,53.8,4.7,0,9.5,19.23,92.68,0
109816,Divya,INST-5417,16:00,327.5,34.9,33.7,40.2,57.1,13.8,9.9,11.3,22.55,96.39,0.81
109817,Divya,INST-9009,9:00,567.4,40.7,36.8,26.8,85.7,8.6,0,17,21.39,94.62,1.14
109818,Akash,INST-7547,4:00,0,27.6,26.8,47.3,53.7,5.5,9.7,3.5,19.62,95.34,0.06
109819,Arun,INST-7847,2:30,0,36.8,36.5,62.1,21.9,9.7,9.3,24.2,20.11,93.12,0.11
109820,Ravi,INST-1087,1:15,0,37.4,39,50.4,47.5,8.8,22.2,27.9,20.74,97.42,0
109821,Meena,INST-2352,2:00,0,21.4,21.3,50.2,73.3,7.2,4.2,0.8,20.7,96.86,0.19
109822,Ravi,INST-1118,5:00,0,37.1,36.1,44,29.2,9.3,17.2,13.2,18.45,94.88,0
109823,John,INST-4505,5:15,0,17.5,19.4,26.5,78.4,9.5,0,15,20,95.82,0
109824,Kumar,INST-1431,19:45,0,39.1,38.5,72.7,26.6,5.9,14.4,12.2,20.83,95.71,0.03
109825,Akash,INST-3079,6:15,0,23.2,22,28.1,46.2,13.2,0,12.5,18.15,92.36,0
109826,Arun,INST-4966,7:45,207.5,38.7,36.9,21.5,53.5,2.5,0,10.1,20.39,92.32,0.4
109827,Arun,INST-1906,2:45,0,35.6,34.8,20.8,71.5,0.6,0,18.3,18.49,93.51,0
109828,Akash,INST-1362,3:00,0,17.3,18.1,84.7,94,8.7,1.1,23.2,21.28,95.83,0
109829,Arun,INST-2492,5:00,0,25.3,24.4,25.4,73.8,11.1,0,0.5,18.54,96.57,0
109830,Ravi,INST-1601,21:15,0,34.5,35.4,76.7,37.9,13.5,6.2,12.5,19.16,97.15,0.02
109831,Divya,INST-1381,9:15,362,42.4,40.9,57.9,89,8.7,10.3,6.6,22.56,94.51,0.62
109832,Meena,INST-4157,23:30,0,29.3,30.5,41.2,42.7,3.5,0.1,9.4,18.75,94.64,0.06
109833,Meena,INST-3620,14:00,743.3,44.9,40.2,16.5,70.3,4.9,0,11,18.69,92.46,1.25
109834,Kumar,INST-6408,15:15,376.4,41.2,36.8,56.7,85.4,10.9,12.6,26.4,22.46,93.49,0.78
109835,Meena,INST-6130,0:45,0,32,31.1,83.8,60.7,9.6,2.5,27.4,21.75,96.8,0
109836,Ravi,INST-2474,3:45,0,30.7,31.5,72.1,78.6,2.9,22.8,23.1,19.87,97.27,0
109837,Divya,INST-1510,11:00,875.8,39.5,33,9.3,46.7,9.3,0,14.9,17.15,94.31,1.14
109838,John,INST-5371,21:30,0,23.8,22.6,34.5,81,12.2,0,2.5,21.34,93.79,0
109839,Divya,INST-9035,21:30,0,20.1,19.7,66.6,26.9,13.7,4.7,19.3,19.18,98.87,0
109840,Kumar,INST-8594,4:00,0,25.3,26.9,79.9,24.5,11.3,23.1,25.2,20.05,97.82,0
109841,Ravi,INST-5856,3:00,0,23.8,23.3,25.3,69.1,0.8,0,17.7,20.35,98.96,0.13
109842,Divya,INST-9239,21:00,0,21.1,20.5,81.7,88.4,11.5,3.6,6.4,18.21,97.03,0.07
109843,Arun,INST-5325,19:30,0,35.8,35.3,24.3,27.8,10.4,0,27.5,17.05,96.54,0
109844,John,INST-4061,3:15,0,22.4,22.6,95.8,61.4,3.4,11.7,18.1,19.97,96.55,0.12
109845,Meena,INST-7666,4:15,0,39.5,38.9,41.6,61.6,5,16.8,3.1,21.1,92.26,0.19
109846,Ravi,INST-9373,9:15,588.6,34.5,29,22.7,89,14.2,0,14.3,21.48,95.22,1.02
109847,Priya,INST-9811,22:15,0,38.3,37.4,73.9,75.2,1.7,0.4,5.6,17.83,93.91,0
109848,Meena,INST-1413,5:15,0,33.6,33.8,30.1,72.9,11.7,0,25.1,19.13,92.81,0.16
109849,Kumar,INST-8259,22:45,0,32.3,31.4,48.3,33.8,12.5,11.3,1.6,20.99,96.02,0
109850,Meena,INST-8459,18:30,15.7,22.4,22.4,68,39.8,9.4,13.2,0.5,21.01,98.85,0.07
109851,John,INST-5672,14:30,555.5,23.6,18.8,44.3,21.6,11.2,24.4,14.3,20.37,95.27,1.08
109852,John,INST-9589,6:30,0,38.9,36.9,49.4,40.9,8.9,12.7,27,20.76,93.98,0
109853,Divya,INST-3448,4:15,0,35.8,35.6,68.9,58.6,2.9,21.4,27.4,17.47,93.43,0
109854,Ravi,INST-4656,4:45,0,27.5,26.3,82.2,88.2,4.7,24.9,4.4,18.02,98.23,0
109855,Akash,INST-6826,16:30,227.1,38.1,36.9,64.8,46.3,14.9,20.3,7.2,22.86,92.39,0.63
109856,Kumar,INST-8210,0:15,0,22.5,22.2,42.8,59.9,10.9,8.6,13.7,19.65,95.59,0
109857,Arun,INST-3421,8:30,320,28.9,24.4,43.3,93.1,11.9,5.6,29.4,22.38,96.42,0.6
109858,Arun,INST-1947,6:00,14.1,27.1,27.9,17.1,71.5,3.7,0,3.9,17.75,98.67,0.11
109859,Arun,INST-4606,11:30,458.9,39,36,65.3,93.3,4.9,19.1,1.6,20.01,94.24,1.03
109860,Akash,INST-6435,11:15,517.4,28.2,23.3,55.6,46.8,10.4,20.6,8.2,22.6,97.11,1.11
109861,Ravi,INST-4194,23:45,0,24.9,24,35.8,79.5,0.3,0,6.8,21.55,95.37,0
109862,Arun,INST-2599,17:00,236.7,40.3,40.2,1.6,34.8,11.8,0,11.9,20.61,98.72,0.31
109863,Arun,INST-8905,14:00,842.3,39.5,34.3,3.3,89.9,8.7,0,22.7,18.1,93.7,1.44
109864,Kumar,INST-1988,13:30,706,41.2,35.5,33.6,81,9.1,0,23.8,19.36,96.1,1.03
109865,John,INST-2793,2:15,0,36.2,36.5,32.4,84,13.3,0,12.4,21.4,98.09,0.02
109866,John,INST-9642,23:45,0,20.1,21.2,52.4,60.5,7.3,11.8,27.3,21.82,96.07,0
109867,Akash,INST-2900,3:00,0,38.6,38.6,36.8,71.8,14.2,0,11.2,20.55,97.17,0.16
109868,Priya,INST-3238,7:45,128.7,36.7,35.5,54.3,65.4,6,12.9,21.9,22.06,93.9,0.33
109869,Akash,INST-3345,19:30,0,22.6,20.9,93.1,24.7,11.3,23.9,2.7,19.77,98.14,0
109870,John,INST-2767,0:30,0,26,24.7,94.1,77.7,10.9,16.5,21.3,17.34,93.53,0.13
109871,Meena,INST-3688,14:15,845.5,32.9,26.6,3.3,71.3,12.2,0,8.8,21.93,95.86,1.89
109872,Ravi,INST-3954,18:15,0,19.5,19.9,16.7,90.8,13,0,21.8,19.98,93.71,0.16
109873,John,INST-5188,16:00,176.6,26.9,24.3,76.5,74.3,11,12.6,19.8,21.51,97.63,0.23
109874,Akash,INST-1137,20:30,0,36.4,34.9,81.9,61.4,7.4,11.6,0.3,22.47,97.22,0.08
109875,Priya,INST-2797,12:30,487.7,32.8,29.6,60.5,71.7,4,4.7,5.7,22.7,92.14,0.85
109876,Kumar,INST-2973,3:45,0,38.4,39.5,41,20.9,4.3,18.4,0.3,21.55,98.78,0
109877,Arun,INST-8123,8:45,494.6,38.7,35.3,2.6,49.6,12.1,0,24.2,17.48,96.95,0.76
109878,Priya,INST-2337,22:30,0,19.8,21.6,25.4,60,8.5,0,15.3,21.01,92.91,0.07
109879,Arun,INST-4367,21:30,0,33.5,32,64.7,27.5,7.8,1.6,23.4,22.56,92.87,0
109880,Meena,INST-2299,19:15,0,34.9,34.2,31.8,90,10.7,0,7.8,18.08,95.37,0.2
109881,Kumar,INST-9527,17:45,173.7,33.4,31.1,47.4,71,7.8,23.5,6.5,19.36,98.24,0.32
109882,Divya,INST-8054,16:30,424.3,32.6,30.4,22.2,62.2,13.9,0,17.5,20.05,92.42,0.79
109883,Divya,INST-6049,20:30,0,18.1,18.7,50.9,51.3,10.7,23.2,1.7,22.18,92.73,0.09
109884,Kumar,INST-1340,5:00,0,31.8,30.9,22.9,44.8,11.8,0,26.8,20.29,93.74,0.04
109885,John,INST-7979,6:15,0,32.5,33.9,59.4,70.9,13.8,24.4,23.1,21.05,94.84,0
109886,Meena,INST-4388,1:00,0,38.7,36.7,93.1,26.4,3.2,23.4,1.3,21.7,93.44,0.15
109887,Ravi,INST-6693,23:00,0,24.5,22.9,57.8,44.7,8.1,22.7,18.6,17.31,96.39,0.14
109888,Priya,INST-3114,0:15,0,18.1,19.2,58,40.8,11.1,21,6.2,22.54,94.87,0.19
109889,Divya,INST-7013,9:15,208.9,31,28.5,82.9,38,12.7,4,25.2,22.7,92.11,0.21
109890,Kumar,INST-7735,16:00,378,26.2,24.3,25.2,54.5,13.6,0,6.4,20.76,94.59,0.85
109891,Ravi,INST-6445,3:15,0,37.3,39,29.7,32.6,9.9,0,25.2,20.84,96.21,0.03
109892,Ravi,INST-7787,23:45,0,29.2,29.2,96.6,45.9,4.1,8.1,23,21.73,98.18,0
109893,Arun,INST-6972,13:00,326.9,43.1,39.7,81.4,52.4,0.6,16.8,14,21.96,98.08,0.55
109894,Divya,INST-4745,3:30,0,29.9,30.7,70.5,59.1,4.5,9.2,18.8,22.53,98.7,0.12
109895,Ravi,INST-4591,23:00,0,32.2,31.7,84.8,61.6,7.1,12.5,26.9,18.68,93.13,0.14
109896,Kumar,INST-7239,22:15,0,34.7,35.8,95.5,43.3,3.5,18.2,3.1,20.07,94.8,0.06
109897,Priya,INST-2896,23:15,0,21,20.9,68.8,70.4,8.2,8.9,8.1,18.86,92.37,0
109898,Priya,INST-6776,22:30,0,34.6,32.6,64.7,71.1,9.7,23.6,21.5,20.91,94.89,0.12
109899,Meena,INST-2392,18:15,0,24.2,25.2,18.7,51.9,7.4,0,4.3,19.57,96.4,0
109900,Arun,INST-8175,9:30,401,24.5,20,55.2,46.7,14.5,4,24.3,20.04,95.22,0.76
109901,Akash,INST-3508,13:45,820.1,33.7,27.7,17.5,74.5,8.6,0,10.6,19.72,96.99,1.42
109902,Priya,INST-6210,2:30,0,24.7,22.8,83,21.3,0.3,21.5,16.7,17.07,94.81,0
109903,John,INST-6151,0:30,0,33.9,32.3,27.2,81.1,9.2,0,2.1,17.82,95.59,0
109904,Meena,INST-3224,6:00,12.3,31.9,32.3,64.1,20.3,6.5,24.3,28.5,21.57,97.68,0.18
109905,Akash,INST-1705,23:30,0,29.6,27.9,82.9,23.1,6.3,15.4,11.4,17.7,95.53,0
109906,Akash,INST-3937,6:15,0,17.7,19,23,49,5.2,0,2.8,21.95,94.49,0.11
109907,Meena,INST-4390,4:15,0,37.3,37.9,30.6,29.5,12.9,0,7.5,20.38,94.24,0.16
109908,Priya,INST-5566,11:15,536.7,43.7,40.9,52,69.6,2.5,10.2,19.4,17.68,98.31,0.86
109909,Ravi,INST-1015,18:45,19,32.2,33.7,87.2,70.3,11.8,18.8,2.2,18.61,97.46,0
109910,Ravi,INST-2909,19:15,0,36.5,38,23.6,60.1,3.5,0,12.3,17.49,96.24,0
109911,Ravi,INST-1450,21:15,0,36.9,36.1,65.4,47.1,12.8,2.3,18.7,17.48,97.32,0.13
109912,Arun,INST-9869,13:00,340.6,23.4,21.5,75.7,52,8.1,12.5,27.9,17.06,92.39,0.33
109913,Arun,INST-1879,20:00,0,29.9,30.7,50.9,63,4.7,16.8,17.5,22.67,93.05,0
109914,Kumar,INST-8853,14:45,367.4,31.9,29.3,66.6,64.4,11.4,22.6,26.4,18.71,96.51,0.77
109915,John,INST-9144,9:00,406.7,44,39.3,50.4,63.9,3.7,24.3,8.7,17.41,92.52,0.79
109916,John,INST-7220,11:00,289.7,39.3,35,82.5,67.3,12.6,22.4,15.3,22.66,94.93,0.54
109917,John,INST-7482,5:15,0,42.5,41.9,64.1,78,6.5,9.2,19.1,21.01,94.47,0
109918,Arun,INST-8246,18:00,0,41.9,41.4,80.2,65.3,12.2,19.4,20.7,19.07,98.44,0
109919,Arun,INST-7128,19:30,0,26.7,26.3,33.3,60,1.2,0,0.3,17.28,92.13,0.06
109920,Divya,INST-8490,22:45,0,22.1,22.7,91.3,38.3,1.9,22.9,16.5,22.68,96.72,0.11
109921,Akash,INST-4718,2:30,0,23.9,24.5,98.9,39.2,9.3,4.3,26.9,19.83,97.05,0.14
109922,Kumar,INST-8834,4:00,0,23.2,22.8,22.4,84.3,2.8,0,7.3,22.15,98.88,0.18
109923,Ravi,INST-7601,5:15,0,37.8,38.8,47,91.5,9.2,9.2,26.6,21.63,93.16,0
109924,Ravi,INST-7717,22:45,0,31.8,32.7,31.1,94.3,2.9,0,4.4,22.91,94.88,0
109925,Meena,INST-3141,10:15,749.7,27.5,21.3,16,59.6,3.8,0,11.1,22.03,95.53,1.38
109926,John,INST-2112,2:45,0,32.6,32,74,24.1,13.9,11.9,13.1,22.89,95.21,0
109927,Kumar,INST-8194,22:30,0,22.3,20.9,53.1,47.3,0.5,1.6,5.1,17.89,96.37,0.04
109928,Divya,INST-5910,12:00,717.8,28.5,21,34.5,33.8,5.6,0,25.8,18.86,97.99,1.3
109929,Arun,INST-7931,16:30,318.1,38,36,44.4,44.7,10.8,18.8,0.1,20.86,94.83,0.78
109930,Priya,INST-4629,20:00,0,24.8,23.5,90.5,63.5,1.1,7.7,22.4,22.41,92.7,0.11
109931,Arun,INST-1978,9:45,704.6,44.9,39.5,0.9,26.3,2.7,0,8.1,22.87,96.4,1.45
109932,Meena,INST-9920,13:00,755.6,40,34.1,25.3,76.3,11,0,4.7,18.06,95.13,1.16
109933,John,INST-2335,8:15,454.5,44.6,39.3,7.7,50.8,13.9,0,18.3,20.43,92.73,0.72
109934,Meena,INST-1660,4:00,0,24.9,25.3,32.6,36.1,13.4,0,17.5,22.08,98.52,0
109935,Divya,INST-9037,22:45,0,37.3,38.5,98.8,40.7,4.1,10.7,10.4,22.05,96.81,0
109936,Akash,INST-9029,18:00,0,28.5,29.8,4.8,63.4,1.9,0,11.9,20.86,97.32,0
109937,Ravi,INST-4587,13:15,276.4,40,37.8,86.1,27.8,10.5,11.2,15,21.38,97.84,0.72
109938,Akash,INST-4402,12:00,554.8,35.6,31.4,51.9,75.7,0.4,22.9,9.7,17.34,92.71,0.83
109939,Akash,INST-8858,23:30,0,29.3,29,56.2,84.8,0.2,15.7,23.8,21.01,93.36,0
109940,Meena,INST-3169,22:30,0,35.5,36.3,45.6,37.5,13.9,14.5,9,18.03,95.93,0.12
109941,Meena,INST-8952,4:45,0,41,40.4,70.2,52.3,4,22.6,18.4,22.49,94.01,0
109942,Priya,INST-4312,14:30,640.1,39.6,36.2,31.6,58.2,5.3,0,24.8,19.19,92.86,0.85
109943,John,INST-9227,0:00,0,38.5,39.8,79.1,30.7,2.7,23.3,7,20.76,97.95,0.08
109944,John,INST-3908,17:15,112.8,28.7,25.8,73.9,48.7,13.8,2.5,7.3,17.96,98.09,0.16
109945,Divya,INST-2575,19:30,0,23.6,23.2,67.8,57.9,1.9,0.2,21,21.02,96.34,0.14
109946,Priya,INST-5450,4:30,0,28,26.7,53.5,63.7,7.4,21.7,10.7,20.62,93.26,0
109947,Kumar,INST-1107,1:15,0,42.5,41.7,50.6,90.7,9.6,8.5,12.8,17.78,95.24,0.02
109948,Meena,INST-8356,1:30,0,18.9,20.6,84.5,43.3,12.5,22.9,26.9,17.48,97.53,0.19
109949,John,INST-4194,14:45,257.8,24.9,24.2,81.6,63.7,14.6,14.4,28.8,17.86,97.94,0.25
109950,Divya,INST-1923,10:15,399,36.1,32.3,62.3,26.2,5.2,23.7,19.9,22.38,96.47,0.87
109951,John,INST-5314,15:15,611.1,41.8,35.6,13.4,27.6,11.7,0,15.9,19.09,95.25,1.21
109952,John,INST-6538,14:45,551.8,41.6,38.3,42.4,60.8,13.6,10.7,1.2,22.98,94.85,1.27
109953,Akash,INST-8619,13:00,899.2,44.3,37.3,5.9,50.1,10,0,28.9,17.15,93.14,1.42
109954,Meena,INST-1596,5:00,0,35.3,36.9,49.2,43.1,6.7,15.1,23.7,20.47,98.38,0.01
109955,John,INST-3701,11:30,449,42.7,39.8,63.2,89.7,0.9,3.7,17.5,22.45,98.83,0.88
109956,Divya,INST-3572,6:00,12.8,31.1,29.5,83.8,67.5,13.2,18.6,23.8,20.78,94.83,0.09
109957,Arun,INST-7647,22:00,0,36,35.4,34.9,42.7,12.4,0,4.8,22.14,98.12,0
109958,Divya,INST-9597,20:00,0,31.5,32.6,36.5,33.4,13.6,0,1.2,20.64,93.58,0.08
109959,Meena,INST-9063,3:45,0,26.1,25.7,35.4,59.8,6.5,0,29.2,22.63,94.59,0
109960,John,INST-1257,10:15,404.8,24.9,21.8,64.5,92.5,3.1,23.3,9.2,18.62,96.53,0.67
109961,Kumar,INST-5596,23:00,0,33.6,34.6,51,30.3,12.5,17.1,7.4,17.82,92.09,0
109962,Meena,INST-4902,1:00,0,34.9,34.7,42.4,69.8,9.9,19.1,27,18.02,98.45,0.03
109963,Priya,INST-8230,18:45,0.9,39.7,38.7,25.7,81.2,4.4,0,4.5,21.61,93.12,0
109964,Priya,INST-8714,10:30,370.2,23.7,20.1,68.5,91.7,7.6,24.4,12.8,19.05,93.64,0.44
109965,Divya,INST-1532,2:30,0,37.7,39.1,78,67,3.6,17.9,6.5,17.35,97.35,0
109966,John,INST-8871,7:45,179.5,42.3,41,43,74,5,20.5,16.2,17.62,97.68,0.43
109967,Arun,INST-2574,1:15,0,38.4,37.4,88.2,58.3,4.6,22.6,19,20.14,96.31,0.13
109968,Divya,INST-1210,8:15,319.3,40.4,37.4,45.5,71.5,0.2,19.7,7.1,21.23,95.61,0.53
109969,Ravi,INST-7888,4:30,0,34.2,33,74.1,87.2,8.1,12.4,26.8,19.46,94.82,0
109970,John,INST-2680,21:15,0,39.9,41.7,23.4,94.3,12.4,0,26.7,18.79,96.88,0.1
109971,Meena,INST-5607,9:45,218,34.6,30.8,85.9,37,11.4,6.7,2.3,21.93,95.43,0.43
109972,Divya,INST-4315,13:15,626.4,38.2,32.7,42.7,81,5,8.6,20.8,18.88,96.58,1.16
109973,Akash,INST-1769,6:15,0,23,23.9,4.5,35.7,4.8,0,21.9,21.74,96.84,0.03
109974,Arun,INST-1166,0:15,0,41.8,40.4,99.5,32.3,11.7,23.7,13.9,17.44,95.66,0.13
109975,Meena,INST-8080,13:00,758.5,31,25.5,27.1,42.4,13.8,0,21.6,19.53,92.26,1.13
109976,Arun,INST-9884,10:00,405.3,21.6,18.1,61.6,91.8,3.3,17.2,22.3,19.34,95.84,0.6
109977,Kumar,INST-2542,17:30,218.2,31.2,27.5,15.5,61.7,8.7,0,20.4,19.55,96.67,0.55
109978,John,INST-3894,12:00,396.5,22.8,19.6,70.7,68.3,6.1,15.3,27.3,20.08,98.3,0.5
109979,Kumar,INST-7704,18:45,0,39.2,37.9,3.4,50.1,0.8,0,26.8,20.82,95.63,0.13
109980,Divya,INST-6093,15:45,248.6,32.7,29.6,77.4,77.6,12.5,8.6,29.5,19.44,93.56,0.31
109981,Ravi,INST-2014,4:45,0,21.8,20.9,39.2,60.1,9.2,0,0.1,20.45,92.87,0
109982,Ravi,INST-4023,16:15,385.4,23,20.7,30.1,38.6,10.9,0,22.5,22.93,98.79,0.79
109983,Priya,INST-9150,16:30,234.3,44.4,41.5,62.4,37,15,12.2,9,21.39,94.28,0.32
109984,Ravi,INST-1244,2:15,0,30.2,29.8,67.3,38.4,4.6,9.3,21.3,19.91,94.73,0
109985,Arun,INST-9688,23:15,0,42.3,41.2,43.5,37.6,9,17.5,7.9,20.92,92.28,0
109986,Priya,INST-8382,1:15,0,41.2,39.9,66.8,77.2,8.8,18.3,11.6,20.98,94.15,0.18
109987,Kumar,INST-9026,16:00,442.2,26,22.1,10.3,77.9,11.1,0,6.3,22.1,96.4,1.06
109988,John,INST-6810,5:30,0,37.7,39.1,37.1,65.3,6.7,0,2.1,19.27,98.21,0.04
109989,Arun,INST-2433,0:15,0,27.2,26.4,80,51.9,4.6,9.7,3.8,18.99,93.2,0
109990,John,INST-8492,16:45,357.7,36.1,34.1,36.8,74.3,12.2,0,3.1,18.92,92.73,0.62
109991,Meena,INST-8476,11:45,637.2,40.9,37.3,39.2,66.7,7.1,0,18.3,19.35,95.46,0.9
109992,Arun,INST-1952,17:45,103.7,38.6,38.8,72.2,74.7,8.6,5.4,23.8,22.13,95.23,0.38
109993,John,INST-4715,16:45,335.9,41.6,40.1,35.6,58.3,9.8,0,26.2,22.51,94.43,0.64
109994,Ravi,INST-4522,22:15,0,27,28.9,85.2,73.5,9.4,8.5,17.7,19.62,93.25,0
109995,Priya,INST-3359,16:00,390.3,41.2,37.8,31,25.8,1.8,0,19.7,20.76,94.71,0.71
109996,John,INST-6772,12:15,385.6,39.9,38,75.2,27.8,14.2,13.4,17.6,17.4,96.52,0.53
109997,Akash,INST-5993,4:15,0,34.6,35.9,66.8,92.9,7,18.9,2.8,18.5,92.03,0
109998,Ravi,INST-2405,7:15,134.7,30.3,30.8,60.5,91.7,4.6,9.5,8,19.47,97.39,0.37
109999,Kumar,INST-1060,5:30,0,41.2,39.5,98.2,70.1,10.4,2.3,23.5,19.41,93.75,0.03
110000,John,INST-5243,13:15,588.2,36.2,30.4,48.2,35.4,11.9,3.3,26,21.08,94.08,0.85
